order_id,order_date,category,region,segment,units,price,revenue,cost,profit
1,2024-10-10,Техника,Москва,Потребитель,11.0,263.3,2896.3,1961.25,935.05
2,2023-11-19,Канцелярия,Самара,Потребитель,13.0,437.75,5690.75,3491.08,2199.67
3,2023-04-02,Офис,Екатеринбург,Потребитель,16.0,164.23,2627.68,1600.52,1027.16
4,2023-04-08,Дом и сад,Новосибирск,Потребитель,16.0,667.27,10676.32,7650.34,3025.98
5,2024-02-09,Техника,Екатеринбург,Потребитель,22.0,199.02,4378.44,2633.23,1745.21
6,2024-03-13,Канцелярия,Москва,Мелкий опт,21.0,230.56,4841.76,3454.19,1387.57
7,2023-12-25,Офис,Москва,Потребитель,4.0,364.85,1459.4,1141.4,318.0
8,2023-01-30,Дом и сад,Москва,Мелкий опт,9.0,128.32,1154.88,748.16,406.72
9,2024-10-03,Техника,Москва,Корпоратив,4.0,447.14,1788.56,1227.14,561.42
10,2024-07-25,Дом и сад,Самара,Потребитель,11.0,553.4,6087.4,3559.78,2527.62
11,2023-07-11,Офис,Екатеринбург,Потребитель,6.0,466.15,2796.9,1704.0,1092.9
12,2023-08-01,Канцелярия,Москва,Потребитель,6.0,379.61,2277.66,1482.45,795.21
13,2023-08-13,Техника,Новосибирск,Потребитель,3.0,468.61,1405.83,994.77,411.06
14,2023-01-07,Техника,Самара,Потребитель,0.0,517.13,0.0,0.0,0.0
15,2024-12-05,Техника,Новосибирск,Потребитель,23.0,572.9,13176.7,7583.66,5593.04
16,2023-07-10,Дом и сад,Екатеринбург,Мелкий опт,39.0,759.67,-1.0,21399.19,8227.94
17,2023-08-04,Канцелярия,Самара,Мелкий опт,5.0,647.81,3239.05,2259.94,979.11
18,2023-12-19,Дом и сад,Екатеринбург,Корпоратив,7.0,172.57,1207.99,884.19,323.8
19,2023-02-10,Офис,Екатеринбург,Потребитель,2.0,166.89,333.78,253.0,80.78
20,2023-12-14,Офис,Новосибирск,Мелкий опт,15.0,745.71,11185.65,8651.12,2534.53
21,2023-09-05,Канцелярия,Новосибирск,Потребитель,4.0,109.32,437.28,321.94,115.34
22,2024-09-09,Техника,Самара,Потребитель,8.0,144.24,1153.92,726.34,427.58
23,2023-01-19,Дом и сад,Москва,Потребитель,2.0,430.53,861.06,494.13,366.93
24,2024-09-23,Офис,Новосибирск,Мелкий опт,8.0,696.57,5572.56,4020.93,1551.63
25,2024-09-09,Канцелярия,Самара,Потребитель,10.0,97.56,975.6,645.8,329.8
26,2023-07-25,Дом и сад,Екатеринбург,Потребитель,37.0,1038.15,38411.55,21751.2,16660.35
27,2024-11-09,Канцелярия,Новосибирск,Потребитель,4.0,337.63,1350.52,966.49,384.03
28,2023-12-07,Офис,Новосибирск,Потребитель,7.0,340.89,2386.23,1320.41,1065.82
29,2024-09-11,Мебель,Санкт-Петербург,Корпоратив,24.0,250.35,6008.4,4076.71,1931.69
30,2024-02-01,Дом и сад,Самара,Мелкий опт,4.0,1183.63,4734.52,2644.37,2090.15
31,2023-09-25,Офис,Москва,Корпоратив,32.0,300.81,9625.92,6884.49,2741.43
32,2024-02-06,Офис,Санкт-Петербург,Мелкий опт,10.0,882.43,8824.3,6917.53,1906.77
33,2023-10-31,Офис,Самара,Мелкий опт,97.0,152.48,14790.56,9798.85,4991.71
34,2024-12-20,Канцелярия,Самара,Потребитель,4.0,220.01,880.04,530.87,349.17
35,2023-09-18,Техника,Самара,Корпоратив,18.0,459.57,8272.26,5103.31,3168.95
36,2023-09-02,Офис,Новосибирск,Потребитель,10.0,734.87,7348.7,4497.17,2851.53
37,2023-03-09,Мебель,Санкт-Петербург,Корпоратив,14.0,335.73,4700.22,2872.27,1827.95
38,2024-09-15,Техника,Санкт-Петербург,Потребитель,17.0,1345.33,22870.61,17924.18,4946.43
39,2024-10-07,Офис,Екатеринбург,Корпоратив,8.0,1043.34,8346.72,5375.62,2971.1
40,2024-09-14,Техника,Санкт-Петербург,Потребитель,5.0,900.08,4500.4,3306.25,1194.15
41,2024-06-02,Техника,Самара,Потребитель,13.0,124.11,1613.43,1088.95,524.48
42,2024-07-20,Офис,Самара,Потребитель,14.0,89.61,1254.54,731.88,522.66
43,2024-08-06,Офис,Екатеринбург,Потребитель,5.0,1800.39,9001.95,7136.58,1865.37
44,2023-09-06,Дом и сад,Санкт-Петербург,Потребитель,20.0,147.11,2942.2,1782.92,1159.28
45,2023-03-24,Дом и сад,Екатеринбург,Корпоратив,8.0,82.2,657.6,441.62,215.98
46,2024-03-27,Офис,Екатеринбург,Потребитель,15.0,1077.25,16158.75,11513.57,4645.18
47,2024-08-23,Техника,Екатеринбург,Корпоратив,48.0,1480.13,71046.24,42514.3,28531.94
48,2023-02-05,Офис,Санкт-Петербург,Потребитель,3.0,105.92,317.76,218.0,99.76
49,2023-11-19,Дом и сад,Екатеринбург,Потребитель,3.0,416.13,1248.39,861.19,387.2
50,2024-09-13,Канцелярия,Новосибирск,Корпоратив,,1931.39,3862.78,2873.44,989.34
51,2023-09-25,Офис,Новосибирск,Потребитель,2.0,182.48,364.96,202.42,162.54
52,2023-02-26,Канцелярия,Самара,Потребитель,3.0,378.65,1135.95,836.69,299.26
53,2024-08-10,Канцелярия,Самара,Потребитель,12.0,494.83,5937.96,3818.39,2119.57
54,2023-08-17,Офис,Екатеринбург,Потребитель,7.0,338.66,2370.62,1465.24,905.38
55,2024-10-11,Канцелярия,Самара,Потребитель,23.0,522.74,12023.02,8688.58,3334.44
56,2023-11-28,Техника,Новосибирск,Потребитель,9.0,183.82,1654.38,1194.52,459.86
57,2024-11-30,Дом и сад,Санкт-Петербург,Потребитель,30.0,323.21,9696.3,7605.54,2090.76
58,2023-05-02,Дом и сад,Екатеринбург,Потребитель,4.0,645.12,2580.48,1765.72,814.76
59,2023-02-03,Мебель,Москва,Мелкий опт,11.0,93.18,1024.98,699.12,325.86
60,2023-06-06,Мебель,Новосибирск,Потребитель,32.0,374.64,11988.48,7980.54,4007.94
61,2023-09-18,Дом и сад,Москва,Мелкий опт,2.0,488.16,976.32,777.5,198.82
62,2023-05-25,Дом и сад,Екатеринбург,Потребитель,7.0,1830.87,12816.09,8768.28,4047.81
63,2024-05-23,Офис,Москва,Потребитель,10.0,300.99,3009.9,2165.78,844.12
64,2024-05-09,Канцелярия,Москва,Корпоратив,55.0,443.46,24390.3,16828.05,7562.25
65,2024-09-18,Дом и сад,Москва,Потребитель,10.0,997.6,9976.0,7657.34,2318.66
66,2023-08-31,Дом и сад,Самара,Мелкий опт,45.0,269.23,12115.35,7469.73,4645.62
67,2024-12-30,Офис,Самара,Корпоратив,15.0,479.52,7192.8,5445.08,1747.72
68,2024-05-30,Техника,Санкт-Петербург,Потребитель,7.0,94.93,664.51,406.55,257.96
69,2023-08-22,Офис,Екатеринбург,Потребитель,14.0,400.77,5610.78,3545.2,2065.58
70,2024-06-03,Канцелярия,Москва,Потребитель,5.0,318.77,1593.85,920.49,673.36
71,2024-12-14,Дом и сад,Санкт-Петербург,Мелкий опт,6.0,523.35,3140.1,2323.65,816.45
72,2023-03-13,Офис,Санкт-Петербург,Потребитель,31.0,268.05,8309.55,5508.72,2800.83
73,2024-10-13,Мебель,Новосибирск,Потребитель,7.0,492.82,3449.74,1906.33,1543.41
74,2024-10-30,Офис,Новосибирск,Потребитель,43.0,612.64,26343.52,18979.72,7363.8
75,2023-05-16,Мебель,Самара,Корпоратив,2.0,184.29,368.58,271.28,97.3
76,2024-12-03,Канцелярия,Москва,Корпоратив,10.0,1061.34,10613.4,5842.97,4770.43
77,2023-04-30,Офис,Москва,Потребитель,10.0,786.66,7866.6,5496.16,2370.44
78,2024-11-30,Мебель,Екатеринбург,Потребитель,56.0,470.92,26371.52,15906.04,10465.48
79,2024-01-02,Дом и сад,Санкт-Петербург,Потребитель,6.0,1145.61,6873.66,4904.37,1969.29
80,2024-12-07,Офис,Самара,Корпоратив,6.0,1545.91,9275.46,5271.49,4003.97
81,2023-10-31,Офис,Екатеринбург,Мелкий опт,4.0,355.04,1420.16,956.91,463.25
82,2024-08-27,Техника,Самара,Потребитель,16.0,342.31,5476.96,3735.62,1741.34
83,2023-05-17,Офис,Самара,Потребитель,5.0,786.41,3932.05,2242.1,1689.95
84,2024-02-14,Мебель,Самара,Корпоратив,19.0,733.38,13934.22,11076.15,2858.07
85,2024-12-30,Дом и сад,Москва,Корпоратив,37.0,903.28,33421.36,23726.27,9695.09
86,2024-12-15,Канцелярия,Новосибирск,Корпоратив,29.0,142.05,4119.45,2563.93,1555.52
87,2023-10-13,Офис,Санкт-Петербург,Потребитель,5.0,92.71,463.55,322.96,140.59
88,2024-10-21,Дом и сад,Екатеринбург,Мелкий опт,,174.01,7308.42,5375.89,1932.53
89,2024-09-06,Дом и сад,Санкт-Петербург,Мелкий опт,3.0,1687.39,5062.17,3237.52,1824.65
90,2024-04-10,Техника,Самара,Мелкий опт,15.0,395.79,5936.85,3430.49,2506.36
91,2023-03-09,Техника,Москва,Мелкий опт,2.0,434.3,868.6,684.72,183.88
92,2023-04-08,Дом и сад,Новосибирск,Потребитель,37.0,134.01,4958.37,3856.48,1101.89
93,2023-12-15,Техника,Санкт-Петербург,Корпоратив,5.0,118.29,591.45,347.85,243.6
94,2023-09-12,Мебель,Москва,Потребитель,7.0,361.47,2530.29,1940.06,590.23
95,2024-11-20,Канцелярия,Екатеринбург,Потребитель,6.0,450.87,2705.22,1556.56,1148.66
96,2024-06-07,Техника,Новосибирск,Потребитель,27.0,515.2,13910.4,10053.62,3856.78
97,2023-08-09,Дом и сад,Санкт-Петербург,Корпоратив,1.0,512.74,512.74,282.68,230.06
98,2023-01-30,Дом и сад,Москва,Корпоратив,12.0,252.26,3027.12,2157.8,869.32
99,2024-09-19,Дом и сад,Екатеринбург,Потребитель,29.0,105.58,3061.82,1981.01,1080.81
100,2024-06-25,Дом и сад,Екатеринбург,Потребитель,26.0,576.76,14995.76,11243.52,3752.24
101,2023-08-18,Офис,Новосибирск,Потребитель,4.0,377.48,1509.92,1103.48,406.44
102,2024-03-31,Канцелярия,Москва,Мелкий опт,2.0,143.63,287.26,171.47,115.79
103,2023-01-15,Канцелярия,Новосибирск,Потребитель,173.0,350.68,60667.64,33740.4,26927.24
104,2023-10-21,Офис,Новосибирск,Потребитель,1.0,451.82,451.82,273.18,178.64
105,2023-03-16,Техника,Самара,Корпоратив,5.0,1276.13,6380.65,4530.42,1850.23
106,2024-04-25,Офис,Новосибирск,Потребитель,8.0,306.53,2452.24,1836.86,615.38
107,2024-11-30,Дом и сад,Новосибирск,Мелкий опт,16.0,649.59,10393.44,6727.27,3666.17
108,2023-05-01,Дом и сад,Самара,Потребитель,2.0,555.88,1111.76,654.6,457.16
109,2024-08-07,Дом и сад,Екатеринбург,Мелкий опт,7.0,486.91,3408.37,2550.82,857.55
110,2023-04-16,Офис,Москва,Потребитель,16.0,246.44,3943.04,3061.05,881.99
111,2023-10-27,Мебель,Санкт-Петербург,Корпоратив,3.0,603.54,1810.62,1166.59,644.03
112,2024-03-17,Канцелярия,Самара,Потребитель,4.0,425.93,1703.72,1189.08,514.64
113,2023-08-22,Дом и сад,Екатеринбург,Корпоратив,,302.46,5444.28,3022.78,2421.5
114,2024-12-24,Техника,Самара,Корпоратив,3.0,284.93,854.79,538.51,316.28
115,2024-07-19,Канцелярия,Санкт-Петербург,Потребитель,25.0,400.34,10008.5,5980.06,4028.44
116,2023-10-07,Техника,Санкт-Петербург,Потребитель,27.0,126.7,3420.9,2273.18,1147.72
117,2024-09-29,Офис,Новосибирск,Потребитель,2.0,226.98,453.96,362.95,91.01
118,2024-11-25,Техника,Самара,Потребитель,21.0,500.24,10505.04,7280.03,3225.01
119,2023-12-27,Дом и сад,Москва,Потребитель,11.0,519.7,5716.7,4559.02,1157.68
120,2024-12-31,Техника,Санкт-Петербург,Мелкий опт,8.0,813.19,6505.52,4345.19,2160.33
121,2024-08-07,Канцелярия,Екатеринбург,Потребитель,26.0,759.13,19737.38,11946.36,7791.02
122,2023-07-30,Техника,Москва,Корпоратив,6.0,269.61,1617.66,1169.44,448.22
123,2023-04-09,Канцелярия,Санкт-Петербург,Мелкий опт,5.0,618.7,3093.5,2176.17,917.33
124,2023-08-17,Техника,Екатеринбург,Потребитель,6.0,313.77,1882.62,1357.76,524.86
125,2023-10-30,Офис,Самара,Потребитель,8.0,284.75,2278.0,1601.83,676.17
126,2023-12-11,Канцелярия,Санкт-Петербург,Мелкий опт,10.0,1222.68,12226.8,6922.76,5304.04
127,2024-08-08,Канцелярия,Новосибирск,Корпоратив,43.0,1355.1,58269.3,33165.16,25104.14
128,2024-11-09,Дом и сад,Екатеринбург,Потребитель,8.0,1334.64,10677.12,6501.5,4175.62
129,2024-05-12,Дом и сад,Самара,Потребитель,2.0,296.09,592.18,384.35,207.83
130,2023-09-22,Офис,Екатеринбург,Потребитель,34.0,427.05,14519.7,9794.03,4725.67
131,2024-12-03,Канцелярия,Екатеринбург,Потребитель,8.0,917.18,-1.0,4511.25,2826.19
132,2024-04-01,Техника,Самара,Корпоратив,9.0,177.19,1594.71,1002.16,592.55
133,2024-02-25,Техника,Москва,Мелкий опт,5.0,176.98,884.9,583.54,301.36
134,2023-09-17,Мебель,Самара,Потребитель,3.0,295.13,885.39,516.89,368.5
135,2023-12-25,Дом и сад,Екатеринбург,Потребитель,53.0,251.4,13324.2,9374.28,3949.92
136,2024-07-27,Канцелярия,Новосибирск,Потребитель,2.0,770.92,1541.84,879.53,662.31
137,2024-12-19,Дом и сад,Екатеринбург,Потребитель,3.0,1682.15,5046.45,3997.17,1049.28
138,2023-07-01,Дом и сад,Екатеринбург,Потребитель,3.0,1238.22,3714.66,2856.68,857.98
139,2023-12-16,Техника,Москва,Корпоратив,13.0,486.67,6326.71,4467.88,1858.83
140,2024-12-09,Дом и сад,Самара,Потребитель,3.0,238.56,715.68,495.7,219.98
141,2023-08-27,Дом и сад,Москва,Мелкий опт,3.0,231.5,694.5,389.62,304.88
142,2023-01-26,Техника,Самара,Потребитель,2.0,333.19,666.38,416.64,249.74
143,2023-04-13,Офис,Москва,Потребитель,14.0,144.8,2027.2,1465.56,561.64
144,2024-08-27,Офис,Санкт-Петербург,Мелкий опт,2.0,309.29,618.58,459.85,158.73
145,2023-10-15,Дом и сад,Москва,Корпоратив,3.0,848.81,2546.43,1582.39,964.04
146,2023-12-31,Офис,Новосибирск,Потребитель,17.0,808.72,13748.24,7617.55,6130.69
147,2024-06-20,Дом и сад,Новосибирск,Потребитель,29.0,485.83,14089.07,8690.28,5398.79
148,2023-05-26,Дом и сад,Самара,Корпоратив,19.0,624.5,11865.5,7614.03,4251.47
149,2024-07-23,Канцелярия,Москва,Корпоратив,10.0,265.72,2657.2,1531.51,1125.69
150,2024-06-20,Мебель,Екатеринбург,Потребитель,12.0,604.96,7259.52,4622.73,2636.79
151,2023-10-20,Мебель,Новосибирск,Потребитель,8.0,139.02,1112.16,624.73,487.43
152,2023-11-08,Дом и сад,Москва,Корпоратив,10.0,511.9,5119.0,2925.55,2193.45
153,2024-12-02,Канцелярия,Екатеринбург,Потребитель,33.0,1470.15,48514.95,31974.67,16540.28
154,2023-09-06,Дом и сад,Новосибирск,Потребитель,3.0,1009.69,3029.07,1919.35,1109.72
155,2023-02-24,Дом и сад,Москва,Корпоратив,2.0,97.17,194.34,143.09,51.25
156,2024-11-06,Канцелярия,Екатеринбург,Мелкий опт,1.0,116.08,116.08,65.95,50.13
157,2023-07-10,Мебель,Екатеринбург,Потребитель,,259.02,5957.46,3818.99,2138.47
158,2023-07-28,Канцелярия,Самара,Корпоратив,8.0,405.75,3246.0,2087.85,1158.15
159,2023-08-17,Офис,Самара,Потребитель,9.0,364.02,3276.18,1854.72,1421.46
160,2023-07-01,Офис,Екатеринбург,Потребитель,20.0,726.79,14535.8,8578.11,5957.69
161,2023-05-13,Дом и сад,Москва,Корпоратив,15.0,1280.17,19202.55,15358.42,3844.13
162,2023-08-15,Офис,Москва,Потребитель,,147.86,5027.24,3062.81,1964.43
163,2024-01-19,Дом и сад,Самара,Корпоратив,39.0,644.55,25137.45,19127.12,6010.33
164,2024-11-18,Дом и сад,Самара,Корпоратив,17.0,452.79,7697.43,5708.43,1989.0
165,2023-01-29,Мебель,Самара,Потребитель,23.0,302.97,6968.31,4491.69,2476.62
166,2023-09-17,Техника,Екатеринбург,Потребитель,4.0,447.72,1790.88,1381.47,409.41
167,2024-03-14,Канцелярия,Москва,Потребитель,10.0,836.45,8364.5,4759.62,3604.88
168,2024-12-05,Офис,Новосибирск,Потребитель,3.0,161.32,483.96,316.66,167.3
169,2023-11-25,Дом и сад,Москва,Потребитель,11.0,572.11,6293.21,4215.85,2077.36
170,2023-04-29,Дом и сад,Москва,Мелкий опт,15.0,716.56,10748.4,7232.13,3516.27
171,2023-12-21,Канцелярия,Самара,Корпоратив,7.0,1125.14,7875.98,5244.97,2631.01
172,2023-11-14,Техника,Санкт-Петербург,Мелкий опт,5.0,332.74,1663.7,1217.78,445.92
173,2023-11-24,Дом и сад,Самара,Потребитель,28.0,930.55,26055.4,18548.28,7507.12
174,2023-03-26,Офис,Санкт-Петербург,Корпоратив,18.0,260.22,4683.96,3498.64,1185.32
175,2024-09-01,Техника,Санкт-Петербург,Потребитель,2.0,414.62,829.24,580.41,248.83
176,2024-09-26,Канцелярия,Самара,Потребитель,4.0,738.25,2953.0,1977.37,975.63
177,2024-06-17,Дом и сад,Екатеринбург,Потребитель,40.0,237.27,9490.8,5856.9,3633.9
178,2024-12-06,Техника,Санкт-Петербург,Корпоратив,9.0,605.35,-1.0,3479.15,1969.0
179,2023-02-20,Дом и сад,Москва,Потребитель,1.0,304.46,304.46,200.42,104.04
180,2023-11-12,Офис,Москва,Потребитель,4.0,429.9,1719.6,1093.6,626.0
181,2024-12-16,Техника,Самара,Корпоратив,8.0,423.74,3389.92,2347.28,1042.64
182,2024-09-17,Офис,Санкт-Петербург,Потребитель,26.0,1465.1,38092.6,24893.9,13198.7
183,2024-03-25,Канцелярия,Санкт-Петербург,Потребитель,3.0,504.47,1513.41,1157.79,355.62
184,2024-11-28,Дом и сад,Екатеринбург,Мелкий опт,23.0,291.08,6694.84,3870.9,2823.94
185,2024-05-29,Техника,Екатеринбург,Корпоратив,16.0,595.42,9526.72,5267.95,4258.77
186,2024-06-14,Дом и сад,Санкт-Петербург,Корпоратив,20.0,463.54,9270.8,5872.81,3397.99
187,2024-08-03,Техника,Екатеринбург,Мелкий опт,16.0,506.83,8109.28,5103.7,3005.58
188,2023-02-14,Офис,Санкт-Петербург,Потребитель,2.0,1028.19,2056.38,1164.46,891.92
189,2023-01-16,Мебель,Самара,Корпоратив,10.0,1260.92,12609.2,7666.07,4943.13
190,2023-04-23,Техника,Москва,Потребитель,32.0,631.63,-1.0,11859.19,8352.97
191,2024-01-12,Офис,Самара,Потребитель,18.0,144.08,2593.44,1569.51,1023.93
192,2024-06-15,Офис,Москва,Корпоратив,6.0,415.71,2494.26,1972.61,521.65
193,2023-03-11,Дом и сад,Санкт-Петербург,Потребитель,2.0,170.04,340.08,257.93,82.15
194,2023-02-19,Канцелярия,Самара,Корпоратив,2.0,552.47,1104.94,748.47,356.47
195,2023-01-26,Техника,Екатеринбург,Корпоратив,26.0,183.66,4775.16,3211.24,1563.92
196,2024-04-30,Мебель,Санкт-Петербург,Потребитель,4.0,631.85,2527.4,1673.4,854.0
197,2023-03-07,Техника,Москва,Потребитель,8.0,430.36,3442.88,2345.36,1097.52
198,2023-12-06,Мебель,Санкт-Петербург,Мелкий опт,3.0,863.99,2591.97,1570.53,1021.44
199,2023-12-10,Офис,Москва,Мелкий опт,0.0,241.6,0.0,0.0,0.0
200,2024-05-27,Канцелярия,Москва,Корпоратив,10.0,319.8,3198.0,2003.8,1194.2
201,2023-05-10,Канцелярия,Москва,Мелкий опт,,856.18,5993.26,3570.2,2423.06
202,2023-02-03,Офис,Новосибирск,Потребитель,6.0,289.55,1737.3,1320.17,417.13
203,2024-12-09,Мебель,Новосибирск,Мелкий опт,4.0,727.08,2908.32,2276.59,631.73
204,2023-07-11,Техника,Самара,Потребитель,52.0,267.48,13908.96,8609.34,5299.62
205,2024-04-18,Дом и сад,Москва,Корпоратив,2.0,463.47,926.94,540.01,386.93
206,2023-06-04,Мебель,Санкт-Петербург,Потребитель,48.0,622.22,29866.56,22503.35,7363.21
207,2024-03-20,Офис,Екатеринбург,Потребитель,14.0,1054.17,14758.38,10702.12,4056.26
208,2023-06-09,Офис,Новосибирск,Потребитель,10.0,324.09,3240.9,2285.99,954.91
209,2024-03-26,Дом и сад,Екатеринбург,Корпоратив,3.0,184.37,553.11,421.76,131.35
210,2024-03-06,Канцелярия,Санкт-Петербург,Потребитель,4.0,480.57,1922.28,1244.98,677.3
211,2023-08-29,Офис,Санкт-Петербург,Корпоратив,20.0,260.56,5211.2,3767.9,1443.3
212,2023-04-20,Канцелярия,Самара,Потребитель,32.0,223.81,7161.92,5588.37,1573.55
213,2023-05-06,Офис,Екатеринбург,Корпоратив,2.0,78.87,157.74,119.76,37.98
214,2024-08-27,Техника,Москва,Мелкий опт,28.0,73.32,2052.96,1208.32,844.64
215,2023-11-09,Дом и сад,Санкт-Петербург,Мелкий опт,7.0,1049.22,7344.54,5356.23,1988.31
216,2024-08-30,Дом и сад,Самара,Потребитель,29.0,1334.96,38713.84,21317.79,17396.05
217,2023-05-13,Офис,Екатеринбург,Потребитель,1.0,437.64,437.64,318.34,119.3
218,2024-01-04,Дом и сад,Самара,Потребитель,10.0,2329.55,23295.5,15387.26,7908.24
219,2024-05-18,Дом и сад,Санкт-Петербург,Мелкий опт,4.0,456.65,1826.6,1365.93,460.67
220,2023-08-09,Дом и сад,Москва,Корпоратив,8.0,162.65,1301.2,1026.33,274.87
221,2023-09-16,Техника,Санкт-Петербург,Потребитель,9.0,332.02,2988.18,2303.95,684.23
222,2023-12-04,Дом и сад,Санкт-Петербург,Корпоратив,7.0,186.68,1306.76,843.15,463.61
223,2024-05-07,Мебель,Новосибирск,Потребитель,4.0,197.27,789.08,552.99,236.09
224,2024-07-04,Офис,Самара,Потребитель,4.0,1800.13,7200.52,4459.77,2740.75
225,2024-12-06,Мебель,Екатеринбург,Потребитель,14.0,384.64,5384.96,3776.0,1608.96
226,2023-11-05,Дом и сад,Москва,Мелкий опт,8.0,626.38,5011.04,3296.68,1714.36
227,2023-05-04,Офис,Новосибирск,Потребитель,7.0,227.01,1589.07,880.97,708.1
228,2024-12-25,Канцелярия,Самара,Потребитель,11.0,247.91,2727.01,2068.11,658.9
229,2023-04-10,Офис,Самара,Мелкий опт,20.0,92.88,1857.6,1266.38,591.22
230,2024-07-28,Дом и сад,Москва,Мелкий опт,3.0,995.5,2986.5,2317.29,669.21
231,2023-06-02,Офис,Самара,Корпоратив,6.0,135.48,812.88,548.93,263.95
232,2023-01-28,Офис,Екатеринбург,Потребитель,2.0,401.61,-1.0,583.88,219.34
233,2023-05-23,Мебель,Москва,Корпоратив,2.0,361.87,723.74,432.09,291.65
234,2023-03-26,Канцелярия,Екатеринбург,Потребитель,4.0,782.47,3129.88,2062.41,1067.47
235,2024-08-20,Канцелярия,Москва,Корпоратив,38.0,599.35,22775.3,14363.53,8411.77
236,2023-06-29,Дом и сад,Санкт-Петербург,Корпоратив,2.0,161.19,322.38,230.04,92.34
237,2024-03-24,Офис,Екатеринбург,Потребитель,27.0,367.16,9913.32,6792.26,3121.06
238,2023-11-28,Канцелярия,Екатеринбург,Мелкий опт,3.0,542.27,1626.81,1154.84,471.97
239,2024-08-16,Дом и сад,Екатеринбург,Потребитель,4.0,186.81,747.24,538.17,209.07
240,2024-05-25,Канцелярия,Москва,Корпоратив,11.0,557.63,6133.93,3866.18,2267.75
241,2023-08-26,Дом и сад,Москва,Мелкий опт,9.0,213.65,1922.85,1154.0,768.85
242,2024-10-03,Дом и сад,Санкт-Петербург,Потребитель,7.0,207.36,1451.52,919.81,531.71
243,2024-12-14,Дом и сад,Санкт-Петербург,Потребитель,10.0,497.34,4973.4,3248.24,1725.16
244,2023-04-23,Дом и сад,Екатеринбург,Мелкий опт,20.0,87.66,1753.2,998.73,754.47
245,2023-12-30,Офис,Санкт-Петербург,Корпоратив,53.0,72.85,3861.05,2976.93,884.12
246,2024-06-28,Офис,Москва,Мелкий опт,37.0,506.6,18744.2,11117.46,7626.74
247,2023-05-23,Дом и сад,Екатеринбург,Потребитель,12.0,642.81,7713.72,4585.92,3127.8
248,2024-05-12,Техника,Екатеринбург,Потребитель,4.0,205.0,820.0,459.69,360.31
249,2024-03-07,Дом и сад,Санкт-Петербург,Мелкий опт,2.0,351.43,702.86,425.75,277.11
250,2024-03-13,Канцелярия,Санкт-Петербург,Потребитель,2.0,342.84,685.68,495.37,190.31
251,2024-06-24,Техника,Москва,Мелкий опт,11.0,324.24,3566.64,2042.8,1523.84
252,2024-12-13,Канцелярия,Новосибирск,Корпоратив,8.0,75.14,601.12,338.79,262.33
253,2023-10-14,Дом и сад,Москва,Потребитель,10.0,349.62,3496.2,2163.16,1333.04
254,2023-12-04,Канцелярия,Самара,Потребитель,29.0,254.97,7394.13,4443.65,2950.48
255,2023-09-25,Канцелярия,Новосибирск,Потребитель,8.0,459.55,3676.4,2873.94,802.46
256,2023-03-26,Техника,Москва,Корпоратив,5.0,470.06,2350.3,1400.49,949.81
257,2023-10-01,Техника,Москва,Мелкий опт,11.0,70.74,778.14,463.73,314.41
258,2023-01-26,Офис,Санкт-Петербург,Корпоратив,3.0,657.75,1973.25,1252.03,721.22
259,2024-06-03,Дом и сад,Санкт-Петербург,Потребитель,9.0,592.58,5333.22,3564.53,1768.69
260,2023-12-05,Дом и сад,Новосибирск,Мелкий опт,7.0,224.27,1569.89,964.9,604.99
261,2024-10-05,Техника,Санкт-Петербург,Корпоратив,12.0,392.1,4705.2,2695.06,2010.14
262,2024-12-27,Техника,Москва,Корпоратив,26.0,820.06,21321.56,15011.68,6309.88
263,2023-01-15,Дом и сад,Екатеринбург,Потребитель,19.0,421.08,8000.52,6128.5,1872.02
264,2023-03-14,Дом и сад,Санкт-Петербург,Мелкий опт,17.0,94.74,1610.58,1160.31,450.27
265,2023-09-15,Офис,Самара,Потребитель,19.0,185.25,3519.75,1940.13,1579.62
266,2023-06-05,Мебель,Самара,Потребитель,5.0,891.94,4459.7,2723.95,1735.75
267,2024-04-18,Дом и сад,Санкт-Петербург,Корпоратив,5.0,170.07,850.35,593.7,256.65
268,2023-05-09,Офис,Санкт-Петербург,Потребитель,6.0,1589.06,9534.36,6326.78,3207.58
269,2023-12-01,Канцелярия,Екатеринбург,Потребитель,6.0,808.17,4849.02,2770.69,2078.33
270,2023-04-02,Техника,Самара,Потребитель,14.0,364.53,5103.42,4054.07,1049.35
271,2023-08-28,Офис,Москва,Потребитель,4.0,372.59,1490.36,828.21,662.15
272,2024-07-28,Дом и сад,Новосибирск,Потребитель,5.0,150.78,753.9,576.65,177.25
273,2023-10-15,Мебель,Екатеринбург,Мелкий опт,3.0,494.49,1483.47,1074.17,409.3
274,2023-10-26,Канцелярия,Самара,Корпоратив,5.0,566.39,2831.95,2248.44,583.51
275,2024-10-25,Офис,Самара,Корпоратив,4.0,490.83,1963.32,1134.91,828.41
276,2024-11-06,Офис,Москва,Потребитель,7.0,889.16,6224.12,4112.59,2111.53
277,2023-07-27,Дом и сад,Новосибирск,Потребитель,7.0,579.26,4054.82,2915.69,1139.13
278,2024-04-22,Техника,Екатеринбург,Потребитель,17.0,465.44,7912.48,5832.32,2080.16
279,2023-01-11,Офис,Москва,Корпоратив,11.0,1048.15,11529.65,6963.6,4566.05
280,2023-06-27,Офис,Екатеринбург,Корпоратив,9.0,788.13,7093.17,4185.27,2907.9
281,2024-03-28,Дом и сад,Санкт-Петербург,Потребитель,20.0,1399.26,27985.2,20009.86,7975.34
282,2023-12-07,Офис,Москва,Потребитель,13.0,780.5,10146.5,7773.87,2372.63
283,2024-03-15,Техника,Москва,Потребитель,81.0,698.64,56589.84,35303.45,21286.39
284,2023-05-04,Мебель,Екатеринбург,Потребитель,5.0,168.38,841.9,603.09,238.81
285,2024-01-29,Офис,Санкт-Петербург,Потребитель,9.0,445.44,4008.96,2500.4,1508.56
286,2024-07-07,Канцелярия,Новосибирск,Потребитель,2.0,354.06,708.12,392.27,315.85
287,2023-10-05,Канцелярия,Санкт-Петербург,Потребитель,16.0,332.12,5313.92,4210.63,1103.29
288,2024-08-26,Офис,Екатеринбург,Мелкий опт,3.0,3188.88,9566.64,6383.21,3183.43
289,2023-11-22,Офис,Новосибирск,Корпоратив,17.0,1332.53,22653.01,13234.63,9418.38
290,2024-01-16,Дом и сад,Самара,Потребитель,9.0,1459.69,13137.21,9012.13,4125.08
291,2024-09-20,Мебель,Екатеринбург,Корпоратив,4.0,106.89,427.56,310.57,116.99
292,2023-01-23,Канцелярия,Самара,Потребитель,12.0,577.26,6927.12,5230.2,1696.92
293,2023-11-06,Канцелярия,Новосибирск,Потребитель,3.0,582.69,1748.07,1391.92,356.15
294,2023-05-28,Офис,Москва,Корпоратив,17.0,286.62,4872.54,3569.02,1303.52
295,2023-10-20,Канцелярия,Москва,Потребитель,14.0,104.95,1469.3,914.99,554.31
296,2023-03-21,Офис,Самара,Потребитель,3.0,205.14,615.42,347.4,268.02
297,2023-12-29,Техника,Москва,Корпоратив,4.0,199.39,797.56,544.69,252.87
298,2024-04-03,Техника,Самара,Мелкий опт,13.0,342.9,4457.7,3392.92,1064.78
299,2023-05-15,Офис,Новосибирск,Корпоратив,6.0,530.63,3183.78,1976.59,1207.19
300,2024-01-04,Офис,Самара,Мелкий опт,24.0,257.31,6175.44,4353.41,1822.03
301,2024-01-23,Дом и сад,Москва,Потребитель,12.0,134.06,1608.72,1206.59,402.13
302,2024-05-28,Техника,Новосибирск,Корпоратив,28.0,415.27,11627.56,8433.64,3193.92
303,2024-10-10,Дом и сад,Новосибирск,Потребитель,11.0,1196.27,13158.97,9189.12,3969.85
304,2023-12-08,Дом и сад,Екатеринбург,Мелкий опт,9.0,118.27,1064.43,787.99,276.44
305,2023-02-25,Канцелярия,Москва,Потребитель,15.0,973.51,14602.65,10996.72,3605.93
306,2023-02-02,Дом и сад,Самара,Корпоратив,29.0,775.28,22483.12,14882.94,7600.18
307,2023-07-31,Офис,Екатеринбург,Потребитель,,994.27,5965.62,3777.89,2187.73
308,2023-02-15,Офис,Санкт-Петербург,Потребитель,27.0,124.88,3371.76,2551.91,819.85
309,2023-08-07,Канцелярия,Санкт-Петербург,Потребитель,28.0,1337.49,37449.72,27441.61,10008.11
310,2023-02-21,Мебель,Самара,Потребитель,14.0,369.53,5173.42,3953.8,1219.62
311,2023-12-02,Офис,Екатеринбург,Потребитель,84.0,506.21,42521.64,25885.96,16635.68
312,2023-08-24,Дом и сад,Екатеринбург,Мелкий опт,15.0,187.28,2809.2,1600.26,1208.94
313,2023-08-10,Канцелярия,Новосибирск,Корпоратив,3.0,371.51,1114.53,627.53,487.0
314,2024-02-07,Дом и сад,Санкт-Петербург,Корпоратив,16.0,439.68,7034.88,5138.35,1896.53
315,2023-01-26,Офис,Новосибирск,Корпоратив,11.0,386.52,4251.72,3297.1,954.62
316,2024-07-18,Дом и сад,Санкт-Петербург,Потребитель,4.0,1996.19,7984.76,4775.97,3208.79
317,2023-01-23,Мебель,Новосибирск,Потребитель,40.0,207.09,8283.6,6003.67,2279.93
318,2023-04-23,Офис,Новосибирск,Потребитель,8.0,126.88,1015.04,623.79,391.25
319,2023-01-04,Техника,Екатеринбург,Мелкий опт,1.0,532.37,532.37,391.47,140.9
320,2024-04-18,Офис,Новосибирск,Корпоратив,4.0,1820.09,7280.36,5413.0,1867.36
321,2024-09-27,Дом и сад,Москва,Потребитель,2.0,505.69,1011.38,682.14,329.24
322,2024-04-25,Дом и сад,Новосибирск,Потребитель,18.0,600.18,10803.24,7925.0,2878.24
323,2024-02-03,Канцелярия,Москва,Потребитель,5.0,712.64,3563.2,2742.68,820.52
324,2023-09-13,Техника,Екатеринбург,Потребитель,28.0,2079.39,58222.92,38958.86,19264.06
325,2023-09-29,Офис,Москва,Корпоратив,4.0,241.91,967.64,706.5,261.14
326,2024-11-23,Канцелярия,Новосибирск,Потребитель,0.0,1164.6,0.0,0.0,0.0
327,2024-12-22,Техника,Санкт-Петербург,Корпоратив,6.0,258.06,1548.36,892.0,656.36
328,2023-12-08,Дом и сад,Санкт-Петербург,Корпоратив,20.0,408.05,8161.0,4559.04,3601.96
329,2023-07-06,Дом и сад,Самара,Мелкий опт,3.0,65.33,195.99,132.32,63.67
330,2024-05-31,Дом и сад,Самара,Потребитель,2.0,1066.8,2133.6,1563.63,569.97
331,2024-05-11,Техника,Санкт-Петербург,Корпоратив,22.0,683.05,15027.1,8689.13,6337.97
332,2024-07-25,Офис,Москва,Потребитель,22.0,222.33,4891.26,3744.34,1146.92
333,2023-03-16,Канцелярия,Москва,Потребитель,5.0,357.63,1788.15,1270.1,518.05
334,2023-02-01,Дом и сад,Самара,Корпоратив,1.0,545.46,545.46,301.09,244.37
335,2024-12-14,Офис,Екатеринбург,Мелкий опт,2.0,489.4,978.8,593.45,385.35
336,2024-07-08,Дом и сад,Самара,Потребитель,11.0,829.7,9126.7,5455.52,3671.18
337,2024-10-03,Техника,Новосибирск,Корпоратив,83.0,382.13,31716.79,17915.95,13800.84
338,2023-01-13,Офис,Екатеринбург,Корпоратив,3.0,1599.99,4799.97,3805.2,994.77
339,2024-02-16,Офис,Новосибирск,Мелкий опт,5.0,3580.21,17901.05,10550.39,7350.66
340,2024-10-02,Техника,Самара,Потребитель,6.0,828.12,4968.72,2824.61,2144.11
341,2023-05-27,Офис,Самара,Потребитель,3.0,135.65,406.95,276.12,130.83
342,2023-01-05,Офис,Санкт-Петербург,Потребитель,2.0,646.31,1292.62,989.82,302.8
343,2023-08-14,Мебель,Новосибирск,Корпоратив,23.0,796.66,18323.18,13680.17,4643.01
344,2024-12-23,Техника,Самара,Корпоратив,2.0,275.55,551.1,357.65,193.45
345,2023-10-22,Мебель,Самара,Потребитель,11.0,573.24,6305.64,4759.76,1545.88
346,2023-09-13,Техника,Санкт-Петербург,Потребитель,10.0,230.89,2308.9,1602.21,706.69
347,2024-05-26,Офис,Москва,Корпоратив,6.0,229.84,1379.04,917.99,461.05
348,2023-10-02,Дом и сад,Новосибирск,Потребитель,3.0,126.82,380.46,262.02,118.44
349,2024-07-25,Дом и сад,Санкт-Петербург,Корпоратив,12.0,514.8,6177.6,4163.49,2014.11
350,2024-05-29,Офис,Санкт-Петербург,Корпоратив,13.0,681.67,8861.71,6331.14,2530.57
351,2024-12-10,Дом и сад,Санкт-Петербург,Корпоратив,6.0,467.1,2802.6,1748.57,1054.03
352,2024-05-21,Дом и сад,Екатеринбург,Потребитель,6.0,280.46,1682.76,1216.0,466.76
353,2024-06-14,Офис,Новосибирск,Потребитель,,521.66,1564.98,1158.58,406.4
354,2024-04-08,Техника,Самара,Потребитель,21.0,135.87,2853.27,2234.99,618.28
355,2024-04-29,Техника,Новосибирск,Корпоратив,39.0,115.47,4503.33,2829.32,1674.01
356,2024-07-18,Канцелярия,Москва,Потребитель,21.0,306.62,6439.02,3812.64,2626.38
357,2024-11-16,Офис,Санкт-Петербург,Потребитель,37.0,162.56,6014.72,4078.64,1936.08
358,2023-08-24,Офис,Москва,Мелкий опт,10.0,915.29,9152.9,5530.65,3622.25
359,2024-08-14,Техника,Новосибирск,Потребитель,0.0,342.21,0.0,0.0,0.0
360,2023-07-18,Канцелярия,Москва,Потребитель,17.0,370.37,6296.29,4502.92,1793.37
361,2023-01-03,Офис,Москва,Потребитель,40.0,974.09,38963.6,23242.59,15721.01
362,2024-02-25,Дом и сад,Екатеринбург,Мелкий опт,2.0,1308.07,2616.14,2087.37,528.77
363,2024-02-05,Канцелярия,Новосибирск,Потребитель,8.0,344.19,2753.52,1726.17,1027.35
364,2023-07-17,Техника,Новосибирск,Корпоратив,3.0,253.56,760.68,532.15,228.53
365,2023-10-26,Техника,Самара,Корпоратив,1.0,739.51,739.51,478.78,260.73
366,2023-12-16,Офис,Москва,Корпоратив,20.0,332.38,6647.6,4568.77,2078.83
367,2024-11-24,Мебель,Новосибирск,Мелкий опт,8.0,112.16,897.28,631.53,265.75
368,2023-03-05,Мебель,Новосибирск,Мелкий опт,8.0,84.11,672.88,526.04,146.84
369,2023-04-03,Офис,Москва,Корпоратив,9.0,523.5,4711.5,2846.44,1865.06
370,2023-06-08,Канцелярия,Москва,Потребитель,2.0,966.59,1933.18,1505.44,427.74
371,2024-12-14,Канцелярия,Москва,Потребитель,7.0,361.36,2529.52,1541.08,988.44
372,2023-07-24,Офис,Самара,Мелкий опт,35.0,845.85,29604.75,22643.83,6960.92
373,2024-09-08,Дом и сад,Москва,Потребитель,8.0,250.85,2006.8,1383.83,622.97
374,2023-07-24,Дом и сад,Екатеринбург,Мелкий опт,,358.02,5012.28,3221.58,1790.7
375,2024-03-20,Канцелярия,Новосибирск,Корпоратив,3.0,350.82,1052.46,841.46,211.0
376,2024-04-16,Мебель,Санкт-Петербург,Мелкий опт,4.0,500.75,2003.0,1323.53,679.47
377,2023-08-17,Техника,Екатеринбург,Корпоратив,8.0,653.37,5226.96,3744.72,1482.24
378,2024-01-11,Дом и сад,Санкт-Петербург,Потребитель,11.0,393.28,4326.08,2466.44,1859.64
379,2023-07-10,Канцелярия,Новосибирск,Корпоратив,19.0,258.3,4907.7,2799.84,2107.86
380,2024-06-12,Техника,Екатеринбург,Потребитель,45.0,649.44,29224.8,20362.55,8862.25
381,2024-04-12,Офис,Самара,Потребитель,1.0,321.03,321.03,221.27,99.76
382,2024-10-11,Дом и сад,Екатеринбург,Потребитель,22.0,81.32,1789.04,1168.88,620.16
383,2024-02-25,Дом и сад,Самара,Корпоратив,26.0,282.4,7342.4,5052.96,2289.44
384,2023-07-08,Офис,Екатеринбург,Корпоратив,27.0,818.12,22089.24,14830.34,7258.9
385,2024-09-21,Дом и сад,Новосибирск,Потребитель,33.0,146.11,4821.63,2946.46,1875.17
386,2023-09-01,Техника,Екатеринбург,Корпоратив,6.0,77.4,464.4,369.5,94.9
387,2024-10-27,Дом и сад,Москва,Потребитель,6.0,1132.6,6795.6,4883.76,1911.84
388,2023-07-23,Дом и сад,Новосибирск,Корпоратив,20.0,290.2,5804.0,3916.43,1887.57
389,2023-11-29,Техника,Санкт-Петербург,Потребитель,7.0,345.33,2417.31,1844.53,572.78
390,2023-12-23,Дом и сад,Новосибирск,Потребитель,18.0,160.82,2894.76,2283.61,611.15
391,2024-03-19,Офис,Москва,Потребитель,11.0,158.22,1740.42,1074.39,666.03
392,2023-05-16,Офис,Санкт-Петербург,Потребитель,9.0,1064.55,9580.95,7422.61,2158.34
393,2024-11-11,Канцелярия,Санкт-Петербург,Потребитель,1.0,161.0,161.0,99.94,61.06
394,2024-06-09,Офис,Екатеринбург,Потребитель,6.0,896.24,5377.44,3075.77,2301.67
395,2024-02-18,Офис,Новосибирск,Корпоратив,20.0,86.17,1723.4,1146.26,577.14
396,2024-07-02,Офис,Москва,Потребитель,12.0,1013.36,12160.32,9468.56,2691.76
397,2024-04-16,Канцелярия,Самара,Корпоратив,5.0,683.81,3419.05,2578.73,840.32
398,2023-01-02,Офис,Москва,Потребитель,23.0,140.28,3226.44,2392.66,833.78
399,2024-03-18,Офис,Новосибирск,Потребитель,24.0,1304.49,31307.76,21361.65,9946.11
400,2024-04-22,Техника,Санкт-Петербург,Мелкий опт,7.0,1037.41,7261.87,5547.8,1714.07
401,2024-11-20,Техника,Самара,Корпоратив,10.0,439.92,4399.2,3080.1,1319.1
402,2024-01-18,Офис,Самара,Потребитель,5.0,288.83,1444.15,1148.32,295.83
403,2024-02-25,Техника,Самара,Корпоратив,35.0,140.45,4915.75,3621.67,1294.08
404,2024-01-04,Техника,Санкт-Петербург,Потребитель,26.0,568.51,14781.26,8915.7,5865.56
405,2023-04-06,Дом и сад,Екатеринбург,Корпоратив,11.0,452.23,4974.53,3198.95,1775.58
406,2024-11-11,Дом и сад,Новосибирск,Потребитель,6.0,270.27,1621.62,1289.45,332.17
407,2023-08-06,Офис,Москва,Мелкий опт,10.0,229.25,2292.5,1591.31,701.19
408,2023-03-23,Канцелярия,Москва,Потребитель,11.0,388.03,4268.33,3062.63,1205.7
409,2023-05-16,Офис,Новосибирск,Потребитель,6.0,888.11,5328.66,2989.82,2338.84
410,2023-07-31,Дом и сад,Самара,Корпоратив,4.0,358.7,1434.8,921.21,513.59
411,2024-04-27,Дом и сад,Новосибирск,Мелкий опт,7.0,519.63,3637.41,2446.12,1191.29
412,2024-03-11,Техника,Новосибирск,Корпоратив,3.0,402.97,1208.91,947.61,261.3
413,2023-08-06,Канцелярия,Екатеринбург,Мелкий опт,11.0,2086.94,22956.34,13928.27,9028.07
414,2023-07-10,Техника,Москва,Потребитель,17.0,350.63,5960.71,3341.97,2618.74
415,2023-10-07,Канцелярия,Самара,Потребитель,48.0,194.29,9325.92,6225.21,3100.71
416,2024-08-30,Мебель,Москва,Корпоратив,16.0,313.33,5013.28,3003.88,2009.4
417,2023-06-13,Дом и сад,Самара,Потребитель,5.0,118.13,590.65,467.38,123.27
418,2023-04-05,Канцелярия,Новосибирск,Потребитель,20.0,289.01,5780.2,3640.72,2139.48
419,2023-12-06,Мебель,Москва,Потребитель,20.0,280.08,5601.6,3187.97,2413.63
420,2024-08-15,Офис,Москва,Потребитель,28.0,112.32,3144.96,2079.34,1065.62
421,2023-06-23,Дом и сад,Санкт-Петербург,Потребитель,3.0,998.45,2995.35,2055.53,939.82
422,2023-12-24,Канцелярия,Новосибирск,Мелкий опт,4.0,2603.84,10415.36,6965.69,3449.67
423,2023-03-05,Дом и сад,Самара,Потребитель,10.0,92.79,927.9,639.01,288.89
424,2024-06-13,Канцелярия,Санкт-Петербург,Потребитель,5.0,416.94,2084.7,1513.51,571.19
425,2024-12-20,Дом и сад,Самара,Корпоратив,30.0,273.34,8200.2,5357.34,2842.86
426,2024-03-29,Офис,Москва,Потребитель,4.0,306.61,1226.44,946.97,279.47
427,2024-03-01,Дом и сад,Самара,Потребитель,3.0,241.76,725.28,463.24,262.04
428,2023-12-30,Мебель,Москва,Корпоратив,5.0,268.7,1343.5,872.83,470.67
429,2024-10-14,Дом и сад,Новосибирск,Потребитель,9.0,740.38,6663.42,4801.59,1861.83
430,2024-10-22,Техника,Самара,Корпоратив,4.0,286.79,1147.16,716.83,430.33
431,2024-02-10,Канцелярия,Москва,Потребитель,4.0,2935.74,11742.96,9261.86,2481.1
432,2023-04-18,Дом и сад,Санкт-Петербург,Потребитель,38.0,1221.02,46398.76,35142.73,11256.03
433,2023-04-24,Офис,Екатеринбург,Потребитель,11.0,1410.21,15512.31,9350.31,6162.0
434,2024-12-23,Канцелярия,Москва,Корпоратив,65.0,729.56,47421.4,33927.15,13494.25
435,2024-07-24,Дом и сад,Новосибирск,Мелкий опт,12.0,372.31,4467.72,2891.51,1576.21
436,2024-08-16,Офис,Санкт-Петербург,Мелкий опт,20.0,365.79,7315.8,5025.34,2290.46
437,2023-02-18,Дом и сад,Екатеринбург,Корпоратив,3.0,1999.75,5999.25,4677.19,1322.06
438,2024-01-09,Дом и сад,Самара,Корпоратив,12.0,2048.61,24583.32,15708.19,8875.13
439,2023-05-21,Канцелярия,Екатеринбург,Потребитель,9.0,155.96,1403.64,855.68,547.96
440,2023-07-20,Канцелярия,Новосибирск,Потребитель,29.0,184.92,5362.68,4087.52,1275.16
441,2024-07-24,Техника,Екатеринбург,Потребитель,3.0,502.4,1507.2,1021.11,486.09
442,2023-09-06,Техника,Санкт-Петербург,Мелкий опт,2.0,627.44,1254.88,862.11,392.77
443,2023-01-16,Техника,Москва,Потребитель,24.0,279.33,6703.92,4839.58,1864.34
444,2024-06-22,Канцелярия,Санкт-Петербург,Потребитель,2.0,291.82,583.64,333.46,250.18
445,2024-08-06,Дом и сад,Санкт-Петербург,Потребитель,13.0,595.42,7740.46,5616.72,2123.74
446,2023-05-18,Офис,Новосибирск,Корпоратив,9.0,162.48,1462.32,1165.13,297.19
447,2023-02-13,Офис,Самара,Потребитель,29.0,450.73,13071.17,9556.87,3514.3
448,2023-06-07,Канцелярия,Москва,Потребитель,2.0,832.97,1665.94,1314.09,351.85
449,2023-09-18,Офис,Самара,Потребитель,6.0,1143.48,6860.88,4856.92,2003.96
450,2024-10-17,Офис,Екатеринбург,Потребитель,34.0,367.34,12489.56,7909.92,4579.64
451,2023-04-01,Мебель,Новосибирск,Корпоратив,21.0,661.12,13883.52,10444.07,3439.45
452,2023-03-19,Техника,Санкт-Петербург,Потребитель,2.0,1080.74,2161.48,1285.72,875.76
453,2023-12-04,Канцелярия,Самара,Мелкий опт,3.0,842.73,2528.19,1727.93,800.26
454,2023-05-30,Дом и сад,Екатеринбург,Корпоратив,17.0,70.52,1198.84,688.94,509.9
455,2023-02-09,Техника,Екатеринбург,Потребитель,12.0,920.33,11043.96,7111.31,3932.65
456,2024-08-17,Офис,Новосибирск,Потребитель,5.0,102.77,513.85,318.98,194.87
457,2024-07-04,Канцелярия,Екатеринбург,Мелкий опт,26.0,280.86,7302.36,5800.57,1501.79
458,2023-07-05,Дом и сад,Москва,Мелкий опт,1.0,692.37,692.37,454.4,237.97
459,2023-11-28,Дом и сад,Самара,Потребитель,3.0,258.12,774.36,497.39,276.97
460,2024-10-16,Канцелярия,Санкт-Петербург,Корпоратив,7.0,1804.96,12634.72,7103.05,5531.67
461,2024-01-17,Офис,Самара,Потребитель,9.0,341.28,3071.52,1920.27,1151.25
462,2023-10-04,Дом и сад,Москва,Корпоратив,27.0,133.94,3616.38,2257.1,1359.28
463,2024-01-21,Техника,Москва,Корпоратив,88.0,317.07,27902.16,22098.13,5804.03
464,2023-02-12,Дом и сад,Санкт-Петербург,Корпоратив,4.0,812.84,3251.36,1986.89,1264.47
465,2024-08-27,Дом и сад,Санкт-Петербург,Корпоратив,18.0,44.55,801.9,473.3,328.6
466,2024-05-19,Дом и сад,Москва,Корпоратив,3.0,66.62,199.86,156.43,43.43
467,2024-01-13,Мебель,Новосибирск,Потребитель,6.0,1210.53,7263.18,5582.27,1680.91
468,2024-04-01,Офис,Новосибирск,Потребитель,13.0,526.66,6846.58,4588.19,2258.39
469,2023-09-17,Техника,Москва,Потребитель,52.0,1497.85,77888.2,52636.34,25251.86
470,2023-10-02,Дом и сад,Самара,Потребитель,3.0,523.93,1571.79,891.21,680.58
471,2023-09-11,Канцелярия,Самара,Корпоратив,18.0,124.26,2236.68,1759.66,477.02
472,2023-12-31,Офис,Москва,Потребитель,3.0,644.97,1934.91,1417.47,517.44
473,2024-01-24,Мебель,Самара,Потребитель,6.0,194.62,1167.72,930.07,237.65
474,2024-02-28,Канцелярия,Москва,Потребитель,35.0,1002.01,35070.35,23048.56,12021.79
475,2023-05-31,Канцелярия,Москва,Корпоратив,6.0,1088.07,6528.42,4854.89,1673.53
476,2024-04-02,Офис,Самара,Потребитель,23.0,414.03,9522.69,5937.95,3584.74
477,2024-12-20,Офис,Самара,Корпоратив,4.0,346.27,1385.08,982.4,402.68
478,2024-10-25,Офис,Екатеринбург,Потребитель,10.0,321.98,3219.8,2529.97,689.83
479,2024-01-05,Офис,Санкт-Петербург,Корпоратив,9.0,614.28,5528.52,3673.57,1854.95
480,2024-05-02,Офис,Москва,Потребитель,8.0,173.23,1385.84,876.31,509.53
481,2023-01-16,Мебель,Самара,Корпоратив,8.0,497.61,3980.88,2609.94,1370.94
482,2024-03-31,Техника,Санкт-Петербург,Потребитель,41.0,120.14,4925.74,3773.29,1152.45
483,2023-08-12,Мебель,Новосибирск,Корпоратив,5.0,866.14,4330.7,3453.55,877.15
484,2023-10-13,Офис,Самара,Корпоратив,6.0,1550.44,9302.64,6383.04,2919.6
485,2024-12-24,Офис,Самара,Корпоратив,4.0,231.38,925.52,705.51,220.01
486,2024-11-10,Канцелярия,Самара,Корпоратив,13.0,1376.07,17888.91,11115.22,6773.69
487,2024-08-14,Мебель,Екатеринбург,Потребитель,4.0,435.92,1743.68,1146.33,597.35
488,2024-06-28,Офис,Екатеринбург,Потребитель,,239.53,1916.24,1098.93,817.31
489,2023-06-03,Дом и сад,Москва,Корпоратив,9.0,358.84,3229.56,2243.31,986.25
490,2023-12-19,Канцелярия,Новосибирск,Корпоратив,82.0,124.54,10212.28,7306.32,2905.96
491,2024-08-27,Дом и сад,Новосибирск,Потребитель,9.0,383.64,3452.76,2495.24,957.52
492,2023-02-27,Офис,Санкт-Петербург,Потребитель,10.0,228.09,2280.9,1428.35,852.55
493,2023-12-30,Канцелярия,Самара,Корпоратив,6.0,663.79,3982.74,2612.93,1369.81
494,2024-09-08,Дом и сад,Москва,Потребитель,2.0,361.4,722.8,524.68,198.12
495,2024-05-08,Офис,Новосибирск,Корпоратив,3.0,156.61,469.83,370.68,99.15
496,2024-01-12,Офис,Москва,Потребитель,5.0,2247.42,11237.1,6988.9,4248.2
497,2023-01-17,Канцелярия,Санкт-Петербург,Потребитель,127.0,686.07,87130.89,51504.48,35626.41
498,2023-04-23,Техника,Самара,Корпоратив,5.0,433.12,2165.6,1403.57,762.03
499,2023-02-15,Офис,Новосибирск,Потребитель,8.0,1153.65,9229.2,6260.7,2968.5
500,2024-09-23,Техника,Самара,Корпоратив,11.0,559.77,6157.47,3978.85,2178.62
501,2023-08-30,Техника,Самара,Корпоратив,,1603.17,8015.85,4848.05,3167.8
502,2023-11-27,Мебель,Самара,Потребитель,13.0,400.01,5200.13,3583.22,1616.91
503,2023-04-10,Техника,Новосибирск,Потребитель,7.0,170.52,1193.64,889.77,303.87
504,2024-07-19,Канцелярия,Самара,Потребитель,10.0,181.38,1813.8,1431.48,382.32
505,2023-05-25,Дом и сад,Самара,Корпоратив,40.0,520.99,20839.6,12389.33,8450.27
506,2024-05-29,Техника,Москва,Корпоратив,11.0,636.63,7002.93,4315.76,2687.17
507,2023-12-06,Дом и сад,Москва,Потребитель,4.0,1044.43,4177.72,3055.8,1121.92
508,2024-04-05,Офис,Новосибирск,Мелкий опт,6.0,237.78,1426.68,910.62,516.06
509,2024-10-02,Мебель,Москва,Потребитель,20.0,830.72,16614.4,13146.99,3467.41
510,2024-06-16,Техника,Екатеринбург,Корпоратив,3.0,428.66,1285.98,905.82,380.16
511,2024-09-22,Офис,Москва,Мелкий опт,4.0,1251.45,5005.8,3964.43,1041.37
512,2023-09-18,Техника,Екатеринбург,Потребитель,6.0,524.76,3148.56,2352.46,796.1
513,2024-08-14,Дом и сад,Новосибирск,Корпоратив,38.0,480.15,18245.7,13995.03,4250.67
514,2024-06-01,Офис,Санкт-Петербург,Корпоратив,5.0,587.41,2937.05,2255.6,681.45
515,2024-02-14,Мебель,Москва,Потребитель,7.0,768.61,5380.27,3894.04,1486.23
516,2024-09-01,Мебель,Москва,Потребитель,10.0,366.52,3665.2,2496.33,1168.87
517,2023-02-12,Дом и сад,Санкт-Петербург,Корпоратив,9.0,1112.18,10009.62,5549.06,4460.56
518,2023-10-22,Канцелярия,Новосибирск,Корпоратив,7.0,189.46,1326.22,768.01,558.21
519,2024-06-04,Дом и сад,Санкт-Петербург,Потребитель,2.0,233.97,467.94,261.28,206.66
520,2023-03-15,Офис,Санкт-Петербург,Потребитель,5.0,511.01,-1.0,1873.3,681.75
521,2023-08-28,Техника,Москва,Мелкий опт,2.0,527.82,1055.64,793.37,262.27
522,2024-07-07,Техника,Москва,Потребитель,16.0,257.79,4124.64,2917.72,1206.92
523,2024-12-08,Канцелярия,Екатеринбург,Мелкий опт,7.0,971.75,6802.25,4101.25,2701.0
524,2024-03-06,Дом и сад,Санкт-Петербург,Корпоратив,11.0,150.24,1652.64,1149.87,502.77
525,2023-12-03,Офис,Самара,Потребитель,6.0,379.27,2275.62,1659.15,616.47
526,2024-02-18,Мебель,Самара,Потребитель,2.0,397.42,794.84,577.29,217.55
527,2024-04-08,Канцелярия,Новосибирск,Потребитель,7.0,152.41,1066.87,829.95,236.92
528,2023-03-19,Мебель,Екатеринбург,Мелкий опт,9.0,633.05,5697.45,4255.9,1441.55
529,2023-05-01,Дом и сад,Новосибирск,Потребитель,9.0,1222.84,11005.56,7351.75,3653.81
530,2024-02-14,Офис,Санкт-Петербург,Мелкий опт,6.0,1186.62,7119.72,5462.79,1656.93
531,2024-11-06,Дом и сад,Москва,Потребитель,41.0,961.41,39417.81,25657.9,13759.91
532,2023-07-04,Техника,Самара,Корпоратив,6.0,130.87,785.22,549.81,235.41
533,2023-12-15,Дом и сад,Новосибирск,Мелкий опт,14.0,951.8,13325.2,8888.3,4436.9
534,2024-07-14,Офис,Екатеринбург,Потребитель,12.0,1045.29,12543.48,7931.43,4612.05
535,2024-03-31,Дом и сад,Санкт-Петербург,Корпоратив,12.0,171.31,2055.72,1247.82,807.9
536,2023-02-17,Дом и сад,Москва,Потребитель,13.0,1897.89,24672.57,17733.17,6939.4
537,2024-08-28,Канцелярия,Москва,Потребитель,8.0,381.52,3052.16,2274.58,777.58
538,2024-06-23,Техника,Санкт-Петербург,Корпоратив,17.0,696.18,11835.06,7931.97,3903.09
539,2023-09-19,Офис,Екатеринбург,Потребитель,2.0,136.94,273.88,166.74,107.14
540,2023-10-10,Дом и сад,Москва,Потребитель,17.0,973.09,16542.53,11451.22,5091.31
541,2023-12-29,Офис,Екатеринбург,Потребитель,16.0,829.48,13271.68,8658.43,4613.25
542,2024-09-04,Мебель,Новосибирск,Мелкий опт,17.0,190.49,3238.33,2197.85,1040.48
543,2024-04-21,Дом и сад,Санкт-Петербург,Потребитель,8.0,434.08,3472.64,1912.84,1559.8
544,2023-06-20,Канцелярия,Самара,Потребитель,4.0,1831.65,7326.6,4952.0,2374.6
545,2023-01-20,Мебель,Санкт-Петербург,Потребитель,6.0,6663.82,39982.92,24378.57,15604.35
546,2023-11-27,Офис,Екатеринбург,Корпоратив,7.0,351.11,2457.77,1721.69,736.08
547,2023-05-26,Дом и сад,Санкт-Петербург,Потребитель,44.0,192.57,8473.08,6744.03,1729.05
548,2024-12-10,Дом и сад,Санкт-Петербург,Потребитель,16.0,589.69,9435.04,5682.82,3752.22
549,2024-12-20,Дом и сад,Екатеринбург,Потребитель,5.0,184.28,921.4,582.59,338.81
550,2024-12-11,Дом и сад,Москва,Мелкий опт,102.0,302.85,30890.7,19274.27,11616.43
551,2023-08-16,Дом и сад,Екатеринбург,Потребитель,14.0,488.3,6836.2,5465.15,1371.05
552,2023-07-15,Мебель,Новосибирск,Корпоратив,11.0,63.26,695.86,537.43,158.43
553,2024-01-29,Канцелярия,Москва,Корпоратив,2.0,2617.5,5235.0,3597.35,1637.65
554,2024-10-16,Техника,Екатеринбург,Корпоратив,10.0,235.14,2351.4,1806.8,544.6
555,2023-02-18,Дом и сад,Санкт-Петербург,Потребитель,2.0,1359.85,2719.7,1866.35,853.35
556,2024-03-28,Техника,Санкт-Петербург,Потребитель,17.0,231.59,3937.03,2735.16,1201.87
557,2023-06-22,Дом и сад,Санкт-Петербург,Корпоратив,4.0,347.48,1389.92,911.23,478.69
558,2023-03-08,Дом и сад,Самара,Потребитель,27.0,523.92,14145.84,9909.39,4236.45
559,2023-01-18,Дом и сад,Санкт-Петербург,Корпоратив,6.0,200.25,1201.5,875.73,325.77
560,2023-06-12,Техника,Санкт-Петербург,Потребитель,7.0,533.49,3734.43,2470.88,1263.55
561,2023-05-06,Мебель,Самара,Потребитель,4.0,96.77,387.08,261.18,125.9
562,2024-10-16,Канцелярия,Санкт-Петербург,Корпоратив,3.0,149.64,448.92,353.72,95.2
563,2024-12-08,Дом и сад,Москва,Потребитель,1.0,468.28,468.28,340.86,127.42
564,2024-06-27,Дом и сад,Самара,Потребитель,15.0,384.11,5761.65,4548.95,1212.7
565,2024-12-08,Офис,Москва,Корпоратив,15.0,210.51,3157.65,2500.11,657.54
566,2023-05-03,Дом и сад,Самара,Потребитель,3.0,168.14,504.42,366.33,138.09
567,2023-10-18,Офис,Санкт-Петербург,Потребитель,10.0,166.45,1664.5,928.79,735.71
568,2024-12-21,Техника,Москва,Корпоратив,27.0,209.46,5655.42,3196.03,2459.39
569,2023-07-07,Канцелярия,Екатеринбург,Потребитель,10.0,376.05,3760.5,2473.12,1287.38
570,2023-04-30,Дом и сад,Екатеринбург,Мелкий опт,5.0,494.86,2474.3,1670.58,803.72
571,2023-11-30,Мебель,Самара,Корпоратив,14.0,164.2,2298.8,1510.34,788.46
572,2023-01-29,Офис,Москва,Потребитель,13.0,339.71,4416.23,2556.58,1859.65
573,2024-05-24,Дом и сад,Екатеринбург,Потребитель,4.0,517.7,2070.8,1570.56,500.24
574,2023-11-28,Дом и сад,Новосибирск,Корпоратив,11.0,62.3,685.3,391.49,293.81
575,2023-01-23,Техника,Новосибирск,Мелкий опт,2.0,1503.0,3006.0,2057.8,948.2
576,2023-07-28,Канцелярия,Новосибирск,Потребитель,6.0,415.38,2492.28,1717.93,774.35
577,2024-10-01,Дом и сад,Екатеринбург,Мелкий опт,11.0,326.45,3590.95,2825.77,765.18
578,2023-06-01,Канцелярия,Москва,Потребитель,14.0,419.18,5868.52,3683.96,2184.56
579,2024-02-17,Техника,Санкт-Петербург,Потребитель,8.0,334.25,2674.0,1978.31,695.69
580,2023-05-31,Офис,Новосибирск,Потребитель,18.0,915.12,16472.16,12422.58,4049.58
581,2024-02-29,Дом и сад,Новосибирск,Корпоратив,15.0,159.26,2388.9,1554.87,834.03
582,2023-07-14,Дом и сад,Екатеринбург,Потребитель,9.0,758.44,6825.96,5145.94,1680.02
583,2023-11-14,Дом и сад,Самара,Потребитель,1.0,163.37,163.37,95.91,67.46
584,2024-07-19,Дом и сад,Екатеринбург,Потребитель,7.0,139.97,979.79,635.53,344.26
585,2024-10-09,Канцелярия,Самара,Корпоратив,18.0,270.32,4865.76,2761.64,2104.12
586,2023-10-28,Техника,Самара,Потребитель,38.0,245.54,9330.52,7028.79,2301.73
587,2024-12-20,Канцелярия,Екатеринбург,Корпоратив,31.0,445.26,13803.06,8636.47,5166.59
588,2024-06-01,Офис,Москва,Корпоратив,23.0,245.57,5648.11,3655.27,1992.84
589,2024-03-02,Мебель,Санкт-Петербург,Корпоратив,18.0,151.69,2730.42,2098.81,631.61
590,2024-03-11,Техника,Екатеринбург,Корпоратив,4.0,540.44,2161.76,1683.79,477.97
591,2023-09-06,Дом и сад,Самара,Потребитель,5.0,177.67,888.35,489.45,398.9
592,2023-09-04,Техника,Самара,Корпоратив,6.0,706.03,4236.18,2934.1,1302.08
593,2023-06-14,Техника,Санкт-Петербург,Потребитель,4.0,1407.41,5629.64,4230.81,1398.83
594,2024-12-21,Мебель,Самара,Корпоратив,50.0,643.52,32176.0,22817.52,9358.48
595,2024-04-22,Офис,Новосибирск,Потребитель,5.0,114.74,573.7,436.74,136.96
596,2024-03-26,Офис,Екатеринбург,Корпоратив,2.0,1123.85,-1.0,1664.26,583.44
597,2024-08-14,Техника,Новосибирск,Корпоратив,30.0,889.33,26679.9,19228.85,7451.05
598,2024-06-16,Офис,Екатеринбург,Корпоратив,13.0,222.12,-1.0,1789.29,1098.27
599,2024-11-22,Канцелярия,Санкт-Петербург,Корпоратив,5.0,173.57,867.85,513.71,354.14
600,2024-04-12,Дом и сад,Москва,Потребитель,3.0,657.06,1971.18,1195.66,775.52
601,2024-05-19,Дом и сад,Санкт-Петербург,Мелкий опт,10.0,292.28,2922.8,1977.02,945.78
602,2023-08-16,Дом и сад,Новосибирск,Потребитель,9.0,217.04,1953.36,1257.82,695.54
603,2024-12-28,Канцелярия,Самара,Потребитель,8.0,569.26,4554.08,3137.25,1416.83
604,2024-03-12,Дом и сад,Новосибирск,Мелкий опт,5.0,657.69,3288.45,2010.8,1277.65
605,2023-05-11,Мебель,Москва,Потребитель,28.0,763.18,21369.04,16106.46,5262.58
606,2024-04-07,Офис,Москва,Мелкий опт,10.0,253.98,2539.8,1998.91,540.89
607,2023-01-06,Дом и сад,Екатеринбург,Потребитель,6.0,3362.04,20172.24,13175.68,6996.56
608,2023-03-02,Офис,Самара,Потребитель,6.0,110.22,661.32,366.39,294.93
609,2023-11-18,Мебель,Новосибирск,Мелкий опт,8.0,245.95,1967.6,1113.58,854.02
610,2023-08-17,Офис,Самара,Потребитель,3.0,298.02,894.06,653.49,240.57
611,2023-09-11,Мебель,Москва,Потребитель,11.0,446.26,4908.86,3811.07,1097.79
612,2023-10-12,Дом и сад,Новосибирск,Потребитель,33.0,1052.45,34730.85,25007.78,9723.07
613,2024-09-29,Дом и сад,Самара,Корпоратив,6.0,290.44,1742.64,1067.38,675.26
614,2024-05-05,Офис,Санкт-Петербург,Корпоратив,2.0,339.24,678.48,411.42,267.06
615,2023-02-05,Офис,Екатеринбург,Корпоратив,2.0,228.61,457.22,332.59,124.63
616,2024-09-06,Канцелярия,Санкт-Петербург,Потребитель,10.0,580.41,5804.1,3538.68,2265.42
617,2024-03-27,Мебель,Санкт-Петербург,Корпоратив,4.0,316.71,1266.84,832.43,434.41
618,2023-09-15,Дом и сад,Москва,Потребитель,2.0,2789.71,5579.42,3111.89,2467.53
619,2023-10-11,Техника,Самара,Корпоратив,22.0,220.19,4844.18,3806.16,1038.02
620,2024-02-20,Мебель,Екатеринбург,Корпоратив,2.0,328.36,656.72,524.96,131.76
621,2023-05-11,Дом и сад,Самара,Корпоратив,7.0,152.69,1068.83,777.14,291.69
622,2024-09-26,Дом и сад,Самара,Корпоратив,46.0,871.24,40077.04,26625.89,13451.15
623,2024-04-21,Канцелярия,Москва,Потребитель,5.0,277.74,1388.7,1008.01,380.69
624,2023-08-30,Дом и сад,Новосибирск,Корпоратив,4.0,836.47,3345.88,2483.64,862.24
625,2024-05-21,Техника,Новосибирск,Мелкий опт,9.0,187.13,1684.17,1196.49,487.68
626,2024-12-25,Дом и сад,Новосибирск,Потребитель,7.0,416.31,2914.17,2286.89,627.28
627,2024-02-27,Канцелярия,Самара,Потребитель,22.0,557.94,12274.68,8951.53,3323.15
628,2023-03-18,Мебель,Новосибирск,Потребитель,15.0,374.59,5618.85,3790.48,1828.37
629,2023-12-21,Дом и сад,Москва,Потребитель,10.0,450.25,4502.5,2772.7,1729.8
630,2024-12-10,Мебель,Самара,Мелкий опт,4.0,168.46,673.84,470.22,203.62
631,2023-10-27,Офис,Екатеринбург,Корпоратив,1.0,528.62,528.62,307.04,221.58
632,2024-02-05,Техника,Екатеринбург,Корпоратив,16.0,310.11,4961.76,2928.51,2033.25
633,2023-10-14,Офис,Санкт-Петербург,Потребитель,10.0,496.86,4968.6,2947.37,2021.23
634,2024-06-15,Техника,Москва,Корпоратив,,2053.31,18479.79,13553.46,4926.33
635,2024-08-22,Дом и сад,Санкт-Петербург,Потребитель,10.0,376.8,3768.0,2448.4,1319.6
636,2024-11-30,Техника,Москва,Потребитель,18.0,372.06,6697.08,3819.57,2877.51
637,2024-04-13,Канцелярия,Екатеринбург,Потребитель,21.0,303.51,6373.71,3914.78,2458.93
638,2023-08-22,Офис,Новосибирск,Потребитель,7.0,132.58,928.06,528.65,399.41
639,2024-08-08,Дом и сад,Самара,Потребитель,7.0,993.99,6957.93,5053.07,1904.86
640,2023-02-21,Офис,Самара,Потребитель,8.0,247.52,1980.16,1282.78,697.38
641,2024-09-15,Офис,Москва,Потребитель,24.0,724.55,17389.2,10902.56,6486.64
642,2024-04-11,Офис,Самара,Потребитель,6.0,261.76,1570.56,1030.71,539.85
643,2024-11-29,Канцелярия,Самара,Мелкий опт,18.0,173.98,3131.64,1907.29,1224.35
644,2023-08-04,Офис,Санкт-Петербург,Корпоратив,6.0,338.56,2031.36,1170.24,861.12
645,2024-04-02,Дом и сад,Екатеринбург,Потребитель,12.0,525.73,6308.76,3601.0,2707.76
646,2024-06-16,Техника,Екатеринбург,Потребитель,5.0,293.89,1469.45,1020.52,448.93
647,2023-08-15,Мебель,Санкт-Петербург,Потребитель,17.0,2268.54,38565.18,21852.91,16712.27
648,2024-11-30,Техника,Москва,Потребитель,3.0,128.96,386.88,290.22,96.66
649,2024-08-08,Техника,Москва,Потребитель,31.0,659.04,20430.24,11725.61,8704.63
650,2024-08-04,Мебель,Новосибирск,Корпоратив,3.0,86.81,260.43,160.02,100.41
651,2023-11-07,Дом и сад,Екатеринбург,Корпоратив,1.0,525.6,525.6,308.45,217.15
652,2023-09-28,Офис,Самара,Потребитель,33.0,1099.69,36289.77,28038.22,8251.55
653,2024-10-30,Дом и сад,Санкт-Петербург,Корпоратив,6.0,102.36,614.16,396.16,218.0
654,2023-05-07,Мебель,Санкт-Петербург,Потребитель,9.0,146.37,1317.33,905.01,412.32
655,2024-07-21,Канцелярия,Санкт-Петербург,Мелкий опт,11.0,1239.74,13637.14,9850.33,3786.81
656,2024-08-08,Офис,Москва,Корпоратив,3.0,226.69,680.07,409.92,270.15
657,2024-01-02,Мебель,Санкт-Петербург,Потребитель,6.0,1680.85,10085.1,5832.24,4252.86
658,2024-12-07,Канцелярия,Самара,Потребитель,60.0,813.27,48796.2,32244.77,16551.43
659,2024-10-02,Мебель,Москва,Мелкий опт,21.0,180.41,3788.61,2589.88,1198.73
660,2024-05-10,Канцелярия,Новосибирск,Потребитель,7.0,130.37,912.59,618.85,293.74
661,2023-04-09,Техника,Екатеринбург,Корпоратив,2.0,638.02,1276.04,1020.6,255.44
662,2023-07-25,Техника,Москва,Потребитель,5.0,373.22,1866.1,1431.43,434.67
663,2023-03-21,Канцелярия,Екатеринбург,Мелкий опт,70.0,640.13,44809.1,24972.19,19836.91
664,2024-01-28,Мебель,Санкт-Петербург,Корпоратив,7.0,557.15,3900.05,2513.1,1386.95
665,2023-02-17,Канцелярия,Новосибирск,Потребитель,6.0,538.33,3229.98,1902.59,1327.39
666,2023-09-03,Дом и сад,Самара,Корпоратив,28.0,351.6,9844.8,7223.19,2621.61
667,2024-07-14,Офис,Санкт-Петербург,Потребитель,4.0,232.89,931.56,669.0,262.56
668,2023-09-28,Техника,Самара,Потребитель,4.0,103.93,415.72,277.98,137.74
669,2024-02-09,Мебель,Санкт-Петербург,Потребитель,10.0,849.85,8498.5,5458.04,3040.46
670,2024-06-29,Техника,Москва,Корпоратив,8.0,309.05,2472.4,1425.94,1046.46
671,2024-05-07,Техника,Самара,Потребитель,13.0,381.94,4965.22,3445.17,1520.05
672,2023-10-17,Дом и сад,Новосибирск,Потребитель,47.0,369.02,17343.94,12945.86,4398.08
673,2024-07-19,Офис,Самара,Мелкий опт,29.0,1246.44,36146.76,26003.46,10143.3
674,2024-02-26,Дом и сад,Санкт-Петербург,Потребитель,4.0,215.93,863.72,654.85,208.87
675,2023-04-16,Дом и сад,Самара,Потребитель,6.0,306.23,1837.38,1433.6,403.78
676,2023-07-11,Дом и сад,Москва,Потребитель,91.0,1299.64,118267.24,65706.25,52560.99
677,2024-02-22,Мебель,Москва,Потребитель,8.0,309.76,2478.08,1472.77,1005.31
678,2023-11-04,Офис,Новосибирск,Потребитель,5.0,431.13,2155.65,1555.12,600.53
679,2023-09-20,Дом и сад,Екатеринбург,Потребитель,3.0,397.23,1191.69,745.13,446.56
680,2023-02-13,Мебель,Санкт-Петербург,Корпоратив,13.0,722.89,9397.57,6012.57,3385.0
681,2024-10-01,Мебель,Екатеринбург,Потребитель,26.0,176.4,4586.4,3573.65,1012.75
682,2023-06-29,Техника,Новосибирск,Корпоратив,4.0,373.5,1494.0,921.53,572.47
683,2023-08-04,Офис,Санкт-Петербург,Потребитель,14.0,163.41,2287.74,1442.28,845.46
684,2023-11-10,Мебель,Новосибирск,Потребитель,13.0,1419.4,18452.2,12629.72,5822.48
685,2023-05-27,Дом и сад,Новосибирск,Потребитель,8.0,210.11,1680.88,1255.45,425.43
686,2023-05-16,Офис,Санкт-Петербург,Корпоратив,34.0,294.48,10012.32,6515.19,3497.13
687,2024-08-09,Дом и сад,Новосибирск,Потребитель,28.0,430.84,12063.52,7669.43,4394.09
688,2024-07-13,Офис,Новосибирск,Потребитель,1.0,983.25,983.25,622.78,360.47
689,2024-03-29,Техника,Санкт-Петербург,Корпоратив,25.0,106.46,2661.5,1727.31,934.19
690,2024-04-09,Мебель,Москва,Мелкий опт,5.0,168.82,844.1,662.44,181.66
691,2023-03-26,Офис,Новосибирск,Корпоратив,22.0,325.26,7155.72,4722.05,2433.67
692,2023-06-29,Дом и сад,Самара,Мелкий опт,13.0,150.08,1951.04,1268.22,682.82
693,2023-08-13,Дом и сад,Самара,Потребитель,8.0,827.97,6623.76,5173.12,1450.64
694,2023-12-05,Дом и сад,Самара,Потребитель,12.0,264.1,-1.0,2360.67,808.53
695,2023-10-01,Канцелярия,Новосибирск,Потребитель,11.0,359.89,3958.79,2711.78,1247.01
696,2024-05-23,Офис,Санкт-Петербург,Корпоратив,4.0,185.59,742.36,556.46,185.9
697,2023-10-16,Офис,Москва,Потребитель,15.0,732.68,10990.2,6810.2,4180.0
698,2024-03-11,Техника,Екатеринбург,Корпоратив,7.0,366.84,2567.88,1419.82,1148.06
699,2024-01-19,Мебель,Санкт-Петербург,Потребитель,11.0,495.45,5449.95,3332.48,2117.47
700,2023-09-14,Канцелярия,Самара,Потребитель,3.0,397.49,1192.47,823.47,369.0
701,2023-01-29,Дом и сад,Новосибирск,Корпоратив,23.0,1439.22,33102.06,19061.25,14040.81
702,2024-02-13,Дом и сад,Новосибирск,Потребитель,14.0,79.6,1114.4,759.11,355.29
703,2023-09-09,Дом и сад,Москва,Потребитель,1.0,576.06,576.06,420.14,155.92
704,2023-01-19,Канцелярия,Москва,Потребитель,12.0,198.27,2379.24,1537.22,842.02
705,2024-01-05,Дом и сад,Самара,Корпоратив,3.0,199.44,598.32,455.77,142.55
706,2024-10-31,Канцелярия,Екатеринбург,Корпоратив,8.0,251.32,2010.56,1549.47,461.09
707,2023-01-08,Техника,Самара,Потребитель,3.0,94.05,282.15,183.21,98.94
708,2023-04-25,Техника,Самара,Потребитель,9.0,901.68,8115.12,6032.49,2082.63
709,2023-02-24,Мебель,Самара,Мелкий опт,18.0,281.55,5067.9,2884.07,2183.83
710,2023-03-21,Офис,Санкт-Петербург,Корпоратив,5.0,733.62,3668.1,2107.05,1561.05
711,2023-06-16,Мебель,Санкт-Петербург,Потребитель,5.0,329.99,1649.95,1176.81,473.14
712,2023-12-28,Техника,Новосибирск,Потребитель,8.0,168.81,1350.48,755.7,594.78
713,2024-11-28,Канцелярия,Самара,Корпоратив,0.0,813.13,0.0,0.0,0.0
714,2023-05-16,Техника,Екатеринбург,Корпоратив,11.0,204.22,2246.42,1736.28,510.14
715,2023-05-17,Техника,Новосибирск,Корпоратив,2.0,279.6,559.2,424.23,134.97
716,2023-06-06,Канцелярия,Санкт-Петербург,Потребитель,15.0,140.2,2103.0,1248.68,854.32
717,2023-09-01,Техника,Самара,Корпоратив,8.0,273.15,2185.2,1266.76,918.44
718,2024-06-24,Офис,Санкт-Петербург,Корпоратив,28.0,535.98,15007.44,8514.12,6493.32
719,2023-06-28,Дом и сад,Санкт-Петербург,Потребитель,13.0,732.42,9521.46,6730.48,2790.98
720,2023-04-27,Техника,Санкт-Петербург,Потребитель,2.0,1008.25,2016.5,1579.11,437.39
721,2024-08-09,Дом и сад,Новосибирск,Потребитель,14.0,673.75,9432.5,6372.0,3060.5
722,2023-01-05,Дом и сад,Екатеринбург,Мелкий опт,14.0,1388.31,19436.34,11278.19,8158.15
723,2024-04-28,Дом и сад,Екатеринбург,Потребитель,3.0,239.11,717.33,510.01,207.32
724,2023-07-01,Канцелярия,Новосибирск,Потребитель,17.0,295.68,5026.56,3333.14,1693.42
725,2023-01-13,Мебель,Санкт-Петербург,Корпоратив,8.0,355.66,2845.28,2208.66,636.62
726,2023-05-13,Канцелярия,Санкт-Петербург,Потребитель,14.0,169.74,2376.36,1898.31,478.05
727,2024-07-28,Техника,Москва,Потребитель,39.0,653.11,25471.29,15938.79,9532.5
728,2023-01-04,Дом и сад,Санкт-Петербург,Потребитель,12.0,323.57,3882.84,2568.75,1314.09
729,2024-03-06,Дом и сад,Москва,Потребитель,3.0,103.62,310.86,206.02,104.84
730,2024-04-30,Канцелярия,Самара,Потребитель,35.0,1887.64,66067.4,46892.23,19175.17
731,2023-11-11,Офис,Екатеринбург,Корпоратив,7.0,305.17,2136.19,1422.89,713.3
732,2024-12-09,Офис,Санкт-Петербург,Потребитель,17.0,2126.3,36147.1,20521.28,15625.82
733,2024-10-10,Канцелярия,Самара,Потребитель,4.0,579.77,2319.08,1553.16,765.92
734,2023-09-11,Канцелярия,Екатеринбург,Потребитель,4.0,1071.25,4285.0,3047.91,1237.09
735,2023-03-08,Дом и сад,Новосибирск,Потребитель,4.0,1101.94,4407.76,2512.86,1894.9
736,2023-06-10,Офис,Новосибирск,Потребитель,6.0,3539.85,-1.0,13854.53,7384.57
737,2024-05-23,Офис,Санкт-Петербург,Корпоратив,2.0,551.56,1103.12,670.24,432.88
738,2023-07-25,Дом и сад,Санкт-Петербург,Мелкий опт,6.0,255.43,1532.58,878.43,654.15
739,2024-02-29,Офис,Москва,Мелкий опт,7.0,378.29,2648.03,1987.04,660.99
740,2024-03-17,Офис,Самара,Мелкий опт,0.0,993.69,-1.0,0.0,0.0
741,2023-06-04,Канцелярия,Самара,Потребитель,13.0,689.86,8968.18,6248.68,2719.5
742,2023-06-15,Канцелярия,Самара,Мелкий опт,7.0,148.95,1042.65,704.26,338.39
743,2024-05-23,Техника,Москва,Потребитель,2.0,348.98,697.96,557.5,140.46
744,2023-01-11,Техника,Екатеринбург,Потребитель,8.0,300.81,2406.48,1411.75,994.73
745,2024-10-12,Канцелярия,Екатеринбург,Мелкий опт,14.0,659.85,9237.9,6798.98,2438.92
746,2024-12-27,Дом и сад,Самара,Мелкий опт,0.0,674.01,0.0,0.0,0.0
747,2024-07-02,Офис,Новосибирск,Потребитель,16.0,2609.48,41751.68,32694.05,9057.63
748,2023-08-25,Техника,Санкт-Петербург,Потребитель,8.0,290.55,2324.4,1773.4,551.0
749,2023-03-16,Техника,Самара,Корпоратив,9.0,1259.51,11335.59,7984.92,3350.67
750,2023-10-14,Техника,Санкт-Петербург,Потребитель,38.0,178.11,6768.18,4537.31,2230.87
751,2024-04-14,Техника,Санкт-Петербург,Корпоратив,1.0,258.56,258.56,160.32,98.24
752,2024-10-14,Техника,Самара,Потребитель,6.0,380.65,2283.9,1681.1,602.8
753,2023-09-18,Офис,Санкт-Петербург,Потребитель,19.0,428.43,8140.17,4841.02,3299.15
754,2024-09-13,Офис,Санкт-Петербург,Потребитель,10.0,104.86,1048.6,727.75,320.85
755,2024-10-08,Мебель,Самара,Потребитель,7.0,557.68,3903.76,2559.08,1344.68
756,2023-04-27,Офис,Москва,Потребитель,99.0,1103.71,109267.29,82955.57,26311.72
757,2024-03-12,Мебель,Санкт-Петербург,Потребитель,23.0,334.29,7688.67,6000.86,1687.81
758,2023-08-04,Дом и сад,Москва,Потребитель,4.0,362.96,1451.84,1127.88,323.96
759,2023-02-19,Мебель,Екатеринбург,Корпоратив,3.0,259.45,778.35,506.08,272.27
760,2023-06-11,Офис,Екатеринбург,Потребитель,5.0,772.2,3861.0,3083.53,777.47
761,2023-04-01,Канцелярия,Новосибирск,Потребитель,5.0,75.22,376.1,257.59,118.51
762,2024-11-08,Дом и сад,Екатеринбург,Потребитель,1.0,194.69,194.69,139.84,54.85
763,2023-07-29,Мебель,Самара,Корпоратив,16.0,217.61,3481.76,2466.57,1015.19
764,2024-02-29,Канцелярия,Москва,Потребитель,12.0,253.22,3038.64,2313.99,724.65
765,2023-12-16,Мебель,Москва,Потребитель,9.0,1345.86,12112.74,7585.77,4526.97
766,2023-01-17,Дом и сад,Москва,Потребитель,94.0,555.66,52232.04,38248.92,13983.12
767,2023-03-26,Офис,Москва,Потребитель,17.0,106.97,1818.49,1214.97,603.52
768,2024-02-28,Дом и сад,Новосибирск,Потребитель,64.0,387.08,24773.12,18955.51,5817.61
769,2023-09-06,Дом и сад,Москва,Корпоратив,11.0,482.59,5308.49,3390.75,1917.74
770,2024-04-19,Дом и сад,Екатеринбург,Потребитель,10.0,188.69,1886.9,1257.25,629.65
771,2024-11-30,Дом и сад,Санкт-Петербург,Потребитель,22.0,287.28,6320.16,3749.64,2570.52
772,2024-03-03,Дом и сад,Екатеринбург,Корпоратив,31.0,389.49,12074.19,6662.89,5411.3
773,2023-11-23,Техника,Москва,Потребитель,123.0,154.75,-1.0,11798.05,7236.2
774,2024-08-04,Дом и сад,Москва,Мелкий опт,6.0,1101.7,6610.2,4563.4,2046.8
775,2023-07-17,Дом и сад,Новосибирск,Мелкий опт,18.0,52.14,938.52,740.24,198.28
776,2023-06-20,Канцелярия,Самара,Потребитель,28.0,249.51,6986.28,4255.56,2730.72
777,2023-02-28,Техника,Новосибирск,Корпоратив,13.0,235.01,3055.13,2427.53,627.6
778,2023-08-22,Офис,Екатеринбург,Корпоратив,1.0,384.0,384.0,295.39,88.61
779,2023-08-19,Дом и сад,Москва,Потребитель,17.0,1281.5,21785.5,14852.27,6933.23
780,2024-03-03,Мебель,Новосибирск,Корпоратив,10.0,583.84,5838.4,4318.78,1519.62
781,2023-08-12,Офис,Москва,Потребитель,11.0,160.09,1760.99,1328.17,432.82
782,2023-05-04,Канцелярия,Санкт-Петербург,Корпоратив,8.0,726.59,5812.72,3725.08,2087.64
783,2023-01-06,Офис,Новосибирск,Потребитель,34.0,259.37,8818.58,6542.66,2275.92
784,2024-04-05,Офис,Москва,Мелкий опт,19.0,110.62,2101.78,1639.02,462.76
785,2023-08-15,Техника,Самара,Потребитель,10.0,65.42,654.2,430.56,223.64
786,2023-10-09,Техника,Новосибирск,Потребитель,3.0,531.69,1595.07,1103.75,491.32
787,2023-05-02,Мебель,Санкт-Петербург,Потребитель,24.0,169.71,4073.04,2723.12,1349.92
788,2024-12-02,Офис,Екатеринбург,Мелкий опт,12.0,1238.81,14865.72,9882.72,4983.0
789,2024-01-31,Мебель,Самара,Потребитель,31.0,505.56,15672.36,10582.27,5090.09
790,2023-04-29,Мебель,Москва,Потребитель,25.0,323.68,8092.0,6111.51,1980.49
791,2024-09-16,Дом и сад,Самара,Корпоратив,16.0,213.82,3421.12,2436.16,984.96
792,2024-02-15,Мебель,Москва,Потребитель,32.0,336.93,10781.76,7410.46,3371.3
793,2024-04-30,Техника,Санкт-Петербург,Корпоратив,5.0,942.88,4714.4,3106.79,1607.61
794,2024-07-04,Мебель,Екатеринбург,Мелкий опт,15.0,318.18,4772.7,3777.86,994.84
795,2024-07-15,Канцелярия,Самара,Потребитель,8.0,112.67,901.36,550.44,350.92
796,2024-12-01,Дом и сад,Самара,Потребитель,34.0,1061.97,36106.98,26099.35,10007.63
797,2024-10-25,Дом и сад,Санкт-Петербург,Мелкий опт,8.0,67.45,539.6,389.24,150.36
798,2024-03-07,Техника,Екатеринбург,Мелкий опт,3.0,623.28,1869.84,1328.59,541.25
799,2023-09-27,Техника,Екатеринбург,Потребитель,3.0,766.31,2298.93,1752.01,546.92
800,2024-08-02,Дом и сад,Самара,Мелкий опт,5.0,371.05,1855.25,1143.16,712.09
801,2024-02-27,Мебель,Екатеринбург,Корпоратив,9.0,268.15,2413.35,1439.53,973.82
802,2023-07-04,Дом и сад,Новосибирск,Потребитель,96.0,564.62,54203.52,40207.7,13995.82
803,2024-06-24,Офис,Санкт-Петербург,Потребитель,9.0,146.09,1314.81,787.32,527.49
804,2023-08-11,Канцелярия,Москва,Потребитель,4.0,1533.66,6134.64,3991.71,2142.93
805,2023-01-19,Техника,Санкт-Петербург,Потребитель,5.0,722.73,3613.65,2651.55,962.1
806,2024-12-07,Техника,Новосибирск,Корпоратив,3.0,368.59,1105.77,765.86,339.91
807,2024-12-14,Канцелярия,Самара,Потребитель,7.0,169.42,1185.94,872.44,313.5
808,2023-06-24,Канцелярия,Новосибирск,Корпоратив,11.0,444.39,4888.29,2778.24,2110.05
809,2024-02-15,Дом и сад,Самара,Потребитель,33.0,374.14,12346.62,7668.99,4677.63
810,2024-12-18,Канцелярия,Москва,Потребитель,10.0,364.94,3649.4,2542.97,1106.43
811,2024-02-29,Офис,Санкт-Петербург,Мелкий опт,13.0,187.3,2434.9,1620.08,814.82
812,2024-06-27,Мебель,Новосибирск,Корпоратив,2.0,1106.58,2213.16,1466.95,746.21
813,2023-02-01,Офис,Новосибирск,Потребитель,44.0,218.13,9597.72,6153.69,3444.03
814,2023-10-01,Дом и сад,Москва,Корпоратив,16.0,284.57,4553.12,3391.37,1161.75
815,2024-04-20,Дом и сад,Екатеринбург,Корпоратив,51.0,227.26,11590.26,9200.91,2389.35
816,2024-08-04,Мебель,Новосибирск,Мелкий опт,1.0,445.86,445.86,300.31,145.55
817,2024-08-27,Канцелярия,Санкт-Петербург,Потребитель,3.0,618.69,1856.07,1345.03,511.04
818,2023-12-12,Дом и сад,Санкт-Петербург,Потребитель,7.0,234.71,1642.97,1052.81,590.16
819,2024-07-22,Мебель,Екатеринбург,Корпоратив,7.0,172.68,1208.76,756.18,452.58
820,2023-04-02,Мебель,Новосибирск,Мелкий опт,4.0,620.41,2481.64,1457.04,1024.6
821,2023-03-07,Канцелярия,Екатеринбург,Корпоратив,2.0,636.16,1272.32,755.16,517.16
822,2023-09-28,Офис,Самара,Потребитель,11.0,270.99,2980.89,1680.53,1300.36
823,2024-08-06,Канцелярия,Москва,Потребитель,15.0,2973.8,44607.0,25024.62,19582.38
824,2023-11-20,Техника,Москва,Потребитель,5.0,726.53,3632.65,2479.96,1152.69
825,2024-11-11,Мебель,Санкт-Петербург,Потребитель,8.0,492.12,3936.96,2320.25,1616.71
826,2023-05-19,Дом и сад,Москва,Потребитель,7.0,413.04,2891.28,2007.1,884.18
827,2023-11-20,Канцелярия,Новосибирск,Потребитель,21.0,226.04,4746.84,2690.63,2056.21
828,2024-04-23,Офис,Новосибирск,Потребитель,12.0,89.62,1075.44,792.83,282.61
829,2024-06-08,Офис,Екатеринбург,Потребитель,19.0,244.65,4648.35,3112.48,1535.87
830,2024-06-08,Мебель,Санкт-Петербург,Потребитель,1.0,442.06,442.06,287.26,154.8
831,2023-02-10,Мебель,Новосибирск,Потребитель,9.0,338.14,3043.26,2254.08,789.18
832,2024-05-20,Дом и сад,Екатеринбург,Корпоратив,2.0,703.42,1406.84,1114.25,292.59
833,2023-01-04,Техника,Новосибирск,Потребитель,9.0,251.16,2260.44,1583.07,677.37
834,2024-09-20,Дом и сад,Екатеринбург,Потребитель,8.0,846.08,6768.64,3835.19,2933.45
835,2024-03-15,Офис,Новосибирск,Мелкий опт,7.0,1443.23,10102.61,5751.37,4351.24
836,2023-09-17,Дом и сад,Екатеринбург,Корпоратив,8.0,461.57,3692.56,2823.08,869.48
837,2023-11-26,Мебель,Москва,Потребитель,3.0,440.75,1322.25,852.71,469.54
838,2023-10-10,Канцелярия,Самара,Корпоратив,2.0,84.75,169.5,110.94,58.56
839,2023-11-19,Офис,Екатеринбург,Мелкий опт,10.0,236.65,2366.5,1403.96,962.54
840,2024-12-12,Офис,Самара,Потребитель,28.0,53.17,1488.76,934.06,554.7
841,2023-10-06,Техника,Новосибирск,Потребитель,67.0,144.61,9688.87,7735.73,1953.14
842,2024-05-03,Техника,Екатеринбург,Потребитель,7.0,1084.27,7589.89,5099.77,2490.12
843,2024-09-28,Офис,Екатеринбург,Мелкий опт,9.0,388.32,3494.88,2693.07,801.81
844,2024-07-07,Мебель,Новосибирск,Потребитель,2.0,978.98,1957.96,1123.62,834.34
845,2024-02-08,Дом и сад,Екатеринбург,Потребитель,9.0,476.81,4291.29,2710.43,1580.86
846,2023-06-15,Канцелярия,Новосибирск,Корпоратив,30.0,199.32,5979.6,4339.1,1640.5
847,2024-02-04,Мебель,Санкт-Петербург,Потребитель,28.0,2144.44,60044.32,38644.28,21400.04
848,2023-03-23,Дом и сад,Новосибирск,Потребитель,12.0,375.1,4501.2,2953.41,1547.79
849,2024-07-28,Техника,Самара,Корпоратив,41.0,197.6,8101.6,6071.47,2030.13
850,2023-01-07,Мебель,Санкт-Петербург,Потребитель,3.0,372.3,1116.9,886.73,230.17
851,2023-02-07,Техника,Екатеринбург,Потребитель,7.0,441.27,3088.89,2363.14,725.75
852,2024-10-04,Канцелярия,Самара,Потребитель,9.0,899.33,-1.0,5796.99,2296.98
853,2023-01-07,Канцелярия,Санкт-Петербург,Потребитель,0.0,147.46,0.0,0.0,0.0
854,2024-01-28,Офис,Новосибирск,Корпоратив,16.0,355.84,5693.44,4356.28,1337.16
855,2024-02-15,Канцелярия,Москва,Потребитель,4.0,605.85,2423.4,1551.55,871.85
856,2024-09-30,Канцелярия,Санкт-Петербург,Потребитель,14.0,574.94,8049.16,5497.24,2551.92
857,2023-04-19,Дом и сад,Санкт-Петербург,Корпоратив,15.0,388.46,5826.9,3570.62,2256.28
858,2024-09-26,Дом и сад,Самара,Потребитель,13.0,325.55,4232.15,3264.33,967.82
859,2024-04-20,Мебель,Санкт-Петербург,Потребитель,14.0,1909.18,26728.52,15608.25,11120.27
860,2023-10-10,Мебель,Москва,Мелкий опт,20.0,195.53,3910.6,2184.58,1726.02
861,2024-02-17,Офис,Новосибирск,Потребитель,5.0,583.7,2918.5,1889.39,1029.11
862,2023-02-02,Техника,Москва,Потребитель,3.0,168.02,504.06,368.31,135.75
863,2023-08-29,Офис,Новосибирск,Мелкий опт,4.0,781.92,3127.68,1877.1,1250.58
864,2024-07-01,Техника,Самара,Потребитель,14.0,94.72,1326.08,842.04,484.04
865,2024-03-09,Дом и сад,Самара,Корпоратив,84.0,889.03,74678.52,45607.4,29071.12
866,2024-08-22,Канцелярия,Самара,Потребитель,4.0,441.2,1764.8,1135.83,628.97
867,2024-03-01,Офис,Москва,Потребитель,9.0,186.46,1678.14,1194.61,483.53
868,2023-11-02,Офис,Москва,Потребитель,9.0,1080.72,9726.48,7524.37,2202.11
869,2023-05-12,Канцелярия,Москва,Потребитель,12.0,357.17,4286.04,3077.86,1208.18
870,2024-11-15,Техника,Екатеринбург,Потребитель,8.0,573.01,4584.08,3182.1,1401.98
871,2023-05-25,Техника,Москва,Потребитель,10.0,248.06,2480.6,1430.62,1049.98
872,2024-11-28,Офис,Санкт-Петербург,Потребитель,36.0,1083.2,38995.2,28498.59,10496.61
873,2023-11-27,Офис,Москва,Мелкий опт,5.0,123.52,617.6,438.69,178.91
874,2023-03-15,Офис,Самара,Потребитель,6.0,366.29,2197.74,1478.84,718.9
875,2023-12-19,Техника,Санкт-Петербург,Потребитель,5.0,361.69,1808.45,1373.04,435.41
876,2023-07-28,Техника,Москва,Мелкий опт,13.0,79.54,1034.02,592.01,442.01
877,2024-02-16,Дом и сад,Москва,Мелкий опт,12.0,197.79,2373.48,1386.1,987.38
878,2023-11-23,Канцелярия,Екатеринбург,Корпоратив,32.0,96.46,3086.72,1999.55,1087.17
879,2024-03-12,Техника,Новосибирск,Потребитель,13.0,163.89,2130.57,1621.74,508.83
880,2024-02-21,Дом и сад,Екатеринбург,Мелкий опт,8.0,197.02,1576.16,1138.79,437.37
881,2024-04-14,Офис,Екатеринбург,Корпоратив,4.0,346.97,1387.88,966.43,421.45
882,2024-02-02,Мебель,Самара,Потребитель,3.0,1072.83,3218.49,1820.98,1397.51
883,2023-12-02,Дом и сад,Самара,Мелкий опт,6.0,89.81,538.86,330.08,208.78
884,2023-05-15,Офис,Екатеринбург,Корпоратив,4.0,739.03,2956.12,1771.82,1184.3
885,2024-01-28,Мебель,Санкт-Петербург,Потребитель,20.0,1101.57,22031.4,12931.8,9099.6
886,2024-04-26,Офис,Новосибирск,Потребитель,11.0,991.09,10901.99,8012.82,2889.17
887,2023-10-23,Техника,Новосибирск,Потребитель,2.0,750.4,1500.8,1019.34,481.46
888,2024-11-18,Офис,Екатеринбург,Потребитель,3.0,439.72,1319.16,851.49,467.67
889,2024-07-26,Канцелярия,Самара,Мелкий опт,16.0,395.72,6331.52,4008.9,2322.62
890,2023-05-22,Техника,Санкт-Петербург,Потребитель,3.0,640.52,1921.56,1328.67,592.89
891,2023-01-08,Канцелярия,Самара,Потребитель,2.0,216.02,432.04,281.51,150.53
892,2024-08-03,Мебель,Екатеринбург,Потребитель,28.0,287.56,8051.68,5738.25,2313.43
893,2023-02-27,Канцелярия,Самара,Мелкий опт,3.0,205.75,617.25,475.85,141.4
894,2024-10-13,Мебель,Екатеринбург,Потребитель,3.0,574.99,1724.97,1071.43,653.54
895,2023-05-31,Офис,Новосибирск,Корпоратив,114.0,994.74,113400.36,75790.17,37610.19
896,2024-04-07,Канцелярия,Екатеринбург,Корпоратив,5.0,717.28,3586.4,2730.49,855.91
897,2023-11-06,Канцелярия,Екатеринбург,Потребитель,7.0,462.06,3234.42,1787.4,1447.02
898,2024-11-04,Техника,Санкт-Петербург,Корпоратив,5.0,397.57,1987.85,1210.34,777.51
899,2024-06-23,Техника,Самара,Корпоратив,5.0,185.73,928.65,741.09,187.56
900,2024-09-24,Техника,Екатеринбург,Потребитель,9.0,264.4,2379.6,1348.5,1031.1
901,2024-12-31,Дом и сад,Москва,Корпоратив,5.0,267.82,1339.1,889.31,449.79
902,2024-02-07,Офис,Екатеринбург,Корпоратив,5.0,238.99,1194.95,826.76,368.19
903,2024-12-10,Офис,Екатеринбург,Потребитель,6.0,591.62,3549.72,2083.84,1465.88
904,2023-03-09,Дом и сад,Новосибирск,Корпоратив,15.0,437.07,6556.05,3731.06,2824.99
905,2023-04-19,Дом и сад,Москва,Потребитель,1.0,841.24,841.24,516.59,324.65
906,2024-04-30,Техника,Самара,Потребитель,17.0,231.1,3928.7,2264.14,1664.56
907,2023-08-05,Офис,Екатеринбург,Мелкий опт,1.0,618.69,618.69,359.56,259.13
908,2023-09-27,Канцелярия,Москва,Корпоратив,3.0,269.68,809.04,511.79,297.25
909,2024-09-14,Канцелярия,Новосибирск,Корпоратив,11.0,180.97,1990.67,1127.72,862.95
910,2023-12-12,Канцелярия,Самара,Потребитель,12.0,413.92,4967.04,3792.24,1174.8
911,2023-12-17,Мебель,Екатеринбург,Корпоратив,13.0,270.43,3515.59,2504.08,1011.51
912,2024-03-13,Дом и сад,Екатеринбург,Потребитель,6.0,542.98,3257.88,1969.54,1288.34
913,2023-06-07,Дом и сад,Новосибирск,Потребитель,6.0,328.56,1971.36,1216.43,754.93
914,2023-10-11,Канцелярия,Москва,Потребитель,4.0,123.69,494.76,377.47,117.29
915,2023-03-26,Мебель,Новосибирск,Корпоратив,21.0,314.26,6599.46,4219.17,2380.29
916,2024-03-17,Техника,Самара,Потребитель,6.0,327.51,1965.06,1154.93,810.13
917,2023-08-27,Дом и сад,Санкт-Петербург,Потребитель,2.0,586.69,1173.38,863.8,309.58
918,2023-09-19,Техника,Москва,Мелкий опт,0.0,949.56,0.0,0.0,0.0
919,2023-10-11,Канцелярия,Санкт-Петербург,Мелкий опт,2.0,599.46,1198.92,937.43,261.49
920,2023-04-04,Офис,Новосибирск,Корпоратив,5.0,458.19,2290.95,1322.4,968.55
921,2023-07-21,Офис,Самара,Потребитель,23.0,377.33,8678.59,6406.95,2271.64
922,2024-02-22,Офис,Екатеринбург,Потребитель,16.0,365.44,5847.04,3781.42,2065.62
923,2023-10-21,Канцелярия,Новосибирск,Потребитель,19.0,234.09,4447.71,3173.55,1274.16
924,2023-09-02,Дом и сад,Новосибирск,Корпоратив,7.0,208.1,1456.7,1061.63,395.07
925,2023-10-21,Дом и сад,Санкт-Петербург,Потребитель,23.0,115.09,2647.07,1485.15,1161.92
926,2023-07-26,Дом и сад,Санкт-Петербург,Корпоратив,6.0,209.13,1254.78,986.28,268.5
927,2023-12-10,Дом и сад,Екатеринбург,Корпоратив,28.0,701.71,19647.88,12013.29,7634.59
928,2024-03-16,Техника,Новосибирск,Корпоратив,14.0,687.49,9624.86,6156.83,3468.03
929,2024-05-11,Офис,Санкт-Петербург,Потребитель,5.0,381.94,1909.7,1474.67,435.03
930,2024-04-06,Дом и сад,Москва,Потребитель,18.0,462.97,8333.46,5911.41,2422.05
931,2023-05-25,Техника,Самара,Корпоратив,21.0,428.22,8992.62,5083.81,3908.81
932,2023-11-04,Офис,Москва,Потребитель,22.0,312.29,6870.38,4678.28,2192.1
933,2024-05-25,Дом и сад,Санкт-Петербург,Потребитель,29.0,283.82,8230.78,5367.94,2862.84
934,2023-07-20,Дом и сад,Новосибирск,Мелкий опт,6.0,437.11,2622.66,1497.53,1125.13
935,2024-12-11,Дом и сад,Екатеринбург,Корпоратив,4.0,258.71,1034.84,663.84,371.0
936,2023-01-20,Канцелярия,Москва,Корпоратив,6.0,227.05,1362.3,822.83,539.47
937,2023-01-09,Офис,Санкт-Петербург,Потребитель,7.0,162.12,1134.84,711.43,423.41
938,2023-01-19,Офис,Екатеринбург,Потребитель,4.0,224.92,899.68,562.6,337.08
939,2024-03-20,Дом и сад,Санкт-Петербург,Корпоратив,80.0,630.05,50404.0,34964.91,15439.09
940,2024-11-03,Техника,Санкт-Петербург,Потребитель,10.0,464.91,4649.1,3560.33,1088.77
941,2024-01-27,Офис,Самара,Мелкий опт,5.0,191.74,958.7,595.83,362.87
942,2024-03-06,Техника,Самара,Корпоратив,19.0,929.32,17657.08,10444.71,7212.37
943,2024-05-27,Канцелярия,Новосибирск,Корпоратив,19.0,111.12,2111.28,1619.1,492.18
944,2023-09-15,Канцелярия,Самара,Корпоратив,1.0,528.5,-1.0,293.2,235.3
945,2023-01-29,Офис,Екатеринбург,Потребитель,11.0,255.5,2810.5,1555.39,1255.11
946,2023-12-03,Дом и сад,Санкт-Петербург,Корпоратив,11.0,801.07,8811.77,5149.67,3662.1
947,2023-05-26,Офис,Новосибирск,Корпоратив,32.0,185.63,5940.16,3959.41,1980.75
948,2023-02-16,Техника,Екатеринбург,Потребитель,22.0,327.2,7198.4,5481.39,1717.01
949,2023-12-23,Офис,Самара,Потребитель,5.0,578.29,2891.45,2244.55,646.9
950,2024-07-16,Канцелярия,Санкт-Петербург,Мелкий опт,4.0,526.43,2105.72,1566.83,538.89
951,2024-03-21,Мебель,Санкт-Петербург,Корпоратив,42.0,701.9,29479.8,22226.98,7252.82
952,2024-08-26,Офис,Новосибирск,Потребитель,4.0,351.8,1407.2,800.32,606.88
953,2023-11-23,Техника,Новосибирск,Потребитель,6.0,2022.48,12134.88,8437.66,3697.22
954,2024-01-22,Дом и сад,Москва,Мелкий опт,51.0,298.83,15240.33,10527.81,4712.52
955,2023-06-28,Офис,Новосибирск,Корпоратив,5.0,193.81,969.05,618.64,350.41
956,2023-12-28,Дом и сад,Москва,Потребитель,4.0,422.14,1688.56,1154.59,533.97
957,2024-05-20,Дом и сад,Новосибирск,Корпоратив,8.0,205.93,1647.44,1124.9,522.54
958,2023-06-30,Дом и сад,Новосибирск,Потребитель,16.0,150.24,2403.84,1328.75,1075.09
959,2024-05-30,Дом и сад,Самара,Корпоратив,10.0,316.67,3166.7,2251.0,915.7
960,2024-10-01,Офис,Самара,Корпоратив,9.0,372.92,3356.28,1902.23,1454.05
961,2023-06-11,Мебель,Самара,Потребитель,21.0,171.67,3605.07,2821.64,783.43
962,2024-06-13,Техника,Новосибирск,Корпоратив,36.0,129.96,4678.56,3141.86,1536.7
963,2024-01-19,Дом и сад,Санкт-Петербург,Потребитель,10.0,517.49,5174.9,3318.33,1856.57
964,2024-10-19,Офис,Санкт-Петербург,Потребитель,1.0,1192.36,1192.36,801.32,391.04
965,2024-06-16,Дом и сад,Самара,Корпоратив,12.0,279.95,3359.4,2655.89,703.51
966,2023-11-20,Дом и сад,Екатеринбург,Потребитель,16.0,559.82,8957.12,6405.44,2551.68
967,2023-04-19,Офис,Самара,Потребитель,16.0,1134.96,18159.36,10366.95,7792.41
968,2023-07-16,Дом и сад,Екатеринбург,Потребитель,7.0,459.54,3216.78,1840.71,1376.07
969,2023-12-06,Техника,Екатеринбург,Потребитель,22.0,309.26,6803.72,4481.31,2322.41
970,2023-05-16,Канцелярия,Москва,Корпоратив,12.0,1378.19,16538.28,10115.76,6422.52
971,2024-08-11,Техника,Новосибирск,Потребитель,0.0,342.96,0.0,0.0,0.0
972,2023-06-28,Канцелярия,Новосибирск,Мелкий опт,26.0,516.3,13423.8,10090.72,3333.08
973,2023-02-16,Офис,Самара,Корпоратив,9.0,439.06,3951.54,2215.67,1735.87
974,2023-04-24,Мебель,Самара,Корпоратив,9.0,164.53,1480.77,896.51,584.26
975,2024-03-18,Канцелярия,Санкт-Петербург,Потребитель,14.0,162.24,2271.36,1507.22,764.14
976,2023-01-27,Канцелярия,Екатеринбург,Потребитель,135.0,180.36,24348.6,15901.95,8446.65
977,2024-01-17,Канцелярия,Екатеринбург,Потребитель,4.0,482.62,1930.48,1265.07,665.41
978,2024-12-08,Канцелярия,Москва,Корпоратив,12.0,688.16,8257.92,6602.39,1655.53
979,2023-01-20,Офис,Москва,Потребитель,8.0,705.72,5645.76,3339.99,2305.77
980,2023-08-29,Канцелярия,Москва,Мелкий опт,2.0,544.2,1088.4,621.82,466.58
981,2024-12-23,Дом и сад,Новосибирск,Потребитель,5.0,436.53,2182.65,1603.03,579.62
982,2024-08-25,Техника,Москва,Потребитель,12.0,153.14,1837.68,1263.68,574.0
983,2024-03-25,Мебель,Новосибирск,Корпоратив,71.0,191.65,13607.15,8534.86,5072.29
984,2024-01-19,Дом и сад,Санкт-Петербург,Потребитель,33.0,1395.6,46054.8,25394.77,20660.03
985,2024-04-02,Офис,Новосибирск,Корпоратив,50.0,185.98,9299.0,7113.34,2185.66
986,2024-06-25,Канцелярия,Екатеринбург,Потребитель,16.0,579.86,9277.76,5774.42,3503.34
987,2023-08-28,Дом и сад,Новосибирск,Потребитель,,506.26,2025.04,1204.12,820.92
988,2023-10-10,Канцелярия,Новосибирск,Корпоратив,0.0,309.14,0.0,0.0,0.0
989,2023-01-21,Техника,Москва,Корпоратив,9.0,149.46,1345.14,1065.3,279.84
990,2023-10-13,Дом и сад,Самара,Потребитель,3.0,367.53,1102.59,783.1,319.49
991,2023-09-28,Офис,Новосибирск,Потребитель,6.0,286.96,1721.76,1138.14,583.62
992,2024-08-03,Дом и сад,Самара,Потребитель,38.0,211.99,8055.62,4912.83,3142.79
993,2023-06-03,Офис,Москва,Потребитель,11.0,680.77,7488.47,4508.15,2980.32
994,2024-02-01,Техника,Екатеринбург,Корпоратив,6.0,474.05,2844.3,1713.21,1131.09
995,2024-08-21,Дом и сад,Санкт-Петербург,Потребитель,16.0,191.21,3059.36,2204.24,855.12
996,2023-03-13,Канцелярия,Новосибирск,Корпоратив,15.0,110.61,1659.15,1070.58,588.57
997,2024-11-21,Дом и сад,Новосибирск,Потребитель,44.0,416.98,18347.12,14502.2,3844.92
998,2024-05-20,Дом и сад,Екатеринбург,Корпоратив,5.0,332.29,1661.45,1251.87,409.58
999,2023-04-05,Техника,Екатеринбург,Корпоратив,6.0,318.16,1908.96,1372.18,536.78
1000,2023-12-18,Техника,Москва,Потребитель,18.0,350.04,6300.72,3582.99,2717.73
1001,2023-08-04,Техника,Новосибирск,Потребитель,3.0,562.31,1686.93,1117.09,569.84
1002,2023-05-09,Мебель,Новосибирск,Потребитель,,1506.49,18077.88,11394.04,6683.84
1003,2023-06-29,Техника,Санкт-Петербург,Потребитель,8.0,1880.18,15041.44,11350.07,3691.37
1004,2023-06-01,Офис,Санкт-Петербург,Потребитель,2.0,538.31,1076.62,845.54,231.08
1005,2024-08-28,Канцелярия,Санкт-Петербург,Потребитель,5.0,233.06,1165.3,857.76,307.54
1006,2024-10-05,Офис,Новосибирск,Корпоратив,7.0,2246.76,15727.32,11266.64,4460.68
1007,2023-01-05,Техника,Санкт-Петербург,Потребитель,6.0,190.76,1144.56,831.91,312.65
1008,2023-09-13,Офис,Самара,Мелкий опт,2.0,437.89,875.78,700.57,175.21
1009,2023-07-16,Дом и сад,Санкт-Петербург,Потребитель,28.0,655.72,18360.16,11978.42,6381.74
1010,2023-02-26,Офис,Екатеринбург,Мелкий опт,14.0,526.19,7366.66,5183.35,2183.31
1011,2024-08-05,Техника,Москва,Корпоратив,7.0,414.52,2901.64,2067.34,834.3
1012,2023-04-07,Дом и сад,Санкт-Петербург,Потребитель,4.0,310.65,1242.6,972.52,270.08
1013,2024-01-11,Офис,Санкт-Петербург,Потребитель,6.0,154.94,929.64,584.69,344.95
1014,2024-08-21,Техника,Екатеринбург,Корпоратив,13.0,328.08,4265.04,2890.3,1374.74
1015,2023-01-16,Канцелярия,Санкт-Петербург,Корпоратив,11.0,217.08,2387.88,1657.51,730.37
1016,2024-07-11,Мебель,Санкт-Петербург,Мелкий опт,8.0,125.71,1005.68,681.97,323.71
1017,2023-01-18,Мебель,Санкт-Петербург,Потребитель,5.0,295.93,1479.65,862.97,616.68
1018,2023-02-15,Офис,Самара,Потребитель,3.0,820.89,2462.67,1965.84,496.83
1019,2024-07-17,Дом и сад,Новосибирск,Корпоратив,15.0,322.67,4840.05,2773.06,2066.99
1020,2024-07-04,Офис,Москва,Потребитель,2.0,383.16,766.32,422.04,344.28
1021,2023-12-16,Дом и сад,Новосибирск,Потребитель,23.0,1278.46,29404.58,20301.51,9103.07
1022,2023-04-04,Техника,Екатеринбург,Корпоратив,2.0,113.7,227.4,170.5,56.9
1023,2023-07-19,Дом и сад,Москва,Потребитель,15.0,205.64,3084.6,2198.35,886.25
1024,2024-08-23,Техника,Москва,Потребитель,21.0,666.56,13997.76,8582.9,5414.86
1025,2024-01-17,Офис,Самара,Мелкий опт,9.0,337.51,3037.59,2087.12,950.47
1026,2023-07-01,Канцелярия,Москва,Потребитель,0.0,938.11,0.0,0.0,0.0
1027,2023-11-22,Офис,Самара,Корпоратив,6.0,526.97,3161.82,2500.46,661.36
1028,2023-07-13,Офис,Самара,Потребитель,2.0,855.23,1710.46,1159.19,551.27
1029,2024-05-17,Техника,Екатеринбург,Корпоратив,18.0,500.69,-1.0,5497.41,3515.01
1030,2024-02-18,Канцелярия,Екатеринбург,Мелкий опт,2.0,1539.54,3079.08,2145.26,933.82
1031,2024-08-15,Канцелярия,Москва,Потребитель,6.0,127.81,766.86,555.94,210.92
1032,2024-06-29,Мебель,Москва,Потребитель,3.0,337.49,1012.47,640.85,371.62
1033,2023-11-25,Канцелярия,Екатеринбург,Потребитель,3.0,610.52,1831.56,1193.98,637.58
1034,2024-02-03,Офис,Новосибирск,Корпоратив,5.0,297.34,1486.7,1089.08,397.62
1035,2023-10-28,Канцелярия,Новосибирск,Потребитель,11.0,2202.98,24232.78,15699.64,8533.14
1036,2024-12-19,Мебель,Новосибирск,Потребитель,29.0,980.56,28436.24,18319.61,10116.63
1037,2024-09-09,Канцелярия,Новосибирск,Корпоратив,2.0,428.39,856.78,626.9,229.88
1038,2023-02-25,Канцелярия,Самара,Потребитель,5.0,4745.74,23728.7,17294.24,6434.46
1039,2023-01-15,Дом и сад,Екатеринбург,Потребитель,7.0,268.09,1876.63,1417.37,459.26
1040,2023-07-06,Дом и сад,Екатеринбург,Корпоратив,14.0,470.23,6583.22,5076.53,1506.69
1041,2023-12-27,Дом и сад,Екатеринбург,Корпоратив,6.0,706.34,4238.04,2661.84,1576.2
1042,2023-10-10,Офис,Москва,Мелкий опт,,138.02,-1.0,1846.28,776.1
1043,2024-04-05,Офис,Самара,Потребитель,49.0,308.06,15094.94,9996.28,5098.66
1044,2024-11-18,Мебель,Екатеринбург,Потребитель,29.0,274.67,7965.43,4952.95,3012.48
1045,2024-06-25,Техника,Екатеринбург,Мелкий опт,3.0,1428.95,4286.85,2649.18,1637.67
1046,2024-05-05,Дом и сад,Самара,Потребитель,6.0,134.96,809.76,560.2,249.56
1047,2024-11-08,Офис,Москва,Корпоратив,8.0,511.52,4092.16,3200.4,891.76
1048,2023-08-03,Дом и сад,Екатеринбург,Мелкий опт,2.0,2595.03,5190.06,2976.24,2213.82
1049,2023-07-27,Дом и сад,Новосибирск,Потребитель,55.0,403.31,22182.05,15542.27,6639.78
1050,2024-06-28,Техника,Санкт-Петербург,Корпоратив,11.0,289.21,3181.31,2295.07,886.24
1051,2023-07-23,Техника,Москва,Потребитель,3.0,150.18,450.54,261.87,188.67
1052,2023-12-02,Мебель,Новосибирск,Потребитель,10.0,257.48,2574.8,1761.09,813.71
1053,2023-09-04,Канцелярия,Новосибирск,Потребитель,9.0,592.54,5332.86,4248.42,1084.44
1054,2023-02-26,Канцелярия,Самара,Потребитель,9.0,254.66,2291.94,1613.58,678.36
1055,2023-12-11,Мебель,Екатеринбург,Корпоратив,7.0,476.41,-1.0,2036.02,1298.85
1056,2023-02-09,Дом и сад,Санкт-Петербург,Корпоратив,9.0,747.6,6728.4,3727.52,3000.88
1057,2024-08-06,Дом и сад,Екатеринбург,Потребитель,12.0,425.27,5103.24,3368.91,1734.33
1058,2024-02-14,Дом и сад,Самара,Потребитель,5.0,916.29,4581.45,3239.5,1341.95
1059,2023-12-26,Техника,Санкт-Петербург,Потребитель,9.0,600.07,5400.63,3790.66,1609.97
1060,2024-12-13,Техника,Новосибирск,Мелкий опт,6.0,120.44,722.64,554.69,167.95
1061,2023-12-24,Техника,Самара,Потребитель,3.0,347.46,1042.38,749.64,292.74
1062,2023-11-14,Канцелярия,Екатеринбург,Корпоратив,2.0,974.19,1948.38,1451.86,496.52
1063,2024-01-29,Мебель,Екатеринбург,Потребитель,75.0,409.8,30735.0,24053.26,6681.74
1064,2023-06-12,Канцелярия,Самара,Потребитель,4.0,307.72,1230.88,743.75,487.13
1065,2023-10-02,Техника,Санкт-Петербург,Корпоратив,2.0,619.48,1238.96,757.83,481.13
1066,2024-05-18,Канцелярия,Екатеринбург,Корпоратив,3.0,224.14,672.42,488.7,183.72
1067,2023-06-02,Офис,Самара,Потребитель,3.0,606.77,1820.31,1373.04,447.27
1068,2024-10-20,Мебель,Новосибирск,Потребитель,,227.7,683.1,534.89,148.21
1069,2024-09-19,Дом и сад,Новосибирск,Потребитель,15.0,166.74,2501.1,1849.43,651.67
1070,2023-03-22,Мебель,Санкт-Петербург,Корпоратив,8.0,452.24,3617.92,2257.79,1360.13
1071,2024-03-16,Канцелярия,Самара,Потребитель,10.0,490.62,4906.2,3195.46,1710.74
1072,2024-10-07,Дом и сад,Санкт-Петербург,Мелкий опт,15.0,352.85,5292.75,2954.7,2338.05
1073,2024-11-02,Мебель,Самара,Потребитель,7.0,1131.99,7923.93,5936.78,1987.15
1074,2024-04-27,Офис,Санкт-Петербург,Потребитель,28.0,124.15,3476.2,2613.65,862.55
1075,2023-01-04,Канцелярия,Самара,Мелкий опт,4.0,334.02,1336.08,840.9,495.18
1076,2024-08-19,Офис,Новосибирск,Корпоратив,1.0,159.81,159.81,97.43,62.38
1077,2023-03-03,Канцелярия,Санкт-Петербург,Потребитель,5.0,513.47,2567.35,1622.27,945.08
1078,2024-09-26,Офис,Москва,Потребитель,12.0,647.44,7769.28,5088.86,2680.42
1079,2023-01-23,Канцелярия,Екатеринбург,Потребитель,12.0,569.36,6832.32,5271.83,1560.49
1080,2024-02-29,Офис,Москва,Потребитель,9.0,512.83,4615.47,2888.14,1727.33
1081,2024-09-18,Канцелярия,Самара,Мелкий опт,11.0,593.03,6523.33,3622.22,2901.11
1082,2024-06-24,Канцелярия,Самара,Мелкий опт,18.0,1039.54,18711.72,12415.11,6296.61
1083,2023-04-23,Дом и сад,Екатеринбург,Потребитель,37.0,1339.43,49558.91,30755.78,18803.13
1084,2023-04-22,Мебель,Самара,Потребитель,28.0,180.02,5040.56,2825.2,2215.36
1085,2024-07-25,Техника,Самара,Корпоратив,7.0,554.99,3884.93,2934.46,950.47
1086,2024-08-02,Дом и сад,Новосибирск,Корпоратив,5.0,434.92,2174.6,1551.71,622.89
1087,2023-09-30,Дом и сад,Екатеринбург,Потребитель,12.0,677.45,8129.4,6185.81,1943.59
1088,2024-08-10,Мебель,Екатеринбург,Корпоратив,14.0,66.3,928.2,725.21,202.99
1089,2024-09-23,Дом и сад,Екатеринбург,Потребитель,8.0,710.53,5684.24,3802.74,1881.5
1090,2024-02-18,Дом и сад,Санкт-Петербург,Потребитель,3.0,336.94,1010.82,578.76,432.06
1091,2024-03-24,Мебель,Санкт-Петербург,Потребитель,3.0,2337.97,7013.91,4486.38,2527.53
1092,2024-06-27,Канцелярия,Санкт-Петербург,Потребитель,4.0,421.56,1686.24,1331.21,355.03
1093,2024-05-12,Офис,Москва,Мелкий опт,4.0,405.08,1620.32,1023.19,597.13
1094,2024-09-14,Офис,Москва,Потребитель,27.0,111.84,3019.68,1755.8,1263.88
1095,2024-01-21,Офис,Новосибирск,Потребитель,10.0,195.93,1959.3,1503.56,455.74
1096,2023-12-10,Дом и сад,Екатеринбург,Корпоратив,8.0,392.85,3142.8,2146.15,996.65
1097,2024-02-08,Дом и сад,Новосибирск,Потребитель,6.0,1679.6,10077.6,7736.05,2341.55
1098,2024-06-07,Дом и сад,Москва,Потребитель,25.0,478.25,11956.25,9385.69,2570.56
1099,2023-12-22,Канцелярия,Москва,Мелкий опт,8.0,195.21,1561.68,1240.03,321.65
1100,2024-12-13,Канцелярия,Екатеринбург,Корпоратив,9.0,1814.43,16329.87,11281.48,5048.39
1101,2023-02-20,Офис,Санкт-Петербург,Мелкий опт,18.0,254.05,4572.9,2654.29,1918.61
1102,2023-01-24,Мебель,Екатеринбург,Потребитель,7.0,455.75,3190.25,1829.28,1360.97
1103,2023-08-18,Дом и сад,Новосибирск,Потребитель,9.0,348.14,3133.26,1826.09,1307.17
1104,2024-04-22,Техника,Санкт-Петербург,Потребитель,18.0,1879.47,33830.46,20355.79,13474.67
1105,2023-11-28,Канцелярия,Новосибирск,Потребитель,22.0,5259.7,115713.4,77258.49,38454.91
1106,2024-10-25,Офис,Санкт-Петербург,Мелкий опт,8.0,2368.86,18950.88,14193.84,4757.04
1107,2024-07-19,Мебель,Екатеринбург,Потребитель,7.0,639.24,4474.68,3473.84,1000.84
1108,2024-09-27,Мебель,Москва,Корпоратив,37.0,71.28,2637.36,1896.82,740.54
1109,2023-11-21,Дом и сад,Екатеринбург,Потребитель,12.0,1091.74,13100.88,7967.78,5133.1
1110,2024-12-11,Техника,Москва,Мелкий опт,27.0,416.94,11257.38,7250.84,4006.54
1111,2023-05-30,Канцелярия,Самара,Потребитель,2.0,665.4,1330.8,977.33,353.47
1112,2023-07-06,Офис,Санкт-Петербург,Корпоратив,4.0,222.03,888.12,511.28,376.84
1113,2023-11-11,Мебель,Екатеринбург,Корпоратив,8.0,1095.73,8765.84,5183.85,3581.99
1114,2023-04-30,Техника,Екатеринбург,Корпоратив,3.0,578.06,1734.18,976.11,758.07
1115,2023-04-10,Дом и сад,Новосибирск,Мелкий опт,21.0,1113.32,23379.72,14598.57,8781.15
1116,2023-09-30,Дом и сад,Екатеринбург,Потребитель,18.0,454.15,8174.7,6427.61,1747.09
1117,2023-02-09,Дом и сад,Новосибирск,Потребитель,5.0,2391.0,11955.0,6957.93,4997.07
1118,2024-03-25,Офис,Санкт-Петербург,Корпоратив,13.0,270.79,3520.27,2016.62,1503.65
1119,2024-06-08,Мебель,Екатеринбург,Потребитель,28.0,2003.97,56111.16,42626.22,13484.94
1120,2024-04-01,Дом и сад,Новосибирск,Потребитель,61.0,163.99,10003.39,7343.12,2660.27
1121,2024-05-27,Техника,Москва,Потребитель,4.0,1032.66,4130.64,3153.27,977.37
1122,2023-10-22,Мебель,Москва,Корпоратив,1.0,876.67,876.67,627.0,249.67
1123,2024-03-03,Техника,Екатеринбург,Потребитель,5.0,680.82,3404.1,2439.74,964.36
1124,2023-12-29,Офис,Санкт-Петербург,Потребитель,2.0,876.77,1753.54,1357.0,396.54
1125,2024-12-08,Канцелярия,Москва,Корпоратив,11.0,903.21,9935.31,6293.91,3641.4
1126,2023-02-27,Канцелярия,Новосибирск,Корпоратив,10.0,261.66,2616.6,1573.44,1043.16
1127,2023-01-08,Техника,Москва,Потребитель,,247.29,2720.19,2142.39,577.8
1128,2024-01-01,Офис,Екатеринбург,Потребитель,7.0,46.03,322.21,219.97,102.24
1129,2023-08-31,Техника,Самара,Потребитель,3.0,328.82,986.46,752.9,233.56
1130,2024-04-14,Офис,Новосибирск,Мелкий опт,5.0,931.38,4656.9,3367.21,1289.69
1131,2024-12-12,Мебель,Екатеринбург,Потребитель,4.0,318.44,1273.76,761.54,512.22
1132,2023-03-08,Офис,Москва,Корпоратив,35.0,819.95,28698.25,18420.62,10277.63
1133,2024-01-21,Канцелярия,Самара,Потребитель,14.0,154.88,2168.32,1420.96,747.36
1134,2023-01-02,Дом и сад,Москва,Корпоратив,24.0,158.75,3810.0,2106.3,1703.7
1135,2024-05-21,Офис,Санкт-Петербург,Потребитель,7.0,155.2,1086.4,648.1,438.3
1136,2023-04-22,Мебель,Екатеринбург,Потребитель,3.0,643.72,1931.16,1095.91,835.25
1137,2024-02-20,Канцелярия,Москва,Корпоратив,28.0,885.62,24797.36,13855.62,10941.74
1138,2023-12-21,Дом и сад,Самара,Мелкий опт,43.0,263.83,11344.69,8178.77,3165.92
1139,2023-04-04,Мебель,Москва,Корпоратив,5.0,288.67,1443.35,1062.07,381.28
1140,2023-04-18,Канцелярия,Санкт-Петербург,Корпоратив,1.0,448.81,448.81,340.99,107.82
1141,2024-09-08,Дом и сад,Екатеринбург,Корпоратив,2.0,287.57,575.14,419.03,156.11
1142,2024-08-27,Мебель,Новосибирск,Корпоратив,21.0,578.77,12154.17,7849.56,4304.61
1143,2024-06-05,Канцелярия,Самара,Мелкий опт,5.0,953.33,4766.65,3376.86,1389.79
1144,2024-11-15,Канцелярия,Санкт-Петербург,Потребитель,35.0,936.32,32771.2,19191.21,13579.99
1145,2024-06-03,Канцелярия,Новосибирск,Корпоратив,19.0,599.94,11398.86,8867.9,2530.96
1146,2024-08-07,Техника,Санкт-Петербург,Корпоратив,14.0,348.55,4879.7,3273.78,1605.92
1147,2023-08-30,Дом и сад,Санкт-Петербург,Мелкий опт,11.0,391.37,4305.07,2908.97,1396.1
1148,2023-04-05,Офис,Самара,Корпоратив,29.0,487.48,14136.92,10655.28,3481.64
1149,2023-07-10,Дом и сад,Санкт-Петербург,Корпоратив,14.0,449.09,6287.26,3640.15,2647.11
1150,2024-08-10,Дом и сад,Санкт-Петербург,Потребитель,3.0,761.91,2285.73,1325.39,960.34
1151,2024-04-07,Канцелярия,Екатеринбург,Мелкий опт,14.0,921.29,12898.06,9775.11,3122.95
1152,2024-11-13,Дом и сад,Новосибирск,Потребитель,6.0,792.67,4756.02,3582.42,1173.6
1153,2024-10-01,Офис,Новосибирск,Потребитель,13.0,127.0,1651.0,977.97,673.03
1154,2024-02-22,Дом и сад,Самара,Потребитель,8.0,1001.83,8014.64,6376.35,1638.29
1155,2023-08-28,Техника,Екатеринбург,Потребитель,17.0,1111.27,18891.59,12593.18,6298.41
1156,2024-01-04,Дом и сад,Самара,Корпоратив,13.0,210.45,2735.85,2165.26,570.59
1157,2024-01-29,Канцелярия,Санкт-Петербург,Корпоратив,5.0,517.99,2589.95,2005.91,584.04
1158,2024-06-08,Техника,Москва,Потребитель,37.0,1245.92,46099.04,26694.69,19404.35
1159,2023-07-07,Канцелярия,Москва,Потребитель,3.0,553.24,1659.72,958.54,701.18
1160,2023-04-25,Канцелярия,Новосибирск,Потребитель,9.0,586.27,5276.43,3230.0,2046.43
1161,2023-11-23,Канцелярия,Екатеринбург,Потребитель,7.0,154.79,1083.53,792.63,290.9
1162,2024-07-16,Офис,Самара,Мелкий опт,7.0,2175.56,15228.92,9437.31,5791.61
1163,2023-06-03,Дом и сад,Москва,Потребитель,5.0,386.32,1931.6,1402.64,528.96
1164,2024-12-05,Офис,Самара,Корпоратив,18.0,241.77,-1.0,3071.95,1279.91
1165,2023-01-07,Мебель,Самара,Потребитель,15.0,973.75,14606.25,8454.36,6151.89
1166,2024-02-16,Мебель,Новосибирск,Корпоратив,,690.79,3453.95,2553.7,900.25
1167,2024-11-12,Офис,Самара,Корпоратив,35.0,360.53,12618.55,7693.03,4925.52
1168,2024-08-31,Мебель,Москва,Корпоратив,6.0,503.16,3018.96,2202.41,816.55
1169,2023-01-04,Дом и сад,Самара,Потребитель,5.0,69.88,349.4,276.0,73.4
1170,2023-05-24,Дом и сад,Санкт-Петербург,Корпоратив,10.0,515.27,5152.7,3515.13,1637.57
1171,2023-07-04,Канцелярия,Самара,Корпоратив,8.0,187.32,-1.0,1179.99,318.57
1172,2023-11-08,Канцелярия,Екатеринбург,Потребитель,5.0,362.67,1813.35,1424.84,388.51
1173,2023-06-17,Дом и сад,Екатеринбург,Мелкий опт,10.0,738.5,7385.0,4547.45,2837.55
1174,2024-10-23,Канцелярия,Екатеринбург,Потребитель,63.0,179.5,11308.5,8034.95,3273.55
1175,2023-06-07,Техника,Екатеринбург,Корпоратив,2.0,330.42,660.84,411.68,249.16
1176,2024-04-26,Офис,Екатеринбург,Мелкий опт,8.0,542.47,4339.76,2609.14,1730.62
1177,2023-12-22,Канцелярия,Москва,Потребитель,12.0,608.35,7300.2,5090.43,2209.77
1178,2023-08-31,Канцелярия,Самара,Потребитель,3.0,249.97,749.91,497.66,252.25
1179,2024-06-09,Дом и сад,Екатеринбург,Корпоратив,0.0,1834.19,0.0,0.0,0.0
1180,2024-07-01,Дом и сад,Самара,Потребитель,2.0,181.37,362.74,273.84,88.9
1181,2023-06-28,Техника,Новосибирск,Потребитель,1.0,247.19,247.19,139.39,107.8
1182,2023-01-14,Канцелярия,Новосибирск,Корпоратив,4.0,551.1,2204.4,1301.1,903.3
1183,2023-05-28,Дом и сад,Москва,Потребитель,4.0,222.33,889.32,642.94,246.38
1184,2024-08-17,Дом и сад,Москва,Потребитель,10.0,212.2,2122.0,1266.45,855.55
1185,2024-05-02,Техника,Санкт-Петербург,Корпоратив,2.0,73.72,147.44,87.75,59.69
1186,2023-07-18,Канцелярия,Санкт-Петербург,Потребитель,6.0,677.09,4062.54,2263.37,1799.17
1187,2024-09-26,Офис,Санкт-Петербург,Корпоратив,48.0,128.13,6150.24,4584.06,1566.18
1188,2024-09-24,Мебель,Новосибирск,Мелкий опт,25.0,577.57,14439.25,9851.27,4587.98
1189,2024-08-12,Дом и сад,Москва,Потребитель,10.0,767.69,7676.9,4637.98,3038.92
1190,2023-11-24,Дом и сад,Екатеринбург,Потребитель,4.0,306.7,1226.8,773.06,453.74
1191,2024-06-07,Техника,Самара,Корпоратив,6.0,330.41,1982.46,1094.78,887.68
1192,2023-12-15,Канцелярия,Новосибирск,Потребитель,14.0,642.72,8998.08,6238.76,2759.32
1193,2024-06-21,Дом и сад,Новосибирск,Потребитель,7.0,1743.08,12201.56,7521.49,4680.07
1194,2024-10-16,Техника,Новосибирск,Потребитель,11.0,362.37,3986.07,2297.06,1689.01
1195,2024-11-30,Дом и сад,Новосибирск,Потребитель,1.0,131.22,131.22,82.18,49.04
1196,2024-01-16,Дом и сад,Санкт-Петербург,Корпоратив,15.0,272.15,4082.25,2336.33,1745.92
1197,2023-03-31,Техника,Новосибирск,Потребитель,6.0,818.49,4910.94,3889.0,1021.94
1198,2023-07-03,Дом и сад,Москва,Корпоратив,5.0,135.81,679.05,455.84,223.21
1199,2024-04-25,Дом и сад,Москва,Потребитель,12.0,758.33,9099.96,5263.01,3836.95
1200,2024-06-04,Канцелярия,Екатеринбург,Потребитель,2.0,1283.41,2566.82,1783.29,783.53
1201,2024-08-20,Мебель,Самара,Потребитель,2.0,338.24,676.48,381.49,294.99
1202,2024-05-24,Канцелярия,Санкт-Петербург,Потребитель,7.0,356.29,2494.03,1457.64,1036.39
1203,2024-03-18,Дом и сад,Самара,Потребитель,12.0,480.02,5760.24,4443.05,1317.19
1204,2024-07-18,Канцелярия,Екатеринбург,Корпоратив,7.0,653.02,4571.14,3563.18,1007.96
1205,2024-05-19,Канцелярия,Москва,Мелкий опт,38.0,291.78,11087.64,8730.2,2357.44
1206,2023-01-27,Канцелярия,Новосибирск,Потребитель,11.0,317.26,3489.86,2074.97,1414.89
1207,2023-10-24,Техника,Москва,Потребитель,18.0,567.53,10215.54,6663.39,3552.15
1208,2023-02-23,Дом и сад,Санкт-Петербург,Потребитель,3.0,310.84,932.52,574.6,357.92
1209,2023-09-25,Дом и сад,Екатеринбург,Потребитель,3.0,841.49,2524.47,1775.11,749.36
1210,2023-05-31,Дом и сад,Самара,Корпоратив,9.0,645.05,5805.45,3678.74,2126.71
1211,2023-07-15,Техника,Самара,Мелкий опт,3.0,260.59,781.77,553.82,227.95
1212,2024-05-16,Мебель,Екатеринбург,Корпоратив,5.0,233.13,1165.65,921.91,243.74
1213,2024-08-04,Мебель,Новосибирск,Корпоратив,3.0,183.07,549.21,325.86,223.35
1214,2023-06-16,Техника,Новосибирск,Потребитель,59.0,169.56,10004.04,6108.94,3895.1
1215,2023-01-15,Офис,Самара,Потребитель,31.0,123.55,3830.05,2866.51,963.54
1216,2024-10-10,Техника,Екатеринбург,Потребитель,4.0,784.32,3137.28,2249.4,887.88
1217,2023-09-14,Офис,Екатеринбург,Корпоратив,28.0,456.09,12770.52,10037.68,2732.84
1218,2024-08-18,Техника,Москва,Потребитель,3.0,1805.92,5417.76,3154.93,2262.83
1219,2024-07-16,Офис,Москва,Потребитель,7.0,2088.12,14616.84,9325.95,5290.89
1220,2023-09-23,Дом и сад,Екатеринбург,Потребитель,11.0,93.07,1023.77,644.26,379.51
1221,2023-01-18,Дом и сад,Новосибирск,Корпоратив,4.0,483.15,1932.6,1462.49,470.11
1222,2024-01-15,Техника,Новосибирск,Потребитель,7.0,356.96,2498.72,1719.73,778.99
1223,2024-10-18,Офис,Санкт-Петербург,Потребитель,23.0,335.18,7709.14,5111.34,2597.8
1224,2023-04-06,Дом и сад,Санкт-Петербург,Корпоратив,15.0,263.1,3946.5,2275.15,1671.35
1225,2024-03-10,Дом и сад,Екатеринбург,Корпоратив,5.0,203.92,1019.6,683.61,335.99
1226,2023-04-08,Дом и сад,Новосибирск,Мелкий опт,3.0,389.56,1168.68,756.08,412.6
1227,2024-08-01,Техника,Санкт-Петербург,Мелкий опт,1.0,289.16,289.16,224.57,64.59
1228,2024-06-06,Техника,Самара,Мелкий опт,4.0,123.13,492.52,315.07,177.45
1229,2023-12-03,Офис,Санкт-Петербург,Потребитель,3.0,27.52,82.56,65.57,16.99
1230,2023-01-26,Дом и сад,Москва,Потребитель,28.0,456.8,12790.4,9919.07,2871.33
1231,2024-09-04,Дом и сад,Екатеринбург,Потребитель,5.0,265.91,1329.55,963.52,366.03
1232,2023-09-07,Офис,Новосибирск,Потребитель,1.0,713.96,713.96,542.55,171.41
1233,2023-11-18,Офис,Санкт-Петербург,Корпоратив,28.0,140.5,3934.0,2977.14,956.86
1234,2024-01-30,Офис,Новосибирск,Мелкий опт,3.0,110.88,332.64,253.6,79.04
1235,2023-12-10,Офис,Новосибирск,Потребитель,10.0,160.32,1603.2,1248.54,354.66
1236,2024-12-08,Техника,Екатеринбург,Мелкий опт,18.0,1669.12,30044.16,20442.99,9601.17
1237,2024-12-15,Офис,Екатеринбург,Потребитель,23.0,514.15,11825.45,9330.66,2494.79
1238,2023-09-05,Канцелярия,Новосибирск,Корпоратив,7.0,1090.91,7636.37,6084.49,1551.88
1239,2024-07-12,Дом и сад,Москва,Потребитель,11.0,147.19,1619.09,987.43,631.66
1240,2024-09-17,Техника,Санкт-Петербург,Корпоратив,10.0,321.38,3213.8,2230.26,983.54
1241,2024-06-25,Дом и сад,Екатеринбург,Корпоратив,1.0,470.99,470.99,359.2,111.79
1242,2023-07-15,Дом и сад,Самара,Потребитель,4.0,692.9,2771.6,2170.51,601.09
1243,2024-12-24,Офис,Москва,Потребитель,4.0,359.04,1436.16,932.47,503.69
1244,2023-01-22,Офис,Екатеринбург,Корпоратив,6.0,1015.51,6093.06,4684.56,1408.5
1245,2024-02-19,Офис,Санкт-Петербург,Потребитель,5.0,2305.56,11527.8,6792.14,4735.66
1246,2024-01-03,Дом и сад,Санкт-Петербург,Корпоратив,5.0,56.19,-1.0,179.24,101.71
1247,2024-11-21,Техника,Самара,Мелкий опт,14.0,171.29,2398.06,1750.29,647.77
1248,2023-03-09,Дом и сад,Самара,Потребитель,59.0,524.58,30950.22,20488.87,10461.35
1249,2023-09-03,Техника,Новосибирск,Корпоратив,70.0,937.93,65655.1,44268.99,21386.11
1250,2023-01-09,Дом и сад,Санкт-Петербург,Потребитель,7.0,24.88,174.16,99.79,74.37
1251,2023-08-10,Канцелярия,Екатеринбург,Корпоратив,13.0,114.28,1485.64,846.79,638.85
1252,2024-12-04,Дом и сад,Москва,Корпоратив,10.0,64.89,648.9,480.11,168.79
1253,2024-11-01,Офис,Екатеринбург,Потребитель,20.0,528.94,10578.8,7195.4,3383.4
1254,2023-03-30,Дом и сад,Самара,Мелкий опт,3.0,867.2,2601.6,1453.51,1148.09
1255,2024-04-22,Канцелярия,Санкт-Петербург,Корпоратив,8.0,1531.01,12248.08,9172.53,3075.55
1256,2024-08-06,Техника,Екатеринбург,Корпоратив,5.0,302.17,1510.85,931.52,579.33
1257,2023-01-30,Офис,Новосибирск,Потребитель,3.0,541.74,1625.22,1299.54,325.68
1258,2024-01-20,Дом и сад,Екатеринбург,Потребитель,4.0,316.87,1267.48,792.47,475.01
1259,2024-10-08,Техника,Самара,Потребитель,14.0,563.42,7887.88,5758.8,2129.08
1260,2023-05-20,Канцелярия,Самара,Корпоратив,34.0,583.15,19827.1,12290.27,7536.83
1261,2024-02-05,Дом и сад,Екатеринбург,Корпоратив,3.0,1152.87,3458.61,2509.61,949.0
1262,2023-01-11,Дом и сад,Санкт-Петербург,Потребитель,4.0,172.88,691.52,537.48,154.04
1263,2023-09-12,Офис,Новосибирск,Мелкий опт,7.0,108.28,757.96,509.65,248.31
1264,2024-06-29,Канцелярия,Москва,Потребитель,9.0,563.34,5070.06,3620.37,1449.69
1265,2024-10-11,Дом и сад,Санкт-Петербург,Потребитель,3.0,370.0,1110.0,872.35,237.65
1266,2024-09-17,Канцелярия,Москва,Корпоратив,3.0,595.64,1786.92,1172.12,614.8
1267,2024-12-06,Техника,Новосибирск,Потребитель,10.0,126.09,1260.9,930.82,330.08
1268,2023-03-26,Мебель,Москва,Потребитель,18.0,1726.53,31077.54,24617.21,6460.33
1269,2024-09-19,Техника,Новосибирск,Потребитель,3.0,268.06,804.18,449.43,354.75
1270,2024-02-18,Техника,Екатеринбург,Потребитель,6.0,189.83,1138.98,697.47,441.51
1271,2024-11-25,Канцелярия,Новосибирск,Мелкий опт,6.0,750.72,4504.32,3105.33,1398.99
1272,2024-12-23,Дом и сад,Москва,Потребитель,25.0,268.45,6711.25,4518.18,2193.07
1273,2024-10-06,Офис,Санкт-Петербург,Потребитель,6.0,371.18,2227.08,1597.1,629.98
1274,2023-12-10,Офис,Новосибирск,Потребитель,7.0,1280.09,8960.63,5214.06,3746.57
1275,2024-01-22,Дом и сад,Санкт-Петербург,Корпоратив,14.0,695.78,9740.92,5362.68,4378.24
1276,2024-10-31,Канцелярия,Санкт-Петербург,Корпоратив,0.0,804.56,0.0,0.0,0.0
1277,2024-07-03,Канцелярия,Санкт-Петербург,Корпоратив,2.0,105.53,211.06,146.22,64.84
1278,2023-01-16,Дом и сад,Самара,Корпоратив,15.0,147.09,2206.35,1409.91,796.44
1279,2024-07-27,Канцелярия,Екатеринбург,Мелкий опт,14.0,690.87,9672.18,6425.94,3246.24
1280,2023-04-27,Канцелярия,Москва,Потребитель,15.0,501.82,7527.3,5926.37,1600.93
1281,2024-12-10,Канцелярия,Самара,Потребитель,8.0,694.03,5552.24,4340.21,1212.03
1282,2024-03-02,Мебель,Москва,Корпоратив,8.0,289.44,2315.52,1306.51,1009.01
1283,2023-08-07,Мебель,Екатеринбург,Мелкий опт,2.0,754.74,1509.48,1189.25,320.23
1284,2024-07-28,Мебель,Санкт-Петербург,Мелкий опт,5.0,166.53,832.65,576.44,256.21
1285,2023-06-06,Офис,Екатеринбург,Мелкий опт,30.0,82.51,2475.3,1815.67,659.63
1286,2023-03-03,Дом и сад,Новосибирск,Корпоратив,8.0,1173.27,9386.16,6343.32,3042.84
1287,2024-04-15,Канцелярия,Самара,Корпоратив,17.0,1828.93,31091.81,22639.41,8452.4
1288,2023-11-18,Дом и сад,Самара,Потребитель,4.0,303.48,1213.92,945.21,268.71
1289,2024-12-15,Канцелярия,Санкт-Петербург,Потребитель,,142.05,1704.6,1291.94,412.66
1290,2023-01-12,Техника,Самара,Потребитель,12.0,312.86,3754.32,2247.95,1506.37
1291,2023-12-13,Канцелярия,Санкт-Петербург,Корпоратив,5.0,245.31,1226.55,978.1,248.45
1292,2024-09-26,Мебель,Новосибирск,Потребитель,3.0,404.18,1212.54,684.71,527.83
1293,2023-06-09,Дом и сад,Екатеринбург,Потребитель,22.0,269.24,5923.28,4364.73,1558.55
1294,2023-08-09,Дом и сад,Самара,Корпоратив,5.0,211.15,1055.75,730.28,325.47
1295,2024-07-01,Канцелярия,Москва,Потребитель,16.0,292.01,4672.16,3364.73,1307.43
1296,2024-07-16,Канцелярия,Санкт-Петербург,Корпоратив,2.0,171.85,343.7,204.38,139.32
1297,2023-02-19,Дом и сад,Новосибирск,Потребитель,1.0,762.52,762.52,540.34,222.18
1298,2023-04-04,Мебель,Москва,Корпоратив,3.0,282.16,846.48,494.01,352.47
1299,2023-12-31,Офис,Новосибирск,Корпоратив,5.0,212.07,1060.35,711.07,349.28
1300,2023-09-18,Дом и сад,Екатеринбург,Потребитель,25.0,479.36,11984.0,8852.88,3131.12
1301,2023-07-09,Дом и сад,Екатеринбург,Потребитель,22.0,779.41,17147.02,11318.69,5828.33
1302,2024-05-29,Канцелярия,Екатеринбург,Потребитель,13.0,215.59,2802.67,1795.56,1007.11
1303,2023-07-18,Техника,Екатеринбург,Потребитель,8.0,118.47,-1.0,652.09,295.67
1304,2024-09-01,Техника,Самара,Корпоратив,7.0,462.53,3237.71,2430.37,807.34
1305,2024-01-13,Канцелярия,Екатеринбург,Корпоратив,3.0,254.96,764.88,608.46,156.42
1306,2023-06-06,Техника,Санкт-Петербург,Потребитель,9.0,339.53,3055.77,2137.55,918.22
1307,2023-11-24,Офис,Санкт-Петербург,Корпоратив,17.0,398.11,6767.87,4011.4,2756.47
1308,2024-03-30,Техника,Екатеринбург,Потребитель,1.0,206.0,206.0,156.64,49.36
1309,2024-04-03,Дом и сад,Новосибирск,Корпоратив,18.0,251.17,-1.0,2898.14,1622.92
1310,2024-02-22,Мебель,Екатеринбург,Потребитель,2.0,731.85,1463.7,1157.17,306.53
1311,2024-07-17,Дом и сад,Новосибирск,Потребитель,5.0,814.32,4071.6,2337.63,1733.97
1312,2023-10-05,Офис,Самара,Потребитель,4.0,680.95,2723.8,1885.37,838.43
1313,2024-07-16,Техника,Москва,Корпоратив,27.0,452.61,12220.47,8546.89,3673.58
1314,2023-05-31,Дом и сад,Москва,Корпоратив,5.0,1468.93,7344.65,4204.82,3139.83
1315,2024-09-20,Дом и сад,Новосибирск,Потребитель,3.0,418.51,1255.53,720.35,535.18
1316,2024-08-08,Дом и сад,Новосибирск,Корпоратив,9.0,748.13,6733.17,4071.12,2662.05
1317,2023-05-12,Дом и сад,Москва,Потребитель,44.0,137.7,6058.8,3657.63,2401.17
1318,2024-08-01,Канцелярия,Новосибирск,Потребитель,5.0,344.81,1724.05,966.63,757.42
1319,2024-02-24,Канцелярия,Екатеринбург,Корпоратив,31.0,273.12,8466.72,5394.94,3071.78
1320,2023-10-01,Канцелярия,Самара,Мелкий опт,0.0,775.71,0.0,0.0,0.0
1321,2023-11-28,Техника,Санкт-Петербург,Корпоратив,34.0,646.37,21976.58,13407.64,8568.94
1322,2023-03-28,Мебель,Екатеринбург,Корпоратив,5.0,948.91,4744.55,3033.56,1710.99
1323,2024-11-23,Техника,Москва,Потребитель,3.0,665.81,1997.43,1400.89,596.54
1324,2024-04-19,Канцелярия,Москва,Потребитель,17.0,325.83,5539.11,3149.43,2389.68
1325,2024-09-23,Канцелярия,Екатеринбург,Потребитель,6.0,696.83,4180.98,2804.58,1376.4
1326,2023-06-17,Канцелярия,Санкт-Петербург,Корпоратив,6.0,414.03,2484.18,1422.22,1061.96
1327,2024-02-17,Дом и сад,Москва,Потребитель,8.0,344.31,2754.48,1882.37,872.11
1328,2023-06-09,Мебель,Санкт-Петербург,Потребитель,4.0,234.85,939.4,601.43,337.97
1329,2023-07-03,Дом и сад,Самара,Потребитель,5.0,388.8,1944.0,1299.61,644.39
1330,2024-01-03,Офис,Новосибирск,Мелкий опт,11.0,413.84,4552.24,3607.62,944.62
1331,2023-04-17,Офис,Екатеринбург,Потребитель,28.0,202.59,5672.52,3434.4,2238.12
1332,2024-12-04,Офис,Новосибирск,Мелкий опт,8.0,294.61,2356.88,1395.76,961.12
1333,2024-08-26,Дом и сад,Москва,Потребитель,27.0,2026.06,54703.62,43676.92,11026.7
1334,2024-04-02,Дом и сад,Санкт-Петербург,Мелкий опт,6.0,416.83,2500.98,1480.91,1020.07
1335,2024-08-09,Техника,Екатеринбург,Потребитель,8.0,326.48,2611.84,1457.01,1154.83
1336,2023-05-12,Канцелярия,Екатеринбург,Потребитель,9.0,878.52,7906.68,6240.65,1666.03
1337,2024-05-27,Офис,Новосибирск,Потребитель,3.0,1502.79,4508.37,2561.73,1946.64
1338,2023-06-02,Офис,Екатеринбург,Мелкий опт,3.0,194.61,583.83,451.97,131.86
1339,2024-02-24,Техника,Новосибирск,Мелкий опт,24.0,204.48,4907.52,2763.55,2143.97
1340,2024-05-07,Офис,Новосибирск,Мелкий опт,5.0,221.02,1105.1,646.56,458.54
1341,2024-12-06,Дом и сад,Екатеринбург,Потребитель,60.0,962.51,57750.6,32278.26,25472.34
1342,2024-01-21,Дом и сад,Самара,Потребитель,10.0,122.42,1224.2,929.39,294.81
1343,2023-10-01,Мебель,Екатеринбург,Мелкий опт,84.0,439.28,36899.52,27236.2,9663.32
1344,2024-11-15,Дом и сад,Москва,Мелкий опт,2.0,490.15,980.3,679.69,300.61
1345,2023-03-22,Офис,Новосибирск,Мелкий опт,34.0,517.36,17590.24,11795.67,5794.57
1346,2024-08-17,Дом и сад,Москва,Мелкий опт,2.0,281.58,563.16,404.58,158.58
1347,2023-04-20,Техника,Санкт-Петербург,Корпоратив,8.0,297.21,2377.68,1842.9,534.78
1348,2023-11-07,Мебель,Новосибирск,Мелкий опт,10.0,251.18,2511.8,1526.82,984.98
1349,2024-10-27,Офис,Санкт-Петербург,Мелкий опт,2.0,412.86,825.72,542.64,283.08
1350,2024-12-02,Канцелярия,Самара,Потребитель,23.0,174.39,4010.97,2772.14,1238.83
1351,2024-06-22,Офис,Санкт-Петербург,Мелкий опт,26.0,190.29,4947.54,3890.52,1057.02
1352,2023-11-19,Дом и сад,Самара,Мелкий опт,16.0,248.8,3980.8,2385.99,1594.81
1353,2024-09-16,Дом и сад,Екатеринбург,Корпоратив,8.0,403.18,3225.44,2514.79,710.65
1354,2024-05-11,Дом и сад,Москва,Потребитель,3.0,150.4,451.2,347.3,103.9
1355,2024-11-03,Мебель,Самара,Корпоратив,2.0,401.99,803.98,471.36,332.62
1356,2024-12-26,Дом и сад,Новосибирск,Потребитель,6.0,66.19,397.14,300.45,96.69
1357,2024-03-15,Офис,Новосибирск,Потребитель,17.0,388.36,6602.12,4203.88,2398.24
1358,2024-09-04,Офис,Екатеринбург,Мелкий опт,6.0,427.17,2563.02,1915.56,647.46
1359,2023-05-27,Дом и сад,Новосибирск,Мелкий опт,15.0,624.89,9373.35,5682.03,3691.32
1360,2024-08-29,Мебель,Самара,Потребитель,10.0,1194.73,11947.3,9180.82,2766.48
1361,2024-12-05,Техника,Екатеринбург,Мелкий опт,14.0,453.35,6346.9,4682.63,1664.27
1362,2023-10-02,Дом и сад,Самара,Мелкий опт,14.0,968.8,13563.2,8343.07,5220.13
1363,2023-05-25,Канцелярия,Москва,Потребитель,3.0,186.52,559.56,424.56,135.0
1364,2023-12-23,Техника,Екатеринбург,Корпоратив,2.0,524.36,1048.72,728.17,320.55
1365,2023-12-07,Канцелярия,Самара,Потребитель,14.0,167.44,2344.16,1578.42,765.74
1366,2023-03-06,Мебель,Самара,Корпоратив,2.0,306.18,612.36,459.15,153.21
1367,2024-11-11,Мебель,Самара,Потребитель,1.0,65.2,65.2,44.14,21.06
1368,2024-09-11,Техника,Самара,Корпоратив,5.0,222.18,1110.9,739.99,370.91
1369,2023-07-02,Дом и сад,Самара,Корпоратив,16.0,399.63,6394.08,4048.94,2345.14
1370,2023-06-24,Мебель,Самара,Потребитель,23.0,346.23,7963.29,4538.72,3424.57
1371,2024-07-30,Канцелярия,Новосибирск,Мелкий опт,3.0,930.6,2791.8,1710.84,1080.96
1372,2023-02-13,Офис,Новосибирск,Корпоратив,45.0,223.2,10044.0,7956.37,2087.63
1373,2023-04-02,Техника,Екатеринбург,Потребитель,11.0,253.29,2786.19,1644.21,1141.98
1374,2024-05-16,Офис,Новосибирск,Потребитель,14.0,118.64,1660.96,913.87,747.09
1375,2024-06-28,Канцелярия,Москва,Корпоратив,3.0,1883.19,5649.57,4434.97,1214.6
1376,2024-05-09,Дом и сад,Санкт-Петербург,Потребитель,9.0,141.82,1276.38,960.94,315.44
1377,2023-05-29,Канцелярия,Самара,Мелкий опт,10.0,266.04,2660.4,2080.85,579.55
1378,2023-05-03,Дом и сад,Самара,Корпоратив,1.0,187.23,187.23,126.7,60.53
1379,2023-05-19,Канцелярия,Самара,Потребитель,54.0,195.4,10551.6,6291.8,4259.8
1380,2024-08-04,Офис,Санкт-Петербург,Корпоратив,26.0,397.59,10337.34,5755.86,4581.48
1381,2024-09-11,Техника,Новосибирск,Мелкий опт,4.0,241.09,964.36,626.43,337.93
1382,2023-12-16,Мебель,Екатеринбург,Корпоратив,3.0,303.57,910.71,554.64,356.07
1383,2023-11-20,Офис,Екатеринбург,Потребитель,5.0,100.52,502.6,359.79,142.81
1384,2024-03-21,Техника,Новосибирск,Потребитель,7.0,207.37,1451.59,859.8,591.79
1385,2023-04-25,Дом и сад,Самара,Потребитель,3.0,896.99,2690.97,1664.13,1026.84
1386,2024-08-26,Офис,Москва,Потребитель,26.0,809.46,21045.96,16669.48,4376.48
1387,2024-02-16,Мебель,Москва,Корпоратив,16.0,538.22,8611.52,4856.61,3754.91
1388,2024-08-02,Канцелярия,Самара,Корпоратив,11.0,155.06,1705.66,1264.28,441.38
1389,2024-06-27,Дом и сад,Москва,Потребитель,10.0,161.1,1611.0,1256.89,354.11
1390,2023-11-16,Дом и сад,Екатеринбург,Потребитель,10.0,589.63,5896.3,3279.39,2616.91
1391,2023-05-28,Канцелярия,Новосибирск,Мелкий опт,6.0,358.7,2152.2,1563.55,588.65
1392,2024-05-23,Дом и сад,Екатеринбург,Потребитель,11.0,725.84,7984.24,4482.38,3501.86
1393,2024-11-26,Техника,Москва,Потребитель,8.0,206.55,1652.4,918.88,733.52
1394,2024-04-03,Офис,Самара,Потребитель,11.0,104.68,1151.48,866.97,284.51
1395,2024-03-20,Дом и сад,Москва,Мелкий опт,9.0,280.36,2523.24,1861.16,662.08
1396,2023-10-11,Канцелярия,Москва,Потребитель,1.0,460.84,460.84,287.97,172.87
1397,2023-11-04,Мебель,Москва,Потребитель,15.0,143.25,2148.75,1621.88,526.87
1398,2023-12-02,Офис,Екатеринбург,Мелкий опт,3.0,1419.63,4258.89,2534.56,1724.33
1399,2023-10-20,Офис,Санкт-Петербург,Потребитель,4.0,921.69,3686.76,2335.35,1351.41
1400,2024-02-17,Дом и сад,Санкт-Петербург,Потребитель,83.0,620.62,51511.46,40973.54,10537.92
1401,2023-06-19,Мебель,Новосибирск,Мелкий опт,,323.63,647.26,496.19,151.07
1402,2024-09-15,Техника,Москва,Корпоратив,0.0,575.62,0.0,0.0,0.0
1403,2024-03-03,Офис,Самара,Мелкий опт,12.0,712.19,8546.28,6574.9,1971.38
1404,2024-07-23,Офис,Санкт-Петербург,Потребитель,7.0,1221.61,8551.27,5460.09,3091.18
1405,2023-11-03,Мебель,Екатеринбург,Потребитель,6.0,460.18,2761.08,1942.04,819.04
1406,2023-07-09,Офис,Новосибирск,Потребитель,1.0,299.36,299.36,210.54,88.82
1407,2023-05-21,Офис,Москва,Потребитель,75.0,233.78,17533.5,11723.55,5809.95
1408,2023-07-26,Техника,Санкт-Петербург,Корпоратив,12.0,412.12,4945.44,2984.74,1960.7
1409,2023-12-21,Техника,Москва,Мелкий опт,9.0,234.58,2111.22,1620.91,490.31
1410,2024-09-13,Дом и сад,Санкт-Петербург,Корпоратив,9.0,478.51,4306.59,3014.47,1292.12
1411,2024-06-05,Дом и сад,Екатеринбург,Потребитель,8.0,723.11,5784.88,3751.46,2033.42
1412,2023-05-17,Техника,Москва,Корпоратив,5.0,407.69,2038.45,1453.67,584.78
1413,2023-01-27,Техника,Санкт-Петербург,Потребитель,15.0,563.7,8455.5,6395.39,2060.11
1414,2024-04-27,Техника,Екатеринбург,Мелкий опт,3.0,793.4,2380.2,1798.99,581.21
1415,2024-09-29,Дом и сад,Москва,Корпоратив,2.0,1818.96,3637.92,2908.35,729.57
1416,2023-08-01,Офис,Москва,Мелкий опт,,585.93,5273.37,3902.9,1370.47
1417,2023-06-19,Мебель,Самара,Корпоратив,37.0,549.04,20314.48,11482.45,8832.03
1418,2024-04-30,Дом и сад,Новосибирск,Мелкий опт,14.0,295.9,4142.6,2869.95,1272.65
1419,2023-10-17,Канцелярия,Новосибирск,Потребитель,45.0,322.37,14506.65,10787.0,3719.65
1420,2024-10-28,Дом и сад,Санкт-Петербург,Потребитель,4.0,1039.86,4159.44,2384.03,1775.41
1421,2023-05-09,Техника,Москва,Потребитель,4.0,1124.87,4499.48,2494.64,2004.84
1422,2023-06-08,Техника,Самара,Потребитель,7.0,667.75,4674.25,2919.82,1754.43
1423,2024-03-26,Офис,Новосибирск,Корпоратив,25.0,115.89,2897.25,1708.14,1189.11
1424,2023-10-16,Техника,Самара,Потребитель,25.0,628.95,15723.75,10397.3,5326.45
1425,2023-08-18,Техника,Москва,Корпоратив,19.0,744.22,14140.18,9148.39,4991.79
1426,2024-03-30,Техника,Самара,Потребитель,15.0,203.84,3057.6,2080.7,976.9
1427,2023-11-20,Мебель,Новосибирск,Мелкий опт,4.0,321.49,1285.96,961.73,324.23
1428,2023-05-12,Техника,Санкт-Петербург,Потребитель,1.0,1254.98,1254.98,876.23,378.75
1429,2024-01-06,Офис,Москва,Мелкий опт,2.0,222.16,444.32,285.2,159.12
1430,2024-08-09,Дом и сад,Самара,Корпоратив,5.0,695.29,3476.45,2693.63,782.82
1431,2023-09-03,Дом и сад,Самара,Потребитель,32.0,343.45,10990.4,6617.37,4373.03
1432,2024-01-04,Мебель,Москва,Потребитель,13.0,303.15,3940.95,2839.33,1101.62
1433,2023-10-21,Офис,Москва,Корпоратив,17.0,287.26,4883.42,2769.89,2113.53
1434,2023-03-01,Дом и сад,Санкт-Петербург,Потребитель,4.0,368.21,1472.84,977.41,495.43
1435,2023-06-06,Мебель,Самара,Корпоратив,5.0,515.81,2579.05,1898.41,680.64
1436,2024-01-19,Мебель,Новосибирск,Потребитель,4.0,244.37,977.48,550.86,426.62
1437,2023-05-30,Офис,Санкт-Петербург,Потребитель,9.0,438.02,3942.18,3101.93,840.25
1438,2024-02-26,Дом и сад,Екатеринбург,Корпоратив,10.0,168.88,1688.8,1342.13,346.67
1439,2024-06-19,Дом и сад,Санкт-Петербург,Корпоратив,30.0,405.92,12177.6,7358.83,4818.77
1440,2023-08-02,Мебель,Самара,Потребитель,3.0,247.11,741.33,532.9,208.43
1441,2024-06-24,Дом и сад,Екатеринбург,Потребитель,14.0,675.53,9457.42,6637.59,2819.83
1442,2023-11-15,Дом и сад,Новосибирск,Корпоратив,0.0,333.91,0.0,0.0,0.0
1443,2024-08-06,Мебель,Санкт-Петербург,Корпоратив,6.0,343.77,2062.62,1267.84,794.78
1444,2023-05-30,Техника,Самара,Корпоратив,10.0,1172.27,11722.7,9122.6,2600.1
1445,2023-05-27,Мебель,Новосибирск,Потребитель,3.0,417.07,1251.21,973.04,278.17
1446,2024-02-06,Канцелярия,Санкт-Петербург,Мелкий опт,6.0,366.15,2196.9,1445.21,751.69
1447,2024-11-25,Офис,Москва,Потребитель,6.0,353.89,2123.34,1179.89,943.45
1448,2023-03-24,Техника,Новосибирск,Корпоратив,12.0,1305.85,15670.2,9771.54,5898.66
1449,2024-06-04,Мебель,Санкт-Петербург,Мелкий опт,3.0,913.54,2740.62,1643.47,1097.15
1450,2024-05-11,Офис,Екатеринбург,Потребитель,15.0,270.71,4060.65,2427.16,1633.49
1451,2023-07-29,Дом и сад,Екатеринбург,Мелкий опт,14.0,471.54,6601.56,3761.57,2839.99
1452,2024-11-12,Дом и сад,Новосибирск,Потребитель,1.0,1961.71,1961.71,1324.6,637.11
1453,2023-10-06,Дом и сад,Самара,Корпоратив,11.0,938.99,10328.89,8168.37,2160.52
1454,2023-05-04,Техника,Самара,Мелкий опт,7.0,678.28,4747.96,3546.24,1201.72
1455,2023-07-20,Дом и сад,Самара,Потребитель,6.0,325.14,1950.84,1459.02,491.82
1456,2023-02-21,Дом и сад,Екатеринбург,Потребитель,22.0,354.6,7801.2,6149.96,1651.24
1457,2024-03-08,Мебель,Санкт-Петербург,Корпоратив,2.0,177.01,354.02,209.17,144.85
1458,2024-02-14,Дом и сад,Санкт-Петербург,Потребитель,7.0,704.27,4929.89,3807.48,1122.41
1459,2024-03-07,Офис,Новосибирск,Мелкий опт,0.0,78.78,0.0,0.0,0.0
1460,2023-09-20,Офис,Санкт-Петербург,Потребитель,10.0,180.57,1805.7,1090.66,715.04
1461,2023-06-02,Офис,Самара,Потребитель,11.0,2310.24,25412.64,15979.73,9432.91
1462,2024-02-07,Офис,Москва,Потребитель,3.0,89.22,267.66,211.49,56.17
1463,2024-04-26,Канцелярия,Самара,Потребитель,8.0,500.08,4000.64,2692.59,1308.05
1464,2024-01-21,Дом и сад,Новосибирск,Потребитель,31.0,111.58,3458.98,2284.93,1174.05
1465,2023-06-19,Канцелярия,Екатеринбург,Потребитель,17.0,249.46,4240.82,2696.9,1543.92
1466,2023-08-26,Канцелярия,Москва,Мелкий опт,4.0,201.83,807.32,529.82,277.5
1467,2024-12-20,Офис,Москва,Корпоратив,13.0,194.6,2529.8,1418.16,1111.64
1468,2023-12-05,Дом и сад,Москва,Корпоратив,7.0,358.07,2506.49,1447.86,1058.63
1469,2024-02-24,Канцелярия,Санкт-Петербург,Потребитель,6.0,357.93,2147.58,1345.11,802.47
1470,2023-03-04,Техника,Санкт-Петербург,Потребитель,18.0,103.83,1868.94,1481.2,387.74
1471,2023-01-20,Мебель,Самара,Потребитель,3.0,69.9,209.7,121.42,88.28
1472,2024-06-27,Дом и сад,Новосибирск,Потребитель,5.0,141.46,707.3,397.49,309.81
1473,2024-02-07,Дом и сад,Санкт-Петербург,Потребитель,7.0,439.78,3078.46,2430.69,647.77
1474,2024-08-10,Техника,Самара,Корпоратив,17.0,861.99,14653.83,10392.6,4261.23
1475,2023-06-06,Техника,Екатеринбург,Потребитель,6.0,235.31,1411.86,863.75,548.11
1476,2024-08-04,Техника,Самара,Корпоратив,18.0,377.27,6790.86,4896.2,1894.66
1477,2023-09-22,Офис,Москва,Потребитель,9.0,283.25,2549.25,1961.1,588.15
1478,2024-06-09,Техника,Екатеринбург,Корпоратив,3.0,3442.94,10328.82,6141.49,4187.33
1479,2024-08-15,Дом и сад,Самара,Потребитель,5.0,297.25,1486.25,1024.13,462.12
1480,2023-12-08,Техника,Самара,Потребитель,3.0,557.62,1672.86,1099.34,573.52
1481,2023-03-05,Офис,Екатеринбург,Потребитель,18.0,108.34,1950.12,1533.95,416.17
1482,2023-11-13,Дом и сад,Екатеринбург,Корпоратив,26.0,86.7,2254.2,1397.77,856.43
1483,2024-09-07,Канцелярия,Новосибирск,Мелкий опт,8.0,79.98,639.84,363.73,276.11
1484,2023-05-13,Мебель,Москва,Корпоратив,1.0,1235.25,1235.25,939.58,295.67
1485,2023-06-08,Техника,Екатеринбург,Корпоратив,2.0,79.31,158.62,99.01,59.61
1486,2023-08-16,Офис,Санкт-Петербург,Потребитель,12.0,330.0,3960.0,2329.34,1630.66
1487,2023-12-09,Мебель,Санкт-Петербург,Мелкий опт,3.0,2529.26,7587.78,4888.63,2699.15
1488,2023-01-08,Дом и сад,Санкт-Петербург,Потребитель,1.0,591.01,591.01,343.99,247.02
1489,2024-08-20,Дом и сад,Санкт-Петербург,Корпоратив,19.0,288.59,5483.21,4149.81,1333.4
1490,2023-05-19,Канцелярия,Санкт-Петербург,Потребитель,3.0,395.97,1187.91,713.17,474.74
1491,2024-07-10,Мебель,Москва,Корпоратив,30.0,175.08,5252.4,3001.31,2251.09
1492,2023-07-12,Дом и сад,Самара,Потребитель,21.0,281.01,5901.21,3449.99,2451.22
1493,2023-01-02,Офис,Санкт-Петербург,Потребитель,11.0,325.25,3577.75,2543.91,1033.84
1494,2024-04-18,Канцелярия,Санкт-Петербург,Потребитель,8.0,578.44,4627.52,3611.08,1016.44
1495,2023-03-23,Офис,Санкт-Петербург,Потребитель,5.0,371.37,1856.85,1483.5,373.35
1496,2023-07-18,Дом и сад,Москва,Потребитель,22.0,1147.25,25239.5,16498.3,8741.2
1497,2024-10-02,Мебель,Санкт-Петербург,Корпоратив,3.0,456.51,1369.53,787.76,581.77
1498,2024-08-11,Дом и сад,Москва,Корпоратив,32.0,420.07,13442.24,9448.01,3994.23
1499,2024-02-27,Дом и сад,Самара,Мелкий опт,3.0,1179.13,3537.39,2717.31,820.08
1500,2023-03-14,Техника,Екатеринбург,Потребитель,3.0,346.89,1040.67,584.27,456.4
1501,2024-03-01,Техника,Москва,Корпоратив,6.0,284.22,1705.32,1204.79,500.53
1502,2024-07-30,Офис,Самара,Потребитель,26.0,123.75,3217.5,2423.33,794.17
1503,2023-12-31,Мебель,Самара,Потребитель,9.0,585.19,5266.71,3009.04,2257.67
1504,2024-08-30,Офис,Екатеринбург,Мелкий опт,2.0,120.96,241.92,169.86,72.06
1505,2024-10-03,Дом и сад,Москва,Мелкий опт,7.0,772.74,5409.18,4205.21,1203.97
1506,2023-03-05,Канцелярия,Самара,Потребитель,55.0,843.92,46415.6,28615.49,17800.11
1507,2024-11-19,Мебель,Москва,Корпоратив,12.0,294.0,3528.0,2752.75,775.25
1508,2023-03-24,Мебель,Санкт-Петербург,Потребитель,2.0,797.67,1595.34,979.14,616.2
1509,2023-07-08,Дом и сад,Москва,Потребитель,19.0,1027.75,19527.25,15017.69,4509.56
1510,2024-12-19,Канцелярия,Новосибирск,Потребитель,6.0,362.18,2173.08,1701.6,471.48
1511,2023-01-17,Техника,Санкт-Петербург,Потребитель,28.0,373.65,10462.2,6439.13,4023.07
1512,2023-09-26,Офис,Екатеринбург,Потребитель,4.0,179.77,719.08,473.37,245.71
1513,2023-05-01,Офис,Санкт-Петербург,Потребитель,17.0,256.26,4356.42,3434.01,922.41
1514,2023-06-16,Дом и сад,Екатеринбург,Корпоратив,11.0,161.86,1780.46,1070.89,709.57
1515,2024-10-10,Дом и сад,Санкт-Петербург,Потребитель,19.0,2061.86,39175.34,27194.47,11980.87
1516,2024-07-31,Дом и сад,Москва,Корпоратив,3.0,427.9,1283.7,1017.78,265.92
1517,2023-04-16,Техника,Самара,Потребитель,16.0,2574.06,41184.96,25787.01,15397.95
1518,2024-05-26,Дом и сад,Самара,Потребитель,5.0,498.11,2490.55,1515.41,975.14
1519,2023-09-08,Мебель,Москва,Потребитель,7.0,575.28,4026.96,2698.62,1328.34
1520,2023-10-10,Офис,Санкт-Петербург,Мелкий опт,4.0,115.07,460.28,342.01,118.27
1521,2024-06-09,Дом и сад,Москва,Корпоратив,20.0,511.66,10233.2,8091.73,2141.47
1522,2024-02-04,Офис,Санкт-Петербург,Потребитель,2.0,747.55,1495.1,933.17,561.93
1523,2023-03-14,Дом и сад,Москва,Потребитель,,386.82,2707.74,2070.27,637.47
1524,2023-03-18,Мебель,Москва,Мелкий опт,34.0,385.09,13093.06,10093.62,2999.44
1525,2023-04-18,Дом и сад,Санкт-Петербург,Корпоратив,6.0,477.71,2866.26,1760.85,1105.41
1526,2024-09-18,Канцелярия,Новосибирск,Корпоратив,2.0,299.58,599.16,473.76,125.4
1527,2024-01-28,Офис,Екатеринбург,Потребитель,12.0,124.83,1497.96,1007.76,490.2
1528,2023-04-09,Канцелярия,Самара,Потребитель,3.0,317.59,952.77,640.56,312.21
1529,2024-06-04,Дом и сад,Москва,Корпоратив,12.0,1569.0,18828.0,11045.58,7782.42
1530,2024-05-11,Дом и сад,Новосибирск,Потребитель,4.0,697.19,2788.76,1576.34,1212.42
1531,2024-07-09,Дом и сад,Санкт-Петербург,Потребитель,7.0,445.08,3115.56,2488.22,627.34
1532,2023-03-30,Техника,Москва,Потребитель,4.0,999.18,3996.72,2250.62,1746.1
1533,2023-06-21,Офис,Москва,Корпоратив,86.0,1391.63,119680.18,83184.3,36495.88
1534,2023-11-16,Дом и сад,Екатеринбург,Корпоратив,6.0,385.18,2311.08,1672.2,638.88
1535,2023-04-15,Канцелярия,Екатеринбург,Потребитель,6.0,407.65,2445.9,1361.86,1084.04
1536,2023-07-10,Дом и сад,Самара,Корпоратив,9.0,1191.81,10726.29,6558.9,4167.39
1537,2024-01-25,Дом и сад,Москва,Потребитель,1.0,443.33,443.33,244.1,199.23
1538,2023-05-04,Канцелярия,Самара,Потребитель,33.0,1019.79,33653.07,25102.36,8550.71
1539,2024-03-13,Дом и сад,Екатеринбург,Потребитель,4.0,814.09,3256.36,2228.93,1027.43
1540,2024-05-22,Канцелярия,Новосибирск,Потребитель,9.0,184.61,1661.49,1227.53,433.96
1541,2023-02-16,Техника,Екатеринбург,Корпоратив,6.0,404.86,2429.16,1897.09,532.07
1542,2024-09-21,Техника,Москва,Потребитель,16.0,967.02,15472.32,9636.4,5835.92
1543,2024-03-09,Канцелярия,Екатеринбург,Корпоратив,4.0,317.01,1268.04,937.65,330.39
1544,2024-04-06,Офис,Самара,Потребитель,8.0,3081.44,24651.52,14699.78,9951.74
1545,2023-06-01,Техника,Самара,Потребитель,5.0,734.24,3671.2,2552.62,1118.58
1546,2024-07-07,Дом и сад,Санкт-Петербург,Потребитель,13.0,917.78,11931.14,6960.12,4971.02
1547,2024-01-17,Офис,Екатеринбург,Потребитель,35.0,232.43,8135.05,5625.19,2509.86
1548,2024-05-20,Офис,Санкт-Петербург,Потребитель,13.0,269.21,3499.73,2588.97,910.76
1549,2024-08-23,Техника,Екатеринбург,Корпоратив,25.0,639.96,15999.0,10283.7,5715.3
1550,2023-06-05,Дом и сад,Самара,Потребитель,2.0,498.59,997.18,781.35,215.83
1551,2024-07-24,Канцелярия,Новосибирск,Потребитель,3.0,44.34,133.02,100.32,32.7
1552,2024-07-08,Дом и сад,Екатеринбург,Потребитель,26.0,515.66,13407.16,8247.7,5159.46
1553,2023-08-17,Офис,Новосибирск,Потребитель,32.0,592.93,18973.76,15056.61,3917.15
1554,2024-09-07,Дом и сад,Самара,Корпоратив,5.0,326.58,1632.9,919.77,713.13
1555,2023-12-06,Офис,Самара,Потребитель,28.0,223.08,6246.24,4427.97,1818.27
1556,2024-04-13,Офис,Санкт-Петербург,Корпоратив,1.0,786.47,786.47,596.53,189.94
1557,2024-11-07,Дом и сад,Новосибирск,Корпоратив,12.0,865.14,10381.68,6116.7,4264.98
1558,2023-06-23,Мебель,Екатеринбург,Корпоратив,4.0,93.65,374.6,252.18,122.42
1559,2024-04-14,Техника,Москва,Потребитель,7.0,192.23,1345.61,987.01,358.6
1560,2024-06-30,Офис,Санкт-Петербург,Корпоратив,9.0,456.86,4111.74,3101.59,1010.15
1561,2023-06-26,Канцелярия,Самара,Потребитель,6.0,145.91,875.46,614.98,260.48
1562,2024-12-26,Мебель,Новосибирск,Корпоратив,44.0,527.86,23225.84,17551.11,5674.73
1563,2023-09-21,Офис,Москва,Потребитель,9.0,397.78,3580.02,1976.99,1603.03
1564,2024-07-25,Канцелярия,Екатеринбург,Мелкий опт,2.0,851.43,1702.86,1049.29,653.57
1565,2024-01-02,Техника,Новосибирск,Потребитель,38.0,130.61,4963.18,3750.95,1212.23
1566,2023-02-15,Дом и сад,Санкт-Петербург,Потребитель,3.0,865.25,2595.75,1568.35,1027.4
1567,2023-11-08,Офис,Санкт-Петербург,Потребитель,26.0,178.9,4651.4,3259.82,1391.58
1568,2024-05-16,Мебель,Самара,Потребитель,4.0,330.68,1322.72,746.11,576.61
1569,2023-12-03,Канцелярия,Екатеринбург,Потребитель,9.0,605.99,5453.91,3884.6,1569.31
1570,2023-06-30,Мебель,Санкт-Петербург,Потребитель,1.0,70.22,70.22,44.73,25.49
1571,2024-07-20,Канцелярия,Санкт-Петербург,Потребитель,3.0,299.56,898.68,712.91,185.77
1572,2023-07-13,Дом и сад,Самара,Мелкий опт,7.0,447.62,3133.34,2476.39,656.95
1573,2024-04-07,Мебель,Новосибирск,Потребитель,8.0,664.68,5317.44,3325.5,1991.94
1574,2023-08-24,Канцелярия,Екатеринбург,Потребитель,4.0,876.18,3504.72,2550.78,953.94
1575,2023-05-15,Офис,Санкт-Петербург,Потребитель,10.0,947.77,9477.7,6835.38,2642.32
1576,2023-03-24,Канцелярия,Москва,Потребитель,32.0,496.38,15884.16,9193.81,6690.35
1577,2024-06-27,Мебель,Санкт-Петербург,Мелкий опт,10.0,492.31,4923.1,2933.58,1989.52
1578,2023-05-20,Канцелярия,Самара,Потребитель,5.0,404.22,2021.1,1340.57,680.53
1579,2024-02-05,Техника,Екатеринбург,Корпоратив,74.0,724.89,53641.86,30307.39,23334.47
1580,2024-05-11,Канцелярия,Екатеринбург,Потребитель,17.0,523.62,8901.54,6175.8,2725.74
1581,2023-08-09,Дом и сад,Москва,Корпоратив,11.0,141.52,1556.72,1175.37,381.35
1582,2023-03-17,Техника,Самара,Корпоратив,,1482.12,7410.6,4936.73,2473.87
1583,2023-07-11,Мебель,Самара,Потребитель,3.0,751.87,2255.61,1681.74,573.87
1584,2023-05-28,Офис,Новосибирск,Мелкий опт,10.0,590.77,5907.7,3813.83,2093.87
1585,2024-09-05,Дом и сад,Екатеринбург,Потребитель,7.0,844.64,5912.48,4310.38,1602.1
1586,2024-07-18,Мебель,Екатеринбург,Мелкий опт,11.0,104.85,1153.35,718.04,435.31
1587,2023-10-07,Дом и сад,Новосибирск,Потребитель,7.0,427.25,2990.75,2169.93,820.82
1588,2023-05-20,Дом и сад,Москва,Мелкий опт,6.0,119.48,716.88,461.92,254.96
1589,2024-12-22,Мебель,Самара,Мелкий опт,29.0,73.89,2142.81,1561.29,581.52
1590,2024-12-26,Мебель,Москва,Корпоратив,17.0,71.06,1208.02,965.2,242.82
1591,2024-02-22,Мебель,Самара,Корпоратив,2.0,133.64,267.28,186.74,80.54
1592,2024-10-11,Дом и сад,Екатеринбург,Корпоратив,37.0,949.62,35135.94,27058.84,8077.1
1593,2024-12-28,Дом и сад,Екатеринбург,Корпоратив,15.0,206.13,3091.95,1780.98,1310.97
1594,2024-05-28,Канцелярия,Екатеринбург,Корпоратив,2.0,158.85,317.7,249.07,68.63
1595,2023-02-16,Дом и сад,Санкт-Петербург,Потребитель,13.0,230.47,2996.11,2180.08,816.03
1596,2023-03-02,Канцелярия,Новосибирск,Потребитель,11.0,183.79,2021.69,1555.54,466.15
1597,2023-06-01,Канцелярия,Самара,Корпоратив,4.0,28.62,114.48,64.92,49.56
1598,2024-12-23,Канцелярия,Санкт-Петербург,Мелкий опт,9.0,1275.19,11476.71,7326.15,4150.56
1599,2023-04-23,Канцелярия,Екатеринбург,Потребитель,5.0,133.99,669.95,430.61,239.34
1600,2023-05-15,Дом и сад,Новосибирск,Мелкий опт,6.0,2774.96,16649.76,10321.91,6327.85
1601,2023-09-01,Техника,Москва,Корпоратив,3.0,355.49,-1.0,815.01,251.46
1602,2023-04-15,Мебель,Санкт-Петербург,Потребитель,6.0,729.13,4374.78,3441.94,932.84
1603,2023-01-24,Дом и сад,Санкт-Петербург,Потребитель,4.0,2046.34,8185.36,6168.05,2017.31
1604,2023-02-26,Техника,Екатеринбург,Потребитель,22.0,293.73,6462.06,4703.34,1758.72
1605,2024-06-04,Канцелярия,Самара,Потребитель,0.0,598.22,0.0,0.0,0.0
1606,2023-06-10,Дом и сад,Москва,Мелкий опт,23.0,2475.59,56938.57,44538.93,12399.64
1607,2024-06-04,Офис,Новосибирск,Потребитель,51.0,121.46,6194.46,4602.41,1592.05
1608,2024-10-16,Канцелярия,Новосибирск,Потребитель,31.0,82.61,2560.91,2042.8,518.11
1609,2024-10-17,Канцелярия,Новосибирск,Корпоратив,2.0,394.24,788.48,585.16,203.32
1610,2023-06-28,Дом и сад,Екатеринбург,Потребитель,41.0,981.69,40249.29,23859.12,16390.17
1611,2023-01-12,Офис,Екатеринбург,Потребитель,19.0,200.09,3801.71,2157.12,1644.59
1612,2023-12-09,Техника,Екатеринбург,Корпоратив,5.0,94.76,473.8,374.44,99.36
1613,2023-06-26,Канцелярия,Екатеринбург,Мелкий опт,9.0,1120.87,10087.83,6019.9,4067.93
1614,2024-10-14,Дом и сад,Екатеринбург,Корпоратив,21.0,2168.09,45529.89,33353.63,12176.26
1615,2023-12-04,Техника,Новосибирск,Корпоратив,9.0,802.63,7223.67,4600.83,2622.84
1616,2024-05-18,Офис,Екатеринбург,Корпоратив,5.0,608.17,3040.85,2324.8,716.05
1617,2024-04-21,Мебель,Самара,Потребитель,37.0,608.53,22515.61,13520.04,8995.57
1618,2024-10-10,Дом и сад,Новосибирск,Мелкий опт,9.0,524.61,4721.49,3734.17,987.32
1619,2024-11-13,Офис,Екатеринбург,Потребитель,,357.26,2858.08,1959.04,899.04
1620,2023-08-21,Офис,Самара,Потребитель,9.0,146.79,1321.11,1039.84,281.27
1621,2024-01-06,Дом и сад,Санкт-Петербург,Корпоратив,5.0,403.54,2017.7,1159.32,858.38
1622,2023-03-06,Дом и сад,Москва,Потребитель,1.0,648.74,648.74,409.9,238.84
1623,2023-05-28,Мебель,Москва,Потребитель,4.0,387.96,1551.84,1219.86,331.98
1624,2023-04-23,Канцелярия,Москва,Потребитель,3.0,177.35,532.05,386.03,146.02
1625,2023-05-20,Канцелярия,Екатеринбург,Потребитель,10.0,1394.25,13942.5,8979.47,4963.03
1626,2024-12-25,Техника,Новосибирск,Мелкий опт,7.0,582.46,4077.22,2363.93,1713.29
1627,2024-11-16,Дом и сад,Екатеринбург,Корпоратив,10.0,346.72,3467.2,2250.5,1216.7
1628,2024-02-07,Дом и сад,Самара,Потребитель,6.0,334.28,2005.68,1441.7,563.98
1629,2024-08-10,Техника,Москва,Потребитель,10.0,119.65,1196.5,866.46,330.04
1630,2024-08-30,Техника,Москва,Мелкий опт,26.0,346.32,9004.32,7090.55,1913.77
1631,2024-01-11,Дом и сад,Екатеринбург,Корпоратив,2.0,149.3,298.6,195.93,102.67
1632,2024-12-13,Канцелярия,Москва,Корпоратив,3.0,557.32,1671.96,1180.92,491.04
1633,2024-03-10,Мебель,Санкт-Петербург,Потребитель,2.0,684.54,1369.08,925.67,443.41
1634,2024-03-26,Техника,Санкт-Петербург,Потребитель,30.0,567.84,17035.2,11988.12,5047.08
1635,2024-05-02,Офис,Москва,Потребитель,22.0,656.69,14447.18,9275.54,5171.64
1636,2024-06-03,Мебель,Санкт-Петербург,Потребитель,15.0,375.14,5627.1,3809.36,1817.74
1637,2024-03-28,Офис,Екатеринбург,Потребитель,5.0,299.24,1496.2,1195.82,300.38
1638,2023-07-17,Мебель,Новосибирск,Мелкий опт,14.0,525.87,7362.18,4610.23,2751.95
1639,2023-09-07,Мебель,Самара,Потребитель,17.0,796.92,13547.64,7914.35,5633.29
1640,2024-02-01,Мебель,Екатеринбург,Потребитель,70.0,361.54,25307.8,16749.02,8558.78
1641,2023-02-23,Канцелярия,Самара,Корпоратив,19.0,161.86,3075.34,1874.7,1200.64
1642,2023-06-06,Канцелярия,Санкт-Петербург,Потребитель,18.0,400.39,7207.02,4658.02,2549.0
1643,2023-05-01,Техника,Москва,Корпоратив,38.0,340.94,12955.72,8045.32,4910.4
1644,2023-01-21,Офис,Екатеринбург,Потребитель,44.0,304.36,13391.84,8262.03,5129.81
1645,2024-11-22,Офис,Самара,Потребитель,10.0,374.68,3746.8,2121.03,1625.77
1646,2024-11-05,Мебель,Санкт-Петербург,Мелкий опт,3.0,379.69,1139.07,896.94,242.13
1647,2024-07-01,Офис,Екатеринбург,Потребитель,,231.69,2316.9,1616.21,700.69
1648,2024-11-01,Дом и сад,Санкт-Петербург,Потребитель,18.0,790.87,14235.66,9810.46,4425.2
1649,2024-02-17,Канцелярия,Новосибирск,Мелкий опт,3.0,411.94,1235.82,904.84,330.98
1650,2023-11-27,Мебель,Новосибирск,Корпоратив,6.0,182.04,1092.24,809.31,282.93
1651,2024-05-29,Техника,Самара,Мелкий опт,2.0,318.73,637.46,405.18,232.28
1652,2024-08-31,Канцелярия,Санкт-Петербург,Корпоратив,6.0,264.39,1586.34,1057.8,528.54
1653,2024-09-05,Дом и сад,Екатеринбург,Корпоратив,9.0,357.27,3215.43,2367.37,848.06
1654,2024-04-22,Канцелярия,Санкт-Петербург,Потребитель,12.0,479.18,5750.16,4068.04,1682.12
1655,2024-01-30,Дом и сад,Новосибирск,Потребитель,21.0,258.63,5431.23,3546.42,1884.81
1656,2023-06-25,Канцелярия,Екатеринбург,Корпоратив,5.0,451.11,2255.55,1632.85,622.7
1657,2023-02-17,Дом и сад,Самара,Потребитель,8.0,567.53,4540.24,2577.12,1963.12
1658,2024-09-06,Техника,Самара,Потребитель,8.0,586.31,4690.48,3459.04,1231.44
1659,2024-04-19,Офис,Екатеринбург,Потребитель,11.0,1798.56,19784.16,13417.7,6366.46
1660,2024-04-18,Канцелярия,Новосибирск,Потребитель,11.0,173.41,1907.51,1441.25,466.26
1661,2023-07-06,Дом и сад,Новосибирск,Корпоратив,11.0,291.8,3209.8,2112.1,1097.7
1662,2023-01-05,Дом и сад,Москва,Корпоратив,36.0,356.9,12848.4,7614.52,5233.88
1663,2024-01-11,Офис,Екатеринбург,Корпоратив,10.0,168.76,1687.6,1231.36,456.24
1664,2023-02-12,Канцелярия,Самара,Потребитель,0.0,251.6,0.0,0.0,0.0
1665,2023-11-20,Дом и сад,Самара,Потребитель,16.0,194.58,3113.28,2139.8,973.48
1666,2024-11-20,Техника,Новосибирск,Потребитель,17.0,623.55,10600.35,7609.28,2991.07
1667,2024-06-14,Техника,Самара,Потребитель,5.0,87.61,438.05,291.6,146.45
1668,2024-08-30,Офис,Новосибирск,Мелкий опт,7.0,341.84,2392.88,1673.49,719.39
1669,2023-01-15,Дом и сад,Санкт-Петербург,Корпоратив,12.0,141.61,1699.32,1281.9,417.42
1670,2024-02-25,Мебель,Екатеринбург,Потребитель,2.0,398.95,797.9,498.94,298.96
1671,2024-07-16,Дом и сад,Санкт-Петербург,Потребитель,16.0,462.96,7407.36,5379.35,2028.01
1672,2024-03-19,Офис,Новосибирск,Потребитель,6.0,1065.44,6392.64,4591.59,1801.05
1673,2024-02-19,Дом и сад,Новосибирск,Потребитель,28.0,817.8,22898.4,17822.65,5075.75
1674,2023-11-13,Техника,Санкт-Петербург,Потребитель,19.0,704.21,13379.99,8697.82,4682.17
1675,2024-06-12,Дом и сад,Москва,Корпоратив,6.0,2081.82,12490.92,7566.68,4924.24
1676,2024-06-29,Офис,Новосибирск,Потребитель,10.0,202.93,2029.3,1304.26,725.04
1677,2024-09-26,Канцелярия,Самара,Потребитель,12.0,405.87,4870.44,3193.18,1677.26
1678,2024-04-19,Офис,Москва,Потребитель,1.0,776.3,776.3,587.65,188.65
1679,2023-04-10,Дом и сад,Самара,Потребитель,2.0,172.66,345.32,221.85,123.47
1680,2024-10-28,Дом и сад,Самара,Потребитель,6.0,128.91,773.46,434.36,339.1
1681,2023-06-13,Офис,Новосибирск,Потребитель,2.0,873.53,1747.06,1274.88,472.18
1682,2023-04-22,Мебель,Москва,Корпоратив,5.0,192.77,963.85,617.43,346.42
1683,2024-10-09,Канцелярия,Москва,Мелкий опт,12.0,148.51,1782.12,1156.2,625.92
1684,2024-12-21,Мебель,Новосибирск,Потребитель,29.0,510.71,14810.59,9873.63,4936.96
1685,2024-02-20,Канцелярия,Новосибирск,Потребитель,4.0,171.41,685.64,480.54,205.1
1686,2024-05-01,Мебель,Москва,Потребитель,0.0,618.95,0.0,0.0,0.0
1687,2024-11-24,Канцелярия,Санкт-Петербург,Мелкий опт,6.0,135.19,811.14,527.2,283.94
1688,2024-06-26,Дом и сад,Екатеринбург,Потребитель,31.0,89.9,2786.9,1605.21,1181.69
1689,2024-07-23,Канцелярия,Екатеринбург,Потребитель,64.0,562.04,35970.56,24968.33,11002.23
1690,2024-03-20,Офис,Санкт-Петербург,Потребитель,13.0,439.14,5708.82,3239.07,2469.75
1691,2023-09-03,Офис,Самара,Мелкий опт,12.0,41.84,502.08,379.91,122.17
1692,2023-07-20,Мебель,Москва,Корпоратив,4.0,16.03,64.12,42.74,21.38
1693,2023-02-27,Канцелярия,Самара,Потребитель,6.0,333.92,2003.52,1515.11,488.41
1694,2023-12-30,Дом и сад,Санкт-Петербург,Корпоратив,2.0,178.35,356.7,231.87,124.83
1695,2024-06-15,Канцелярия,Екатеринбург,Корпоратив,43.0,142.17,6113.31,4369.35,1743.96
1696,2024-04-12,Дом и сад,Новосибирск,Потребитель,7.0,610.25,4271.75,3320.53,951.22
1697,2024-05-24,Техника,Екатеринбург,Мелкий опт,2.0,470.94,941.88,530.77,411.11
1698,2024-05-13,Мебель,Санкт-Петербург,Мелкий опт,38.0,841.56,31979.28,19368.09,12611.19
1699,2023-10-11,Канцелярия,Санкт-Петербург,Потребитель,140.0,430.57,60279.8,33397.53,26882.27
1700,2024-11-13,Офис,Самара,Потребитель,8.0,1153.1,9224.8,6521.39,2703.41
1701,2023-09-18,Техника,Самара,Корпоратив,29.0,399.74,11592.46,7524.8,4067.66
1702,2023-05-22,Канцелярия,Новосибирск,Потребитель,17.0,618.32,10511.44,6145.77,4365.67
1703,2023-02-08,Канцелярия,Самара,Потребитель,2.0,381.43,762.86,468.69,294.17
1704,2024-08-21,Канцелярия,Москва,Корпоратив,10.0,191.85,1918.5,1205.16,713.34
1705,2023-04-07,Техника,Новосибирск,Корпоратив,26.0,740.75,19259.5,13831.84,5427.66
1706,2023-01-07,Дом и сад,Москва,Потребитель,,424.58,8916.18,6601.73,2314.45
1707,2024-02-06,Дом и сад,Санкт-Петербург,Потребитель,5.0,737.05,3685.25,2185.14,1500.11
1708,2023-12-31,Техника,Москва,Потребитель,19.0,253.62,4818.78,3228.94,1589.84
1709,2024-04-29,Канцелярия,Екатеринбург,Корпоратив,14.0,440.14,6161.96,3534.36,2627.6
1710,2024-07-16,Офис,Новосибирск,Корпоратив,3.0,305.11,915.33,550.04,365.29
1711,2023-11-05,Канцелярия,Москва,Корпоратив,5.0,947.13,4735.65,3632.25,1103.4
1712,2024-08-12,Мебель,Самара,Мелкий опт,3.0,223.86,671.58,372.94,298.64
1713,2024-12-22,Канцелярия,Санкт-Петербург,Корпоратив,8.0,1474.31,11794.48,7006.57,4787.91
1714,2023-06-15,Канцелярия,Новосибирск,Мелкий опт,3.0,217.33,651.99,491.39,160.6
1715,2023-03-29,Дом и сад,Новосибирск,Корпоратив,8.0,770.67,6165.36,4130.79,2034.57
1716,2023-12-26,Техника,Новосибирск,Корпоратив,2.0,973.43,1946.86,1254.35,692.51
1717,2024-01-12,Дом и сад,Екатеринбург,Потребитель,14.0,109.26,1529.64,1147.1,382.54
1718,2023-02-12,Офис,Самара,Потребитель,10.0,98.05,980.5,690.78,289.72
1719,2023-11-23,Офис,Новосибирск,Мелкий опт,5.0,458.35,2291.75,1746.52,545.23
1720,2024-01-28,Канцелярия,Новосибирск,Потребитель,6.0,731.89,4391.34,2857.73,1533.61
1721,2024-05-01,Офис,Санкт-Петербург,Потребитель,21.0,187.57,3938.97,2658.87,1280.1
1722,2023-09-29,Офис,Самара,Потребитель,11.0,575.2,6327.2,4855.31,1471.89
1723,2023-05-23,Офис,Екатеринбург,Корпоратив,3.0,289.76,869.28,510.22,359.06
1724,2024-01-12,Офис,Новосибирск,Потребитель,6.0,1262.78,7576.68,5347.52,2229.16
1725,2024-11-17,Дом и сад,Санкт-Петербург,Потребитель,4.0,204.53,818.12,616.21,201.91
1726,2023-05-10,Офис,Санкт-Петербург,Корпоратив,11.0,230.88,2539.68,1680.22,859.46
1727,2024-11-17,Офис,Москва,Потребитель,2.0,497.32,994.64,782.7,211.94
1728,2023-06-05,Канцелярия,Екатеринбург,Потребитель,6.0,628.21,3769.26,2668.68,1100.58
1729,2023-09-11,Офис,Самара,Мелкий опт,3.0,347.97,1043.91,767.97,275.94
1730,2024-02-23,Техника,Новосибирск,Потребитель,35.0,726.31,25420.85,15325.69,10095.16
1731,2023-11-11,Техника,Санкт-Петербург,Потребитель,17.0,2003.52,34059.84,20443.39,13616.45
1732,2024-03-06,Канцелярия,Москва,Мелкий опт,11.0,292.72,3219.92,1929.81,1290.11
1733,2024-07-31,Офис,Санкт-Петербург,Потребитель,3.0,1248.66,3745.98,2696.63,1049.35
1734,2023-08-19,Мебель,Новосибирск,Мелкий опт,1.0,677.27,677.27,478.84,198.43
1735,2023-09-07,Дом и сад,Самара,Потребитель,2.0,190.3,380.6,264.54,116.06
1736,2023-09-09,Канцелярия,Екатеринбург,Корпоратив,8.0,335.25,2682.0,1684.25,997.75
1737,2023-03-22,Дом и сад,Екатеринбург,Потребитель,32.0,914.03,-1.0,21887.09,7361.87
1738,2024-05-27,Техника,Санкт-Петербург,Корпоратив,10.0,708.22,7082.2,4555.63,2526.57
1739,2024-11-09,Канцелярия,Екатеринбург,Корпоратив,3.0,646.94,1940.82,1116.44,824.38
1740,2023-08-13,Дом и сад,Екатеринбург,Потребитель,23.0,369.51,8498.73,5824.76,2673.97
1741,2024-05-19,Канцелярия,Екатеринбург,Корпоратив,11.0,517.41,5691.51,4485.78,1205.73
1742,2023-06-14,Техника,Екатеринбург,Потребитель,6.0,734.67,4408.02,3354.6,1053.42
1743,2024-12-26,Техника,Самара,Потребитель,4.0,66.12,264.48,159.62,104.86
1744,2023-04-10,Мебель,Санкт-Петербург,Потребитель,7.0,365.62,2559.34,1614.82,944.52
1745,2024-07-07,Дом и сад,Самара,Потребитель,4.0,449.4,1797.6,1367.34,430.26
1746,2023-12-19,Мебель,Москва,Мелкий опт,10.0,191.52,1915.2,1141.65,773.55
1747,2023-10-20,Дом и сад,Санкт-Петербург,Мелкий опт,10.0,273.69,2736.9,1694.04,1042.86
1748,2024-01-11,Офис,Новосибирск,Мелкий опт,2.0,937.9,1875.8,1228.53,647.27
1749,2023-08-22,Мебель,Новосибирск,Потребитель,1.0,155.17,155.17,88.84,66.33
1750,2023-10-07,Канцелярия,Самара,Корпоратив,1.0,160.46,160.46,125.72,34.74
1751,2023-12-18,Канцелярия,Самара,Корпоратив,14.0,1851.2,25916.8,20199.77,5717.03
1752,2023-09-19,Канцелярия,Екатеринбург,Мелкий опт,7.0,306.77,2147.39,1260.83,886.56
1753,2024-05-15,Техника,Екатеринбург,Мелкий опт,6.0,486.62,2919.72,1662.68,1257.04
1754,2023-04-10,Дом и сад,Санкт-Петербург,Потребитель,3.0,1103.57,3310.71,2156.7,1154.01
1755,2023-06-06,Канцелярия,Самара,Корпоратив,,524.31,6291.72,3934.69,2357.03
1756,2023-11-02,Мебель,Екатеринбург,Потребитель,8.0,475.96,3807.68,2180.14,1627.54
1757,2023-11-02,Техника,Екатеринбург,Потребитель,6.0,557.56,3345.36,1918.11,1427.25
1758,2023-10-26,Канцелярия,Новосибирск,Корпоратив,17.0,414.8,7051.6,4285.92,2765.68
1759,2024-06-01,Техника,Новосибирск,Мелкий опт,13.0,611.97,7955.61,4750.01,3205.6
1760,2023-09-05,Мебель,Самара,Потребитель,27.0,293.38,7921.26,4642.91,3278.35
1761,2024-12-15,Дом и сад,Самара,Потребитель,26.0,330.66,8597.16,5982.76,2614.4
1762,2024-10-26,Офис,Москва,Мелкий опт,32.0,521.06,16673.92,9971.55,6702.37
1763,2023-01-11,Дом и сад,Новосибирск,Потребитель,4.0,1794.04,7176.16,5516.93,1659.23
1764,2023-09-05,Канцелярия,Екатеринбург,Корпоратив,10.0,564.21,5642.1,3316.15,2325.95
1765,2023-01-14,Дом и сад,Москва,Потребитель,7.0,655.48,4588.36,3265.0,1323.36
1766,2024-06-14,Офис,Новосибирск,Корпоратив,24.0,306.33,7351.92,4046.2,3305.72
1767,2023-03-08,Офис,Самара,Потребитель,14.0,325.86,4562.04,2750.47,1811.57
1768,2024-07-28,Техника,Самара,Потребитель,7.0,375.0,2625.0,1747.56,877.44
1769,2024-10-02,Офис,Самара,Мелкий опт,1.0,137.24,137.24,79.85,57.39
1770,2024-06-05,Дом и сад,Новосибирск,Корпоратив,7.0,331.43,2320.01,1761.9,558.11
1771,2023-07-11,Дом и сад,Новосибирск,Корпоратив,21.0,1867.22,39211.62,25182.49,14029.13
1772,2023-04-11,Канцелярия,Екатеринбург,Мелкий опт,5.0,218.96,1094.8,804.16,290.64
1773,2024-11-30,Мебель,Самара,Корпоратив,22.0,604.77,13304.94,9111.99,4192.95
1774,2024-05-31,Техника,Москва,Мелкий опт,2.0,688.13,1376.26,1008.46,367.8
1775,2024-08-03,Дом и сад,Москва,Потребитель,65.0,121.96,7927.4,4549.97,3377.43
1776,2024-09-15,Дом и сад,Самара,Корпоратив,3.0,111.05,333.15,198.09,135.06
1777,2023-08-04,Дом и сад,Екатеринбург,Корпоратив,22.0,601.2,13226.4,10402.6,2823.8
1778,2024-04-24,Техника,Самара,Потребитель,19.0,2011.37,38216.03,27623.9,10592.13
1779,2023-08-25,Офис,Екатеринбург,Корпоратив,2.0,132.5,265.0,201.47,63.53
1780,2024-03-14,Офис,Самара,Корпоратив,5.0,741.83,3709.15,2193.35,1515.8
1781,2023-05-19,Канцелярия,Екатеринбург,Потребитель,7.0,48.37,338.59,213.1,125.49
1782,2023-06-07,Дом и сад,Санкт-Петербург,Потребитель,13.0,253.75,3298.75,1922.86,1375.89
1783,2023-04-20,Дом и сад,Москва,Корпоратив,11.0,137.86,1516.46,1047.5,468.96
1784,2023-10-14,Офис,Екатеринбург,Корпоратив,4.0,1128.77,4515.08,2806.87,1708.21
1785,2023-09-17,Канцелярия,Екатеринбург,Потребитель,34.0,569.94,19377.96,15422.14,3955.82
1786,2023-11-11,Офис,Екатеринбург,Корпоратив,9.0,58.55,526.95,357.44,169.51
1787,2024-10-07,Техника,Самара,Потребитель,14.0,291.69,4083.66,2681.89,1401.77
1788,2023-06-16,Канцелярия,Москва,Потребитель,24.0,420.95,10102.8,6367.54,3735.26
1789,2023-12-07,Дом и сад,Санкт-Петербург,Потребитель,23.0,248.88,5724.24,4123.83,1600.41
1790,2024-03-16,Офис,Москва,Корпоратив,100.0,209.72,20972.0,13388.09,7583.91
1791,2024-01-17,Офис,Санкт-Петербург,Потребитель,3.0,2068.79,6206.37,3482.7,2723.67
1792,2024-09-27,Дом и сад,Екатеринбург,Потребитель,8.0,849.47,6795.76,4468.51,2327.25
1793,2024-07-28,Мебель,Новосибирск,Потребитель,3.0,675.23,2025.69,1126.29,899.4
1794,2024-04-25,Канцелярия,Екатеринбург,Мелкий опт,4.0,241.65,966.6,576.25,390.35
1795,2023-08-21,Канцелярия,Москва,Мелкий опт,66.0,629.04,41516.64,32839.04,8677.6
1796,2023-01-06,Канцелярия,Екатеринбург,Корпоратив,2.0,270.56,541.12,337.63,203.49
1797,2023-06-08,Дом и сад,Екатеринбург,Потребитель,37.0,456.47,16889.39,11790.75,5098.64
1798,2024-03-02,Техника,Екатеринбург,Потребитель,76.0,647.26,49191.76,31883.63,17308.13
1799,2024-10-19,Офис,Самара,Корпоратив,5.0,863.45,4317.25,3114.76,1202.49
1800,2023-01-26,Офис,Самара,Потребитель,5.0,213.96,1069.8,735.04,334.76
1801,2024-01-09,Дом и сад,Москва,Потребитель,7.0,89.45,626.15,433.23,192.92
1802,2024-02-06,Дом и сад,Самара,Потребитель,1.0,554.14,554.14,443.15,110.99
1803,2024-03-17,Офис,Самара,Мелкий опт,4.0,1116.34,4465.36,2786.72,1678.64
1804,2024-02-09,Офис,Новосибирск,Корпоратив,10.0,194.35,-1.0,1534.27,409.23
1805,2024-01-11,Дом и сад,Москва,Мелкий опт,11.0,527.23,5799.53,4469.69,1329.84
1806,2024-10-23,Дом и сад,Самара,Потребитель,6.0,496.21,2977.26,1977.87,999.39
1807,2023-11-02,Канцелярия,Новосибирск,Мелкий опт,14.0,511.28,7157.92,4693.34,2464.58
1808,2023-04-12,Техника,Санкт-Петербург,Корпоратив,8.0,340.62,2724.96,2013.09,711.87
1809,2024-06-26,Дом и сад,Самара,Потребитель,6.0,73.1,438.6,305.57,133.03
1810,2023-10-16,Дом и сад,Санкт-Петербург,Потребитель,2.0,150.57,301.14,175.83,125.31
1811,2024-06-11,Офис,Новосибирск,Потребитель,31.0,939.73,29131.63,18569.07,10562.56
1812,2024-05-19,Дом и сад,Екатеринбург,Корпоратив,33.0,958.69,31636.77,19393.75,12243.02
1813,2023-07-29,Мебель,Екатеринбург,Корпоратив,6.0,848.11,5088.66,3609.21,1479.45
1814,2024-08-02,Канцелярия,Санкт-Петербург,Потребитель,8.0,632.52,5060.16,3548.17,1511.99
1815,2023-05-22,Офис,Новосибирск,Потребитель,4.0,558.17,2232.68,1535.45,697.23
1816,2023-09-18,Офис,Москва,Потребитель,8.0,542.03,4336.24,2900.3,1435.94
1817,2023-05-21,Канцелярия,Санкт-Петербург,Корпоратив,10.0,941.51,9415.1,6884.72,2530.38
1818,2023-02-27,Техника,Новосибирск,Потребитель,1.0,497.68,497.68,301.89,195.79
1819,2024-05-24,Техника,Новосибирск,Мелкий опт,6.0,1195.69,7174.14,4199.83,2974.31
1820,2024-07-12,Офис,Новосибирск,Корпоратив,21.0,337.47,7086.87,4197.09,2889.78
1821,2023-02-21,Канцелярия,Екатеринбург,Потребитель,3.0,611.76,1835.28,1179.92,655.36
1822,2024-08-19,Канцелярия,Новосибирск,Потребитель,12.0,2868.52,34422.24,23394.95,11027.29
1823,2023-06-22,Техника,Самара,Корпоратив,0.0,595.46,0.0,0.0,0.0
1824,2024-10-13,Канцелярия,Москва,Мелкий опт,13.0,804.39,10457.07,7785.77,2671.3
1825,2024-12-13,Дом и сад,Самара,Потребитель,20.0,536.37,10727.4,7476.53,3250.87
1826,2024-12-26,Техника,Самара,Потребитель,31.0,406.39,12598.09,9307.94,3290.15
1827,2023-10-28,Дом и сад,Екатеринбург,Потребитель,8.0,676.42,5411.36,4034.28,1377.08
1828,2023-01-31,Мебель,Екатеринбург,Потребитель,2.0,414.01,828.02,578.27,249.75
1829,2024-12-22,Дом и сад,Москва,Корпоратив,21.0,1059.68,22253.28,12428.39,9824.89
1830,2024-10-12,Канцелярия,Самара,Мелкий опт,8.0,238.61,1908.88,1099.62,809.26
1831,2024-11-22,Дом и сад,Екатеринбург,Потребитель,20.0,382.14,7642.8,4776.77,2866.03
1832,2023-03-08,Офис,Екатеринбург,Корпоратив,35.0,750.71,26274.85,20726.09,5548.76
1833,2024-05-25,Техника,Санкт-Петербург,Корпоратив,6.0,115.25,691.5,529.5,162.0
1834,2023-12-02,Техника,Москва,Корпоратив,5.0,1044.73,-1.0,3509.33,1714.32
1835,2024-06-20,Офис,Москва,Корпоратив,15.0,511.3,7669.5,5431.01,2238.49
1836,2023-10-08,Канцелярия,Екатеринбург,Корпоратив,2.0,927.18,1854.36,1319.65,534.71
1837,2023-11-05,Техника,Самара,Мелкий опт,16.0,346.77,5548.32,3263.65,2284.67
1838,2024-11-03,Дом и сад,Самара,Корпоратив,2.0,1147.61,2295.22,1328.85,966.37
1839,2024-12-26,Техника,Новосибирск,Мелкий опт,32.0,471.25,15080.0,11377.93,3702.07
1840,2024-08-02,Офис,Санкт-Петербург,Корпоратив,13.0,891.85,11594.05,6541.16,5052.89
1841,2023-06-11,Офис,Москва,Мелкий опт,41.0,63.77,2614.57,1488.97,1125.6
1842,2023-01-17,Офис,Самара,Корпоратив,30.0,255.37,7661.1,5594.81,2066.29
1843,2024-02-25,Техника,Москва,Корпоратив,33.0,927.26,30599.58,20140.43,10459.15
1844,2024-01-24,Офис,Самара,Корпоратив,11.0,427.83,4706.13,3355.97,1350.16
1845,2024-09-18,Дом и сад,Санкт-Петербург,Корпоратив,23.0,1384.11,31834.53,24574.32,7260.21
1846,2023-11-23,Мебель,Санкт-Петербург,Потребитель,3.0,368.36,1105.08,878.28,226.8
1847,2023-11-05,Офис,Санкт-Петербург,Потребитель,15.0,328.48,4927.2,3384.09,1543.11
1848,2023-01-25,Канцелярия,Новосибирск,Потребитель,9.0,101.49,913.41,713.17,200.24
1849,2024-05-07,Мебель,Санкт-Петербург,Корпоратив,6.0,167.78,1006.68,650.74,355.94
1850,2023-08-24,Мебель,Екатеринбург,Мелкий опт,9.0,466.64,4199.76,3075.71,1124.05
1851,2024-07-21,Техника,Екатеринбург,Потребитель,12.0,463.73,5564.76,3477.37,2087.39
1852,2023-02-10,Дом и сад,Новосибирск,Потребитель,51.0,76.93,3923.43,2632.53,1290.9
1853,2023-11-09,Канцелярия,Новосибирск,Мелкий опт,37.0,912.5,33762.5,24477.05,9285.45
1854,2023-08-28,Дом и сад,Самара,Корпоратив,15.0,71.7,1075.5,734.48,341.02
1855,2024-11-16,Офис,Санкт-Петербург,Потребитель,4.0,264.5,1058.0,818.76,239.24
1856,2024-12-04,Офис,Санкт-Петербург,Корпоратив,21.0,113.46,2382.66,1783.8,598.86
1857,2023-01-27,Мебель,Екатеринбург,Потребитель,16.0,1012.43,16198.88,9006.4,7192.48
1858,2023-09-25,Дом и сад,Санкт-Петербург,Потребитель,5.0,702.42,3512.1,2151.43,1360.67
1859,2023-12-14,Техника,Екатеринбург,Потребитель,12.0,67.56,810.72,548.15,262.57
1860,2024-04-13,Офис,Санкт-Петербург,Корпоратив,1.0,222.06,222.06,125.97,96.09
1861,2024-09-05,Техника,Новосибирск,Потребитель,6.0,267.13,1602.78,1127.99,474.79
1862,2023-02-16,Мебель,Екатеринбург,Мелкий опт,13.0,184.33,2396.29,1749.46,646.83
1863,2023-08-01,Техника,Санкт-Петербург,Потребитель,1.0,385.52,385.52,218.16,167.36
1864,2023-06-20,Дом и сад,Самара,Корпоратив,19.0,220.98,4198.62,3147.5,1051.12
1865,2023-10-20,Техника,Санкт-Петербург,Корпоратив,27.0,153.16,4135.32,2338.89,1796.43
1866,2023-12-08,Канцелярия,Санкт-Петербург,Потребитель,5.0,276.56,1382.8,811.48,571.32
1867,2024-07-06,Техника,Санкт-Петербург,Потребитель,9.0,499.75,4497.75,3262.83,1234.92
1868,2024-02-09,Канцелярия,Санкт-Петербург,Корпоратив,46.0,345.98,15915.08,8886.81,7028.27
1869,2024-08-13,Дом и сад,Москва,Потребитель,11.0,118.1,1299.1,851.81,447.29
1870,2023-02-03,Канцелярия,Новосибирск,Потребитель,2.0,557.42,1114.84,732.94,381.9
1871,2023-08-01,Офис,Самара,Потребитель,7.0,352.83,2469.81,1526.93,942.88
1872,2023-09-03,Дом и сад,Москва,Потребитель,7.0,272.62,1908.34,1081.81,826.53
1873,2023-01-03,Техника,Новосибирск,Потребитель,7.0,365.58,2559.06,1842.85,716.21
1874,2023-06-02,Дом и сад,Екатеринбург,Потребитель,11.0,1851.73,20369.03,14923.34,5445.69
1875,2023-04-22,Канцелярия,Москва,Потребитель,28.0,132.9,3721.2,2317.74,1403.46
1876,2024-09-17,Техника,Самара,Мелкий опт,3.0,2616.1,7848.3,5050.6,2797.7
1877,2023-08-18,Офис,Москва,Потребитель,15.0,423.66,6354.9,4253.73,2101.17
1878,2024-03-11,Дом и сад,Москва,Потребитель,3.0,133.66,400.98,254.92,146.06
1879,2024-05-31,Офис,Новосибирск,Потребитель,9.0,297.55,2677.95,2045.66,632.29
1880,2023-06-04,Техника,Санкт-Петербург,Мелкий опт,40.0,1023.13,40925.2,24561.72,16363.48
1881,2023-04-21,Дом и сад,Москва,Потребитель,2.0,109.88,219.76,151.03,68.73
1882,2024-02-10,Канцелярия,Москва,Мелкий опт,9.0,290.16,2611.44,1505.62,1105.82
1883,2024-12-06,Техника,Екатеринбург,Мелкий опт,3.0,114.95,344.85,218.32,126.53
1884,2024-09-29,Техника,Москва,Потребитель,22.0,771.0,16962.0,10071.3,6890.7
1885,2024-03-29,Канцелярия,Москва,Корпоратив,5.0,384.49,1922.45,1154.94,767.51
1886,2023-01-18,Дом и сад,Новосибирск,Корпоратив,8.0,809.86,6478.88,4933.35,1545.53
1887,2023-04-11,Офис,Новосибирск,Потребитель,44.0,1114.05,49018.2,30172.83,18845.37
1888,2024-06-27,Дом и сад,Самара,Потребитель,11.0,628.6,6914.6,4068.54,2846.06
1889,2024-07-01,Канцелярия,Самара,Корпоратив,9.0,234.81,2113.29,1512.61,600.68
1890,2024-02-25,Дом и сад,Самара,Мелкий опт,5.0,804.73,4023.65,2833.5,1190.15
1891,2024-05-31,Канцелярия,Москва,Мелкий опт,2.0,337.29,674.58,478.95,195.63
1892,2024-04-05,Офис,Екатеринбург,Потребитель,11.0,284.9,3133.9,2294.75,839.15
1893,2024-08-26,Техника,Москва,Корпоратив,12.0,806.13,9673.56,5696.78,3976.78
1894,2024-08-02,Канцелярия,Самара,Потребитель,2.0,232.94,465.88,335.08,130.8
1895,2023-08-01,Техника,Москва,Корпоратив,18.0,139.13,2504.34,1879.44,624.9
1896,2023-12-02,Техника,Санкт-Петербург,Корпоратив,2.0,409.16,818.32,614.01,204.31
1897,2023-02-07,Офис,Екатеринбург,Мелкий опт,4.0,821.11,3284.44,2516.63,767.81
1898,2024-08-21,Дом и сад,Москва,Потребитель,6.0,336.33,2017.98,1547.0,470.98
1899,2024-08-19,Канцелярия,Новосибирск,Потребитель,14.0,892.16,12490.24,8969.27,3520.97
1900,2023-09-04,Дом и сад,Москва,Потребитель,3.0,275.32,825.96,652.11,173.85
1901,2023-03-21,Мебель,Новосибирск,Потребитель,3.0,256.11,768.33,526.41,241.92
1902,2023-09-28,Офис,Екатеринбург,Корпоратив,3.0,120.78,362.34,257.35,104.99
1903,2023-12-08,Канцелярия,Санкт-Петербург,Мелкий опт,12.0,422.12,5065.44,2868.64,2196.8
1904,2023-05-19,Дом и сад,Самара,Потребитель,21.0,1777.04,37317.84,20630.48,16687.36
1905,2024-10-17,Дом и сад,Екатеринбург,Потребитель,11.0,637.76,7015.36,4912.75,2102.61
1906,2024-03-31,Канцелярия,Санкт-Петербург,Потребитель,0.0,2644.03,0.0,0.0,0.0
1907,2023-08-17,Мебель,Самара,Потребитель,5.0,818.76,4093.8,3093.24,1000.56
1908,2024-04-30,Техника,Москва,Корпоратив,18.0,194.95,3509.1,2336.54,1172.56
1909,2023-12-13,Офис,Москва,Потребитель,19.0,219.55,4171.45,3324.61,846.84
1910,2023-02-16,Техника,Москва,Корпоратив,7.0,1615.42,11307.94,8055.06,3252.88
1911,2024-11-05,Канцелярия,Самара,Мелкий опт,21.0,614.62,12907.02,8497.19,4409.83
1912,2024-01-25,Офис,Екатеринбург,Потребитель,44.0,291.51,12826.44,7182.56,5643.88
1913,2024-03-23,Техника,Новосибирск,Мелкий опт,55.0,115.33,6343.15,3628.73,2714.42
1914,2023-12-06,Техника,Самара,Потребитель,17.0,1026.66,17453.22,11133.14,6320.08
1915,2024-05-29,Канцелярия,Самара,Потребитель,16.0,422.07,6753.12,5161.7,1591.42
1916,2023-11-12,Дом и сад,Москва,Потребитель,8.0,1334.4,10675.2,6353.22,4321.98
1917,2023-03-24,Мебель,Новосибирск,Потребитель,15.0,1332.01,19980.15,15037.79,4942.36
1918,2024-04-16,Мебель,Самара,Потребитель,9.0,335.07,3015.63,2375.98,639.65
1919,2023-12-30,Техника,Москва,Корпоратив,1.0,29.09,29.09,20.22,8.87
1920,2023-11-16,Мебель,Москва,Корпоратив,4.0,1258.71,5034.84,2802.69,2232.15
1921,2024-10-27,Техника,Самара,Корпоратив,10.0,171.95,1719.5,1374.26,345.24
1922,2024-05-21,Офис,Новосибирск,Корпоратив,11.0,982.28,10805.08,6438.56,4366.52
1923,2023-06-23,Дом и сад,Екатеринбург,Корпоратив,7.0,2444.95,17114.65,11732.85,5381.8
1924,2023-06-21,Офис,Екатеринбург,Мелкий опт,2.0,900.19,1800.38,1367.97,432.41
1925,2024-01-14,Мебель,Санкт-Петербург,Потребитель,8.0,361.39,2891.12,2195.14,695.98
1926,2024-06-20,Техника,Новосибирск,Корпоратив,15.0,199.27,2989.05,2070.57,918.48
1927,2024-04-23,Дом и сад,Москва,Мелкий опт,7.0,384.3,2690.1,1946.07,744.03
1928,2023-11-12,Техника,Екатеринбург,Мелкий опт,29.0,399.77,11593.33,8542.64,3050.69
1929,2024-11-28,Канцелярия,Санкт-Петербург,Корпоратив,2.0,898.34,1796.68,1164.33,632.35
1930,2024-12-10,Дом и сад,Екатеринбург,Мелкий опт,26.0,65.38,1699.88,1012.62,687.26
1931,2024-04-11,Офис,Москва,Мелкий опт,3.0,443.31,1329.93,891.45,438.48
1932,2024-08-19,Офис,Екатеринбург,Потребитель,10.0,2550.66,25506.6,14138.12,11368.48
1933,2023-01-27,Техника,Самара,Потребитель,22.0,380.51,8371.22,5040.54,3330.68
1934,2024-07-20,Мебель,Самара,Мелкий опт,13.0,6880.0,89440.0,60853.11,28586.89
1935,2024-12-09,Дом и сад,Екатеринбург,Потребитель,13.0,90.5,1176.5,901.66,274.84
1936,2023-04-03,Канцелярия,Екатеринбург,Потребитель,8.0,395.08,3160.64,2373.11,787.53
1937,2023-11-19,Дом и сад,Самара,Потребитель,8.0,197.49,1579.92,937.96,641.96
1938,2023-07-03,Дом и сад,Новосибирск,Корпоратив,7.0,221.69,1551.83,1232.37,319.46
1939,2024-10-21,Техника,Москва,Мелкий опт,9.0,350.42,3153.78,2486.87,666.91
1940,2023-08-13,Техника,Новосибирск,Потребитель,9.0,221.75,1995.75,1240.97,754.78
1941,2024-07-27,Техника,Самара,Потребитель,15.0,320.13,4801.95,2850.77,1951.18
1942,2024-08-11,Техника,Екатеринбург,Потребитель,10.0,451.49,4514.9,2855.69,1659.21
1943,2023-08-20,Дом и сад,Новосибирск,Мелкий опт,2.0,314.42,628.84,423.69,205.15
1944,2023-06-23,Канцелярия,Самара,Корпоратив,10.0,75.33,753.3,552.27,201.03
1945,2024-04-25,Дом и сад,Санкт-Петербург,Мелкий опт,4.0,435.48,1741.92,1275.88,466.04
1946,2024-10-28,Офис,Самара,Корпоратив,2.0,434.67,869.34,559.13,310.21
1947,2024-09-19,Мебель,Санкт-Петербург,Потребитель,4.0,1102.17,4408.68,2732.61,1676.07
1948,2023-09-19,Дом и сад,Самара,Мелкий опт,1.0,889.97,889.97,639.65,250.32
1949,2024-11-05,Офис,Санкт-Петербург,Потребитель,15.0,188.22,2823.3,1769.1,1054.2
1950,2024-05-14,Офис,Новосибирск,Потребитель,5.0,1383.58,6917.9,4258.19,2659.71
1951,2024-09-17,Мебель,Новосибирск,Мелкий опт,20.0,314.27,6285.4,3681.69,2603.71
1952,2024-10-31,Дом и сад,Санкт-Петербург,Корпоратив,14.0,317.31,4442.34,2480.06,1962.28
1953,2024-11-09,Техника,Самара,Потребитель,18.0,500.87,9015.66,6258.08,2757.58
1954,2023-02-22,Офис,Санкт-Петербург,Потребитель,7.0,290.72,2035.04,1466.72,568.32
1955,2024-02-27,Дом и сад,Екатеринбург,Потребитель,8.0,273.0,2184.0,1683.1,500.9
1956,2023-04-21,Канцелярия,Самара,Корпоратив,59.0,144.54,8527.86,6004.46,2523.4
1957,2024-05-27,Мебель,Самара,Мелкий опт,1.0,1945.46,1945.46,1515.58,429.88
1958,2024-08-08,Техника,Москва,Корпоратив,12.0,118.13,1417.56,1067.57,349.99
1959,2024-08-17,Дом и сад,Москва,Потребитель,15.0,264.03,3960.45,2321.27,1639.18
1960,2024-03-15,Офис,Москва,Потребитель,61.0,387.77,23653.97,17130.52,6523.45
1961,2024-05-22,Дом и сад,Екатеринбург,Потребитель,10.0,80.0,800.0,442.23,357.77
1962,2024-11-12,Офис,Самара,Потребитель,6.0,649.7,3898.2,3097.5,800.7
1963,2024-09-25,Дом и сад,Самара,Мелкий опт,1.0,610.24,610.24,352.58,257.66
1964,2024-03-24,Канцелярия,Самара,Корпоратив,2.0,238.54,477.08,306.39,170.69
1965,2023-05-24,Канцелярия,Москва,Корпоратив,7.0,45.74,320.18,193.88,126.3
1966,2023-10-30,Канцелярия,Новосибирск,Мелкий опт,28.0,1481.88,41492.64,27322.8,14169.84
1967,2023-08-05,Мебель,Москва,Потребитель,9.0,253.26,2279.34,1265.72,1013.62
1968,2023-05-17,Офис,Москва,Потребитель,5.0,565.73,2828.65,1845.11,983.54
1969,2024-05-07,Офис,Екатеринбург,Мелкий опт,5.0,420.63,2103.15,1551.32,551.83
1970,2023-05-10,Дом и сад,Самара,Мелкий опт,1.0,442.1,442.1,313.02,129.08
1971,2023-02-05,Офис,Санкт-Петербург,Потребитель,6.0,586.41,3518.46,2244.07,1274.39
1972,2023-12-29,Дом и сад,Новосибирск,Потребитель,5.0,256.87,1284.35,764.23,520.12
1973,2023-05-29,Мебель,Самара,Корпоратив,48.0,463.33,22239.84,14445.5,7794.34
1974,2024-12-08,Дом и сад,Новосибирск,Потребитель,63.0,1155.08,72770.04,40600.88,32169.16
1975,2024-06-20,Дом и сад,Самара,Потребитель,16.0,76.39,1222.24,777.88,444.36
1976,2024-03-18,Дом и сад,Москва,Корпоратив,12.0,804.19,9650.28,7153.21,2497.07
1977,2023-06-17,Канцелярия,Новосибирск,Корпоратив,1.0,844.12,844.12,561.88,282.24
1978,2024-08-04,Дом и сад,Самара,Потребитель,5.0,312.28,1561.4,979.0,582.4
1979,2024-09-29,Дом и сад,Екатеринбург,Потребитель,4.0,789.53,3158.12,2416.61,741.51
1980,2023-09-17,Дом и сад,Екатеринбург,Потребитель,7.0,380.54,2663.78,2071.14,592.64
1981,2024-05-24,Мебель,Москва,Потребитель,26.0,1403.86,36500.36,26467.42,10032.94
1982,2023-01-09,Техника,Самара,Потребитель,6.0,589.22,3535.32,2544.13,991.19
1983,2023-02-15,Канцелярия,Москва,Корпоратив,10.0,192.63,1926.3,1244.42,681.88
1984,2023-02-10,Техника,Екатеринбург,Корпоратив,1.0,118.72,118.72,91.6,27.12
1985,2024-11-26,Канцелярия,Екатеринбург,Мелкий опт,2.0,468.03,936.06,589.96,346.1
1986,2023-06-03,Мебель,Самара,Корпоратив,11.0,299.26,3291.86,2094.4,1197.46
1987,2023-02-20,Канцелярия,Санкт-Петербург,Потребитель,11.0,1193.17,13124.87,10378.61,2746.26
1988,2024-09-29,Канцелярия,Москва,Корпоратив,4.0,555.25,2221.0,1645.72,575.28
1989,2023-10-24,Техника,Санкт-Петербург,Потребитель,5.0,131.12,655.6,468.84,186.76
1990,2024-03-11,Техника,Самара,Потребитель,6.0,335.74,2014.44,1113.85,900.59
1991,2023-07-12,Офис,Москва,Корпоратив,11.0,235.23,2587.53,1718.4,869.13
1992,2023-11-29,Канцелярия,Екатеринбург,Корпоратив,1.0,456.48,456.48,290.0,166.48
1993,2024-01-18,Офис,Москва,Потребитель,9.0,152.61,1373.49,1039.25,334.24
1994,2023-05-02,Дом и сад,Екатеринбург,Корпоратив,5.0,135.86,679.3,488.93,190.37
1995,2024-11-08,Техника,Санкт-Петербург,Потребитель,6.0,2130.53,12783.18,8687.69,4095.49
1996,2023-04-27,Мебель,Самара,Потребитель,10.0,818.87,8188.7,5782.15,2406.55
1997,2023-09-28,Офис,Новосибирск,Потребитель,7.0,1065.7,7459.9,5925.44,1534.46
1998,2023-03-11,Канцелярия,Санкт-Петербург,Потребитель,10.0,914.03,9140.3,5516.42,3623.88
1999,2024-08-14,Мебель,Новосибирск,Потребитель,2.0,315.11,630.22,427.33,202.89
2000,2024-09-13,Офис,Самара,Мелкий опт,7.0,264.01,1848.07,1246.4,601.67
2001,2024-02-16,Офис,Новосибирск,Корпоратив,13.0,277.04,3601.52,2042.37,1559.15
2002,2024-05-17,Мебель,Екатеринбург,Потребитель,13.0,1503.48,19545.24,14763.23,4782.01
2003,2023-11-07,Дом и сад,Новосибирск,Корпоратив,1.0,570.96,570.96,329.78,241.18
2004,2023-11-07,Офис,Екатеринбург,Потребитель,1.0,215.09,215.09,136.1,78.99
2005,2024-06-30,Дом и сад,Санкт-Петербург,Потребитель,3.0,279.25,837.75,606.72,231.03
2006,2024-03-24,Канцелярия,Новосибирск,Мелкий опт,3.0,492.41,1477.23,880.46,596.77
2007,2024-10-22,Канцелярия,Самара,Потребитель,18.0,1144.75,20605.5,12936.11,7669.39
2008,2024-08-01,Техника,Новосибирск,Потребитель,7.0,310.88,2176.16,1285.51,890.65
2009,2024-07-31,Офис,Новосибирск,Корпоратив,6.0,493.56,2961.36,1860.02,1101.34
2010,2023-03-15,Канцелярия,Новосибирск,Корпоратив,22.0,435.0,9570.0,5376.72,4193.28
2011,2023-02-27,Мебель,Санкт-Петербург,Корпоратив,8.0,834.97,6679.76,5152.67,1527.09
2012,2024-04-25,Канцелярия,Москва,Потребитель,2.0,178.06,356.12,204.08,152.04
2013,2023-11-22,Офис,Екатеринбург,Потребитель,5.0,569.11,2845.55,2024.0,821.55
2014,2023-01-08,Дом и сад,Новосибирск,Мелкий опт,12.0,845.12,10141.44,7656.95,2484.49
2015,2024-03-30,Мебель,Самара,Корпоратив,9.0,401.19,3610.71,2412.24,1198.47
2016,2023-08-28,Техника,Санкт-Петербург,Корпоратив,18.0,222.56,4006.08,2809.75,1196.33
2017,2024-07-14,Офис,Новосибирск,Корпоратив,10.0,494.97,4949.7,3567.77,1381.93
2018,2024-05-23,Дом и сад,Екатеринбург,Потребитель,3.0,501.6,1504.8,1180.03,324.77
2019,2023-01-07,Дом и сад,Екатеринбург,Корпоратив,13.0,230.13,2991.69,2145.01,846.68
2020,2024-06-18,Мебель,Москва,Потребитель,4.0,332.54,1330.16,856.99,473.17
2021,2024-06-25,Канцелярия,Екатеринбург,Корпоратив,10.0,208.33,2083.3,1301.18,782.12
2022,2023-12-27,Офис,Самара,Потребитель,2.0,343.24,686.48,380.68,305.8
2023,2023-08-30,Дом и сад,Екатеринбург,Мелкий опт,3.0,288.82,866.46,611.65,254.81
2024,2023-06-22,Мебель,Самара,Мелкий опт,19.0,360.29,6845.51,5262.31,1583.2
2025,2023-12-22,Канцелярия,Самара,Корпоратив,2.0,242.65,485.3,283.19,202.11
2026,2023-01-17,Техника,Самара,Потребитель,1.0,456.0,456.0,261.49,194.51
2027,2024-09-18,Офис,Москва,Корпоратив,4.0,793.84,3175.36,2233.88,941.48
2028,2023-08-25,Канцелярия,Екатеринбург,Корпоратив,4.0,405.82,1623.28,1270.66,352.62
2029,2023-07-29,Техника,Москва,Потребитель,3.0,368.93,1106.79,694.25,412.54
2030,2024-02-18,Дом и сад,Санкт-Петербург,Корпоратив,64.0,253.61,16231.04,10243.69,5987.35
2031,2024-10-11,Офис,Новосибирск,Потребитель,12.0,1596.09,19153.08,12819.12,6333.96
2032,2024-01-08,Техника,Самара,Потребитель,17.0,232.15,3946.55,2490.79,1455.76
2033,2024-01-17,Техника,Санкт-Петербург,Мелкий опт,13.0,831.6,10810.8,7746.55,3064.25
2034,2023-07-30,Офис,Санкт-Петербург,Потребитель,3.0,94.46,283.38,178.55,104.83
2035,2023-06-13,Дом и сад,Санкт-Петербург,Потребитель,6.0,310.53,1863.18,1235.29,627.89
2036,2023-08-08,Мебель,Санкт-Петербург,Потребитель,5.0,423.17,2115.85,1628.77,487.08
2037,2024-07-26,Дом и сад,Екатеринбург,Потребитель,19.0,118.43,2250.17,1381.95,868.22
2038,2023-11-19,Офис,Новосибирск,Потребитель,24.0,365.44,8770.56,6632.39,2138.17
2039,2024-10-11,Дом и сад,Екатеринбург,Потребитель,5.0,332.66,1663.3,1163.9,499.4
2040,2024-11-23,Дом и сад,Москва,Потребитель,11.0,1204.11,13245.21,8785.19,4460.02
2041,2023-07-02,Дом и сад,Москва,Потребитель,16.0,412.37,6597.92,4313.16,2284.76
2042,2024-09-29,Мебель,Екатеринбург,Потребитель,4.0,209.18,836.72,586.89,249.83
2043,2024-03-16,Мебель,Самара,Корпоратив,193.0,1474.66,284609.38,188536.95,96072.43
2044,2024-04-02,Офис,Москва,Потребитель,5.0,117.58,587.9,462.94,124.96
2045,2023-09-25,Техника,Санкт-Петербург,Потребитель,2.0,337.93,675.86,459.6,216.26
2046,2024-08-06,Мебель,Санкт-Петербург,Мелкий опт,9.0,131.81,1186.29,826.2,360.09
2047,2023-05-04,Офис,Самара,Корпоратив,10.0,766.36,7663.6,5636.41,2027.19
2048,2024-12-07,Мебель,Санкт-Петербург,Корпоратив,7.0,882.6,6178.2,4057.75,2120.45
2049,2023-05-27,Канцелярия,Москва,Корпоратив,9.0,420.85,3787.65,2746.81,1040.84
2050,2024-04-23,Офис,Москва,Корпоратив,16.0,151.9,2430.4,1921.65,508.75
2051,2024-01-28,Дом и сад,Екатеринбург,Потребитель,33.0,339.88,11216.04,7153.7,4062.34
2052,2023-12-19,Дом и сад,Самара,Корпоратив,2.0,755.73,1511.46,1195.31,316.15
2053,2023-10-29,Техника,Екатеринбург,Корпоратив,9.0,2627.03,23643.27,16500.34,7142.93
2054,2024-04-09,Мебель,Санкт-Петербург,Корпоратив,6.0,194.3,1165.8,728.04,437.76
2055,2024-04-20,Мебель,Санкт-Петербург,Корпоратив,10.0,309.02,3090.2,2241.71,848.49
2056,2024-10-11,Канцелярия,Новосибирск,Мелкий опт,9.0,123.19,1108.71,797.32,311.39
2057,2024-02-28,Офис,Санкт-Петербург,Потребитель,4.0,391.64,1566.56,874.78,691.78
2058,2023-07-28,Мебель,Москва,Потребитель,5.0,294.96,1474.8,1143.56,331.24
2059,2024-06-30,Техника,Санкт-Петербург,Потребитель,4.0,229.52,918.08,651.54,266.54
2060,2024-09-18,Офис,Самара,Потребитель,3.0,97.08,291.24,184.8,106.44
2061,2023-12-21,Техника,Самара,Корпоратив,18.0,704.63,12683.34,10105.5,2577.84
2062,2023-08-17,Техника,Москва,Потребитель,3.0,1614.17,4842.51,3282.69,1559.82
2063,2023-09-19,Канцелярия,Новосибирск,Потребитель,9.0,351.57,3164.13,2429.8,734.33
2064,2023-04-05,Канцелярия,Москва,Потребитель,3.0,240.55,721.65,454.28,267.37
2065,2024-02-15,Канцелярия,Санкт-Петербург,Потребитель,5.0,242.3,1211.5,923.48,288.02
2066,2024-07-12,Техника,Москва,Мелкий опт,4.0,733.38,2933.52,1668.23,1265.29
2067,2023-06-14,Офис,Екатеринбург,Потребитель,32.0,458.22,14663.04,11242.83,3420.21
2068,2023-11-19,Канцелярия,Новосибирск,Мелкий опт,10.0,1394.53,13945.3,10581.5,3363.8
2069,2023-10-08,Дом и сад,Екатеринбург,Корпоратив,2.0,262.69,525.38,308.06,217.32
2070,2024-01-12,Дом и сад,Екатеринбург,Потребитель,19.0,140.26,2664.94,2112.56,552.38
2071,2023-11-15,Офис,Санкт-Петербург,Корпоратив,6.0,53.06,318.36,251.08,67.28
2072,2024-06-23,Техника,Москва,Мелкий опт,25.0,589.86,14746.5,11000.38,3746.12
2073,2024-06-26,Техника,Самара,Мелкий опт,13.0,65.72,854.36,516.46,337.9
2074,2024-10-24,Техника,Екатеринбург,Потребитель,11.0,352.78,3880.58,2382.27,1498.31
2075,2023-06-29,Офис,Санкт-Петербург,Потребитель,20.0,177.0,3540.0,2439.06,1100.94
2076,2024-05-30,Офис,Санкт-Петербург,Потребитель,14.0,657.83,9209.62,7031.26,2178.36
2077,2024-07-20,Техника,Новосибирск,Потребитель,5.0,444.44,2222.2,1519.17,703.03
2078,2024-02-12,Дом и сад,Новосибирск,Корпоратив,24.0,1080.94,25942.56,14600.88,11341.68
2079,2024-01-16,Офис,Самара,Мелкий опт,8.0,681.12,5448.96,3819.0,1629.96
2080,2023-12-17,Канцелярия,Екатеринбург,Потребитель,18.0,1263.75,22747.5,17869.05,4878.45
2081,2023-01-02,Канцелярия,Самара,Мелкий опт,3.0,116.44,349.32,195.16,154.16
2082,2023-03-31,Офис,Новосибирск,Потребитель,5.0,312.85,1564.25,1106.7,457.55
2083,2023-01-14,Канцелярия,Новосибирск,Потребитель,3.0,77.12,231.36,149.54,81.82
2084,2024-02-12,Офис,Санкт-Петербург,Потребитель,1.0,563.59,563.59,330.16,233.43
2085,2023-04-28,Мебель,Москва,Потребитель,51.0,532.36,27150.36,21609.49,5540.87
2086,2024-03-20,Офис,Москва,Корпоратив,7.0,503.98,3527.86,1986.6,1541.26
2087,2024-09-23,Дом и сад,Новосибирск,Потребитель,9.0,245.79,2212.11,1263.23,948.88
2088,2023-10-20,Офис,Екатеринбург,Мелкий опт,9.0,504.52,4540.68,3117.92,1422.76
2089,2023-06-13,Мебель,Новосибирск,Потребитель,2.0,264.36,528.72,323.63,205.09
2090,2023-10-24,Техника,Самара,Потребитель,16.0,2853.39,45654.24,34810.16,10844.08
2091,2024-03-23,Офис,Москва,Потребитель,6.0,246.69,1480.14,1163.77,316.37
2092,2023-05-03,Техника,Екатеринбург,Потребитель,3.0,987.48,2962.44,2368.46,593.98
2093,2024-07-16,Дом и сад,Екатеринбург,Потребитель,6.0,207.89,1247.34,803.15,444.19
2094,2023-07-08,Мебель,Екатеринбург,Корпоратив,35.0,343.68,12028.8,7218.54,4810.26
2095,2024-02-14,Канцелярия,Екатеринбург,Потребитель,2.0,708.49,1416.98,782.14,634.84
2096,2023-02-26,Канцелярия,Екатеринбург,Потребитель,11.0,760.77,8368.47,5819.17,2549.3
2097,2024-07-27,Дом и сад,Москва,Потребитель,3.0,1172.74,3518.22,2014.08,1504.14
2098,2023-10-12,Офис,Москва,Корпоратив,3.0,377.35,1132.05,654.4,477.65
2099,2024-12-24,Техника,Новосибирск,Потребитель,23.0,226.29,5204.67,3580.52,1624.15
2100,2023-05-05,Офис,Самара,Потребитель,3.0,266.66,799.98,636.37,163.61
2101,2023-10-12,Мебель,Екатеринбург,Потребитель,11.0,881.11,9692.21,6084.35,3607.86
2102,2024-08-29,Техника,Самара,Потребитель,8.0,1119.84,8958.72,5861.91,3096.81
2103,2024-12-18,Дом и сад,Екатеринбург,Потребитель,7.0,679.99,4759.93,3501.51,1258.42
2104,2023-09-19,Канцелярия,Новосибирск,Потребитель,2.0,262.04,524.08,340.19,183.89
2105,2023-11-18,Офис,Екатеринбург,Потребитель,5.0,558.98,2794.9,1808.13,986.77
2106,2024-10-09,Техника,Самара,Мелкий опт,5.0,189.11,945.55,531.5,414.05
2107,2024-05-28,Канцелярия,Самара,Потребитель,5.0,1059.75,5298.75,3375.13,1923.62
2108,2023-12-27,Техника,Екатеринбург,Потребитель,7.0,501.22,3508.54,2351.7,1156.84
2109,2024-06-13,Мебель,Екатеринбург,Потребитель,21.0,49.83,1046.43,700.7,345.73
2110,2024-09-27,Дом и сад,Самара,Корпоратив,3.0,1987.75,5963.25,4374.45,1588.8
2111,2023-11-06,Канцелярия,Самара,Корпоратив,14.0,204.71,2865.94,1851.73,1014.21
2112,2023-03-05,Техника,Екатеринбург,Потребитель,1.0,262.84,262.84,149.39,113.45
2113,2024-05-26,Офис,Москва,Мелкий опт,26.0,313.32,8146.32,6191.19,1955.13
2114,2023-04-07,Дом и сад,Екатеринбург,Мелкий опт,28.0,989.76,27713.28,16185.72,11527.56
2115,2023-11-23,Канцелярия,Москва,Потребитель,4.0,258.07,1032.28,780.21,252.07
2116,2024-12-20,Канцелярия,Самара,Потребитель,12.0,2571.96,30863.52,23723.52,7140.0
2117,2023-04-01,Офис,Самара,Мелкий опт,6.0,447.39,2684.34,2095.59,588.75
2118,2024-11-19,Канцелярия,Екатеринбург,Потребитель,13.0,538.44,6999.72,4074.57,2925.15
2119,2024-11-22,Канцелярия,Новосибирск,Корпоратив,16.0,239.75,3836.0,2328.03,1507.97
2120,2023-03-13,Офис,Самара,Корпоратив,4.0,542.78,2171.12,1473.65,697.47
2121,2023-04-07,Дом и сад,Москва,Корпоратив,14.0,783.1,10963.4,7617.89,3345.51
2122,2023-08-26,Офис,Самара,Потребитель,6.0,1428.81,8572.86,5805.34,2767.52
2123,2024-03-12,Техника,Санкт-Петербург,Потребитель,22.0,1156.04,25432.88,19566.23,5866.65
2124,2023-09-23,Мебель,Санкт-Петербург,Мелкий опт,,277.11,2771.1,1951.91,819.19
2125,2023-05-25,Дом и сад,Самара,Потребитель,6.0,317.04,1902.24,1481.41,420.83
2126,2023-09-24,Дом и сад,Санкт-Петербург,Корпоратив,4.0,1314.45,5257.8,4062.98,1194.82
2127,2024-01-21,Техника,Новосибирск,Корпоратив,1.0,626.67,626.67,420.06,206.61
2128,2023-07-18,Дом и сад,Москва,Потребитель,9.0,1012.19,9109.71,5942.97,3166.74
2129,2023-08-10,Канцелярия,Москва,Корпоратив,62.0,390.76,24227.12,14756.5,9470.62
2130,2024-01-18,Канцелярия,Екатеринбург,Мелкий опт,4.0,1925.45,7701.8,4465.08,3236.72
2131,2023-06-27,Канцелярия,Новосибирск,Потребитель,13.0,704.68,9160.84,5749.17,3411.67
2132,2024-04-30,Мебель,Новосибирск,Мелкий опт,11.0,84.36,927.96,618.81,309.15
2133,2023-08-25,Дом и сад,Санкт-Петербург,Потребитель,1.0,241.67,241.67,180.6,61.07
2134,2024-05-26,Офис,Екатеринбург,Корпоратив,17.0,226.7,3853.9,2942.35,911.55
2135,2023-06-28,Офис,Санкт-Петербург,Мелкий опт,1.0,336.72,336.72,206.17,130.55
2136,2023-06-21,Канцелярия,Москва,Потребитель,9.0,42.26,380.34,226.27,154.07
2137,2023-11-12,Канцелярия,Москва,Корпоратив,9.0,152.16,1369.44,784.87,584.57
2138,2024-10-29,Мебель,Екатеринбург,Потребитель,2.0,776.25,1552.5,1045.82,506.68
2139,2023-08-14,Канцелярия,Москва,Потребитель,51.0,260.97,13309.47,7911.9,5397.57
2140,2023-03-29,Офис,Екатеринбург,Потребитель,8.0,576.81,4614.48,3050.55,1563.93
2141,2023-10-12,Офис,Санкт-Петербург,Потребитель,8.0,338.12,2704.96,2033.22,671.74
2142,2024-01-02,Офис,Самара,Мелкий опт,28.0,212.36,5946.08,4156.63,1789.45
2143,2024-01-12,Мебель,Санкт-Петербург,Корпоратив,5.0,44.83,224.15,125.3,98.85
2144,2024-01-11,Канцелярия,Самара,Корпоратив,17.0,963.43,16378.31,10892.88,5485.43
2145,2024-06-24,Дом и сад,Санкт-Петербург,Потребитель,5.0,462.24,2311.2,1376.98,934.22
2146,2023-12-31,Дом и сад,Санкт-Петербург,Потребитель,19.0,489.94,9308.86,6072.03,3236.83
2147,2023-07-09,Канцелярия,Москва,Потребитель,1.0,1591.15,1591.15,1231.37,359.78
2148,2024-05-12,Дом и сад,Новосибирск,Корпоратив,8.0,192.04,1536.32,859.33,676.99
2149,2024-01-09,Техника,Новосибирск,Потребитель,6.0,317.64,1905.84,1394.68,511.16
2150,2024-11-13,Дом и сад,Новосибирск,Потребитель,6.0,324.0,1944.0,1293.98,650.02
2151,2023-10-08,Дом и сад,Самара,Потребитель,27.0,123.63,3338.01,2274.51,1063.5
2152,2024-09-28,Техника,Санкт-Петербург,Потребитель,13.0,360.82,4690.66,3437.76,1252.9
2153,2024-10-04,Офис,Екатеринбург,Потребитель,8.0,344.69,2757.52,2138.76,618.76
2154,2023-09-16,Офис,Самара,Корпоратив,11.0,737.73,8115.03,6070.91,2044.12
2155,2024-07-05,Дом и сад,Екатеринбург,Потребитель,17.0,2266.96,38538.32,23107.49,15430.83
2156,2023-09-08,Дом и сад,Екатеринбург,Мелкий опт,25.0,147.85,3696.25,2715.44,980.81
2157,2024-07-04,Техника,Москва,Потребитель,23.0,349.49,8038.27,5893.82,2144.45
2158,2023-12-13,Дом и сад,Новосибирск,Потребитель,9.0,692.76,6234.84,3465.93,2768.91
2159,2023-06-10,Офис,Москва,Потребитель,9.0,325.76,2931.84,1818.61,1113.23
2160,2024-10-25,Дом и сад,Екатеринбург,Потребитель,24.0,1038.6,24926.4,15792.2,9134.2
2161,2023-09-14,Мебель,Санкт-Петербург,Корпоратив,23.0,1665.89,38315.47,29633.72,8681.75
2162,2023-01-22,Дом и сад,Екатеринбург,Потребитель,1.0,129.42,129.42,87.45,41.97
2163,2024-07-18,Канцелярия,Москва,Потребитель,6.0,428.37,2570.22,1658.86,911.36
2164,2023-06-02,Техника,Москва,Потребитель,20.0,292.47,5849.4,3287.36,2562.04
2165,2023-05-22,Офис,Москва,Потребитель,19.0,1263.11,23999.09,15698.0,8301.09
2166,2024-01-05,Канцелярия,Новосибирск,Потребитель,4.0,702.79,2811.16,1624.66,1186.5
2167,2024-06-06,Канцелярия,Самара,Потребитель,5.0,617.43,3087.15,2428.76,658.39
2168,2024-08-07,Дом и сад,Екатеринбург,Потребитель,14.0,686.76,9614.64,6914.21,2700.43
2169,2024-01-24,Дом и сад,Новосибирск,Потребитель,4.0,107.62,430.48,250.64,179.84
2170,2023-02-19,Дом и сад,Екатеринбург,Потребитель,16.0,251.67,4026.72,3074.74,951.98
2171,2023-06-03,Офис,Москва,Корпоратив,3.0,418.34,1255.02,853.38,401.64
2172,2024-05-30,Канцелярия,Самара,Корпоратив,12.0,41.48,497.76,388.66,109.1
2173,2024-08-04,Канцелярия,Екатеринбург,Корпоратив,3.0,2309.62,6928.86,4394.82,2534.04
2174,2023-06-23,Дом и сад,Новосибирск,Потребитель,18.0,1636.28,29453.04,18044.19,11408.85
2175,2023-04-20,Техника,Екатеринбург,Потребитель,6.0,483.13,2898.78,2149.8,748.98
2176,2023-08-30,Канцелярия,Москва,Потребитель,3.0,2016.79,6050.37,4527.96,1522.41
2177,2023-12-08,Дом и сад,Екатеринбург,Мелкий опт,9.0,95.84,862.56,507.46,355.1
2178,2023-02-14,Дом и сад,Москва,Потребитель,13.0,69.73,906.49,629.75,276.74
2179,2023-04-13,Канцелярия,Санкт-Петербург,Корпоратив,24.0,757.33,18175.92,12025.08,6150.84
2180,2023-01-28,Дом и сад,Санкт-Петербург,Корпоратив,3.0,405.1,1215.3,845.31,369.99
2181,2023-10-17,Канцелярия,Санкт-Петербург,Потребитель,3.0,153.47,460.41,326.5,133.91
2182,2024-10-18,Техника,Самара,Потребитель,11.0,1465.63,16121.93,11955.04,4166.89
2183,2023-07-16,Мебель,Екатеринбург,Корпоратив,2.0,121.77,243.54,154.43,89.11
2184,2023-01-04,Мебель,Москва,Потребитель,2.0,635.41,1270.82,996.55,274.27
2185,2023-01-10,Офис,Москва,Корпоратив,13.0,531.25,6906.25,5444.09,1462.16
2186,2024-11-04,Техника,Москва,Мелкий опт,10.0,758.49,7584.9,4514.43,3070.47
2187,2023-02-14,Дом и сад,Москва,Мелкий опт,15.0,166.72,2500.8,1484.91,1015.89
2188,2023-10-01,Мебель,Санкт-Петербург,Корпоратив,14.0,1290.48,18066.72,13464.44,4602.28
2189,2024-04-25,Канцелярия,Екатеринбург,Корпоратив,1.0,517.56,517.56,359.96,157.6
2190,2023-07-08,Дом и сад,Екатеринбург,Потребитель,10.0,284.92,2849.2,1697.23,1151.97
2191,2023-11-02,Техника,Санкт-Петербург,Потребитель,7.0,315.85,2210.95,1583.91,627.04
2192,2023-04-27,Офис,Санкт-Петербург,Корпоратив,5.0,244.54,1222.7,902.42,320.28
2193,2023-02-14,Дом и сад,Москва,Корпоратив,12.0,417.17,5006.04,3174.49,1831.55
2194,2023-10-16,Техника,Самара,Потребитель,15.0,464.25,6963.75,4390.84,2572.91
2195,2024-08-05,Техника,Екатеринбург,Мелкий опт,8.0,137.29,1098.32,678.6,419.72
2196,2023-10-17,Офис,Новосибирск,Мелкий опт,10.0,266.76,2667.6,1821.02,846.58
2197,2023-06-02,Канцелярия,Самара,Корпоратив,15.0,80.38,1205.7,667.85,537.85
2198,2024-03-28,Офис,Самара,Корпоратив,26.0,187.61,4877.86,3177.27,1700.59
2199,2024-09-06,Мебель,Москва,Корпоратив,21.0,205.06,4306.26,3210.89,1095.37
2200,2024-07-08,Дом и сад,Самара,Потребитель,3.0,151.76,455.28,355.02,100.26
2201,2024-12-11,Дом и сад,Новосибирск,Мелкий опт,25.0,207.2,5180.0,3127.14,2052.86
2202,2023-11-06,Офис,Самара,Корпоратив,2.0,222.93,445.86,317.37,128.49
2203,2024-06-14,Дом и сад,Новосибирск,Потребитель,17.0,502.76,8546.92,4975.11,3571.81
2204,2023-03-22,Офис,Санкт-Петербург,Потребитель,51.0,2228.66,113661.66,87165.96,26495.7
2205,2024-05-24,Дом и сад,Екатеринбург,Потребитель,4.0,484.96,1939.84,1184.46,755.38
2206,2023-11-25,Техника,Самара,Потребитель,21.0,956.7,20090.7,11157.9,8932.8
2207,2024-03-06,Офис,Екатеринбург,Корпоратив,3.0,1203.37,3610.11,2600.77,1009.34
2208,2024-01-22,Офис,Москва,Корпоратив,4.0,521.57,2086.28,1308.14,778.14
2209,2024-05-23,Офис,Екатеринбург,Потребитель,21.0,580.12,12182.52,8984.92,3197.6
2210,2024-11-30,Техника,Новосибирск,Потребитель,3.0,207.39,622.17,486.33,135.84
2211,2023-05-13,Офис,Екатеринбург,Мелкий опт,14.0,1803.98,25255.72,15187.54,10068.18
2212,2024-10-08,Мебель,Самара,Мелкий опт,4.0,724.13,2896.52,1955.63,940.89
2213,2024-07-21,Дом и сад,Новосибирск,Мелкий опт,1.0,160.87,160.87,92.26,68.61
2214,2023-12-30,Офис,Екатеринбург,Потребитель,31.0,502.89,15589.59,8958.07,6631.52
2215,2024-01-05,Мебель,Москва,Потребитель,3.0,172.03,516.09,389.02,127.07
2216,2024-11-07,Техника,Санкт-Петербург,Потребитель,6.0,4736.24,28417.44,22304.34,6113.1
2217,2023-07-17,Дом и сад,Москва,Потребитель,7.0,637.16,4460.12,3053.26,1406.86
2218,2023-08-08,Дом и сад,Екатеринбург,Потребитель,24.0,533.57,12805.68,9042.32,3763.36
2219,2024-10-23,Офис,Екатеринбург,Корпоратив,11.0,149.26,-1.0,1285.42,356.44
2220,2024-04-02,Дом и сад,Екатеринбург,Потребитель,8.0,397.89,3183.12,1770.38,1412.74
2221,2023-09-27,Канцелярия,Екатеринбург,Потребитель,7.0,682.37,4776.59,3396.47,1380.12
2222,2024-03-15,Техника,Новосибирск,Корпоратив,49.0,109.99,5389.51,3594.32,1795.19
2223,2024-10-08,Канцелярия,Самара,Мелкий опт,91.0,84.55,7694.05,4295.23,3398.82
2224,2023-03-29,Канцелярия,Екатеринбург,Мелкий опт,13.0,304.12,3953.56,2384.73,1568.83
2225,2024-01-10,Мебель,Екатеринбург,Корпоратив,9.0,283.98,2555.82,1788.24,767.58
2226,2024-08-05,Мебель,Москва,Потребитель,3.0,150.02,450.06,335.8,114.26
2227,2024-11-29,Дом и сад,Санкт-Петербург,Мелкий опт,8.0,1070.88,8567.04,6435.12,2131.92
2228,2024-04-23,Дом и сад,Москва,Мелкий опт,6.0,558.78,3352.68,2153.31,1199.37
2229,2024-11-13,Дом и сад,Новосибирск,Потребитель,33.0,1379.03,45507.99,34970.24,10537.75
2230,2023-04-08,Техника,Новосибирск,Корпоратив,11.0,441.25,4853.75,3630.27,1223.48
2231,2024-03-28,Канцелярия,Новосибирск,Потребитель,8.0,199.5,1596.0,1032.97,563.03
2232,2023-04-05,Дом и сад,Новосибирск,Потребитель,34.0,346.51,11781.34,8316.03,3465.31
2233,2023-07-09,Офис,Екатеринбург,Потребитель,1.0,846.65,846.65,649.99,196.66
2234,2023-03-29,Мебель,Екатеринбург,Корпоратив,15.0,92.97,1394.55,1094.11,300.44
2235,2024-12-23,Мебель,Москва,Потребитель,2.0,154.82,309.64,233.56,76.08
2236,2023-05-14,Канцелярия,Москва,Потребитель,11.0,457.29,5030.19,3144.95,1885.24
2237,2023-06-18,Дом и сад,Екатеринбург,Корпоратив,20.0,747.74,14954.8,8303.23,6651.57
2238,2023-10-09,Мебель,Екатеринбург,Мелкий опт,19.0,544.1,10337.9,8262.02,2075.88
2239,2023-09-19,Дом и сад,Санкт-Петербург,Потребитель,2.0,1936.02,3872.04,2546.35,1325.69
2240,2024-02-11,Офис,Москва,Потребитель,14.0,411.43,5760.02,3957.68,1802.34
2241,2024-11-02,Офис,Новосибирск,Потребитель,23.0,234.65,5396.95,4043.05,1353.9
2242,2023-10-02,Канцелярия,Екатеринбург,Потребитель,6.0,258.05,1548.3,1137.53,410.77
2243,2023-08-16,Дом и сад,Санкт-Петербург,Корпоратив,54.0,630.58,34051.32,20235.36,13815.96
2244,2023-03-05,Мебель,Москва,Потребитель,2.0,88.74,177.48,103.37,74.11
2245,2023-10-14,Канцелярия,Москва,Корпоратив,28.0,473.08,13246.24,9440.32,3805.92
2246,2024-02-15,Мебель,Москва,Потребитель,40.0,570.24,22809.6,16352.12,6457.48
2247,2024-07-08,Мебель,Санкт-Петербург,Мелкий опт,15.0,224.42,3366.3,2206.95,1159.35
2248,2023-12-31,Канцелярия,Москва,Корпоратив,1.0,966.22,966.22,695.62,270.6
2249,2023-07-26,Дом и сад,Санкт-Петербург,Корпоратив,6.0,246.14,1476.84,1008.11,468.73
2250,2023-07-26,Дом и сад,Москва,Корпоратив,10.0,167.82,1678.2,1154.28,523.92
2251,2023-10-29,Канцелярия,Екатеринбург,Потребитель,4.0,385.14,1540.56,1057.75,482.81
2252,2024-04-19,Дом и сад,Санкт-Петербург,Мелкий опт,1.0,203.85,203.85,127.52,76.33
2253,2023-03-28,Техника,Екатеринбург,Потребитель,4.0,155.08,620.32,398.65,221.67
2254,2023-07-07,Мебель,Екатеринбург,Потребитель,5.0,1279.13,6395.65,3963.13,2432.52
2255,2024-02-10,Офис,Москва,Корпоратив,8.0,1231.79,9854.32,5786.47,4067.85
2256,2023-11-23,Канцелярия,Москва,Потребитель,3.0,1079.15,3237.45,1929.1,1308.35
2257,2023-10-28,Дом и сад,Новосибирск,Мелкий опт,17.0,314.79,5351.43,4180.78,1170.65
2258,2023-03-05,Техника,Москва,Потребитель,54.0,720.78,38922.12,24612.78,14309.34
2259,2024-01-02,Офис,Новосибирск,Потребитель,31.0,980.81,30405.11,22430.33,7974.78
2260,2023-10-10,Мебель,Новосибирск,Корпоратив,35.0,1998.88,69960.8,39279.44,30681.36
2261,2023-06-02,Канцелярия,Екатеринбург,Потребитель,7.0,164.6,1152.2,695.31,456.89
2262,2024-07-06,Мебель,Екатеринбург,Корпоратив,24.0,284.97,6839.28,3946.53,2892.75
2263,2023-01-18,Техника,Санкт-Петербург,Потребитель,11.0,185.81,2043.91,1300.96,742.95
2264,2023-11-30,Дом и сад,Самара,Потребитель,10.0,192.2,1922.0,1269.78,652.22
2265,2023-12-16,Техника,Самара,Потребитель,17.0,465.12,7907.04,6249.07,1657.97
2266,2023-04-17,Офис,Самара,Потребитель,3.0,199.91,599.73,424.66,175.07
2267,2024-05-03,Техника,Москва,Корпоратив,37.0,388.06,14358.22,8176.79,6181.43
2268,2023-07-10,Техника,Екатеринбург,Корпоратив,10.0,68.36,683.6,538.21,145.39
2269,2024-08-21,Дом и сад,Санкт-Петербург,Потребитель,8.0,581.46,4651.68,3378.07,1273.61
2270,2023-05-13,Канцелярия,Екатеринбург,Корпоратив,4.0,297.97,1191.88,926.52,265.36
2271,2024-08-14,Техника,Новосибирск,Корпоратив,14.0,543.75,7612.5,6011.26,1601.24
2272,2024-10-30,Офис,Москва,Потребитель,8.0,212.7,1701.6,1349.49,352.11
2273,2024-07-14,Дом и сад,Екатеринбург,Мелкий опт,6.0,314.48,1886.88,1409.88,477.0
2274,2024-08-27,Дом и сад,Самара,Корпоратив,37.0,384.28,14218.36,9806.33,4412.03
2275,2023-07-17,Канцелярия,Санкт-Петербург,Потребитель,3.0,151.77,455.31,283.28,172.03
2276,2024-10-18,Мебель,Новосибирск,Потребитель,76.0,254.21,19319.96,14842.92,4477.04
2277,2023-10-16,Офис,Санкт-Петербург,Корпоратив,13.0,304.0,3952.0,2965.24,986.76
2278,2023-12-15,Офис,Екатеринбург,Потребитель,13.0,230.55,2997.15,1842.76,1154.39
2279,2023-02-11,Мебель,Москва,Потребитель,4.0,605.52,2422.08,1793.42,628.66
2280,2024-07-07,Канцелярия,Москва,Потребитель,39.0,261.63,10203.57,6123.09,4080.48
2281,2023-10-03,Техника,Новосибирск,Потребитель,4.0,265.04,1060.16,717.71,342.45
2282,2023-07-12,Канцелярия,Екатеринбург,Мелкий опт,5.0,353.7,1768.5,1367.98,400.52
2283,2023-11-24,Техника,Новосибирск,Мелкий опт,2.0,853.23,1706.46,1177.23,529.23
2284,2023-09-11,Офис,Самара,Корпоратив,1.0,210.12,210.12,143.61,66.51
2285,2023-08-05,Техника,Новосибирск,Мелкий опт,2.0,284.44,568.88,430.64,138.24
2286,2024-03-16,Дом и сад,Новосибирск,Потребитель,50.0,115.8,5790.0,3792.48,1997.52
2287,2023-01-05,Офис,Москва,Потребитель,26.0,87.8,2282.8,1660.54,622.26
2288,2024-11-29,Офис,Новосибирск,Мелкий опт,13.0,261.67,3401.71,2135.1,1266.61
2289,2023-02-20,Канцелярия,Самара,Корпоратив,2.0,138.04,276.08,172.96,103.12
2290,2023-12-16,Канцелярия,Екатеринбург,Потребитель,0.0,239.43,0.0,0.0,0.0
2291,2024-11-16,Техника,Москва,Потребитель,7.0,136.18,953.26,586.68,366.58
2292,2024-01-28,Офис,Новосибирск,Корпоратив,8.0,328.54,2628.32,1495.03,1133.29
2293,2024-05-03,Офис,Москва,Потребитель,2.0,164.42,328.84,230.99,97.85
2294,2023-12-10,Офис,Екатеринбург,Мелкий опт,31.0,45.62,1414.22,1123.81,290.41
2295,2024-01-03,Техника,Екатеринбург,Мелкий опт,15.0,479.73,7195.95,5636.74,1559.21
2296,2023-01-25,Дом и сад,Москва,Потребитель,,171.89,859.45,514.25,345.2
2297,2023-11-07,Дом и сад,Новосибирск,Потребитель,5.0,59.76,298.8,222.76,76.04
2298,2023-07-15,Техника,Москва,Потребитель,3.0,713.66,2140.98,1518.53,622.45
2299,2023-11-08,Техника,Екатеринбург,Потребитель,4.0,96.09,384.36,286.4,97.96
2300,2024-11-08,Офис,Самара,Потребитель,11.0,663.92,7303.12,5173.61,2129.51
2301,2024-01-09,Канцелярия,Екатеринбург,Потребитель,4.0,642.7,2570.8,1443.66,1127.14
2302,2024-08-30,Канцелярия,Екатеринбург,Корпоратив,11.0,387.4,4261.4,3148.01,1113.39
2303,2024-12-25,Дом и сад,Новосибирск,Потребитель,18.0,220.91,3976.38,2550.37,1426.01
2304,2023-08-13,Дом и сад,Москва,Потребитель,,144.01,576.04,397.29,178.75
2305,2024-11-11,Мебель,Санкт-Петербург,Потребитель,16.0,172.7,2763.2,1531.69,1231.51
2306,2023-03-15,Мебель,Москва,Потребитель,6.0,806.78,4840.68,3734.66,1106.02
2307,2023-01-29,Техника,Санкт-Петербург,Потребитель,23.0,470.68,10825.64,6817.62,4008.02
2308,2024-09-01,Дом и сад,Новосибирск,Потребитель,2.0,510.95,1021.9,665.53,356.37
2309,2024-12-15,Дом и сад,Санкт-Петербург,Потребитель,10.0,269.92,2699.2,1551.87,1147.33
2310,2024-05-25,Дом и сад,Санкт-Петербург,Потребитель,10.0,619.23,6192.3,3493.79,2698.51
2311,2024-05-27,Канцелярия,Самара,Потребитель,4.0,869.88,3479.52,2460.48,1019.04
2312,2023-03-12,Дом и сад,Москва,Потребитель,11.0,513.85,5652.35,3432.07,2220.28
2313,2024-04-30,Дом и сад,Екатеринбург,Потребитель,6.0,671.78,4030.68,2822.58,1208.1
2314,2024-02-13,Мебель,Самара,Потребитель,8.0,75.69,605.52,462.97,142.55
2315,2023-01-26,Канцелярия,Новосибирск,Потребитель,4.0,465.75,1863.0,1385.93,477.07
2316,2024-08-15,Дом и сад,Самара,Потребитель,2.0,160.97,321.94,200.91,121.03
2317,2023-06-27,Техника,Екатеринбург,Потребитель,10.0,341.34,3413.4,2066.27,1347.13
2318,2024-05-28,Канцелярия,Москва,Корпоратив,19.0,223.71,4250.49,3393.24,857.25
2319,2023-01-28,Офис,Екатеринбург,Потребитель,12.0,664.43,7973.16,6013.07,1960.09
2320,2024-10-29,Дом и сад,Санкт-Петербург,Корпоратив,24.0,460.57,11053.68,6933.17,4120.51
2321,2023-09-23,Офис,Санкт-Петербург,Потребитель,16.0,1231.41,19702.56,13337.49,6365.07
2322,2024-10-12,Офис,Москва,Потребитель,4.0,310.58,1242.32,992.12,250.2
2323,2023-04-09,Офис,Москва,Потребитель,24.0,807.14,19371.36,10671.72,8699.64
2324,2024-04-15,Канцелярия,Москва,Мелкий опт,11.0,2025.96,22285.56,13158.59,9126.97
2325,2024-05-18,Дом и сад,Санкт-Петербург,Потребитель,34.0,323.26,10990.84,8701.34,2289.5
2326,2024-07-31,Мебель,Санкт-Петербург,Мелкий опт,31.0,334.51,10369.81,8037.08,2332.73
2327,2023-09-01,Офис,Москва,Потребитель,15.0,198.52,2977.8,2350.22,627.58
2328,2024-07-02,Техника,Самара,Корпоратив,17.0,402.48,6842.16,4918.62,1923.54
2329,2024-07-28,Офис,Москва,Потребитель,2.0,425.78,851.56,660.92,190.64
2330,2023-11-17,Техника,Новосибирск,Корпоратив,4.0,363.33,1453.32,1107.9,345.42
2331,2023-10-21,Мебель,Санкт-Петербург,Корпоратив,38.0,1070.41,40675.58,32369.21,8306.37
2332,2023-01-31,Дом и сад,Москва,Потребитель,24.0,307.14,7371.36,4500.12,2871.24
2333,2023-04-29,Офис,Новосибирск,Корпоратив,5.0,1294.3,6471.5,5049.97,1421.53
2334,2023-10-21,Офис,Москва,Потребитель,7.0,496.53,3475.71,2535.2,940.51
2335,2023-09-21,Мебель,Новосибирск,Потребитель,20.0,159.12,3182.4,2497.21,685.19
2336,2024-07-08,Дом и сад,Санкт-Петербург,Потребитель,9.0,97.23,875.07,492.29,382.78
2337,2024-11-05,Техника,Самара,Корпоратив,14.0,764.25,10699.5,7272.1,3427.4
2338,2023-02-15,Офис,Самара,Потребитель,27.0,276.59,7467.93,5284.14,2183.79
2339,2023-07-31,Офис,Новосибирск,Потребитель,2.0,166.67,333.34,242.59,90.75
2340,2023-08-06,Канцелярия,Санкт-Петербург,Потребитель,4.0,425.06,1700.24,1325.65,374.59
2341,2023-05-15,Дом и сад,Самара,Корпоратив,8.0,1478.92,11831.36,8324.69,3506.67
2342,2024-10-11,Дом и сад,Самара,Потребитель,4.0,203.51,814.04,592.45,221.59
2343,2023-05-03,Дом и сад,Москва,Корпоратив,22.0,157.4,3462.8,2697.83,764.97
2344,2024-09-27,Мебель,Санкт-Петербург,Мелкий опт,6.0,219.07,1314.42,1019.52,294.9
2345,2023-09-16,Мебель,Самара,Мелкий опт,55.0,1012.09,55664.95,40914.97,14749.98
2346,2023-12-28,Дом и сад,Самара,Корпоратив,3.0,388.79,1166.37,774.24,392.13
2347,2024-11-02,Дом и сад,Москва,Потребитель,3.0,481.77,1445.31,1024.76,420.55
2348,2024-08-11,Офис,Новосибирск,Мелкий опт,2.0,803.53,1607.06,968.6,638.46
2349,2023-06-10,Канцелярия,Новосибирск,Потребитель,5.0,281.31,1406.55,987.83,418.72
2350,2023-09-01,Дом и сад,Москва,Потребитель,5.0,183.63,918.15,552.97,365.18
2351,2024-03-09,Дом и сад,Новосибирск,Корпоратив,8.0,1488.73,11909.84,7141.6,4768.24
2352,2023-05-29,Техника,Екатеринбург,Корпоратив,2.0,100.65,201.3,146.55,54.75
2353,2024-05-01,Канцелярия,Екатеринбург,Корпоратив,2.0,544.08,1088.16,614.5,473.66
2354,2024-04-17,Мебель,Екатеринбург,Корпоратив,11.0,456.47,5021.17,3607.56,1413.61
2355,2024-05-28,Дом и сад,Санкт-Петербург,Корпоратив,15.0,247.29,3709.35,2763.08,946.27
2356,2024-12-23,Канцелярия,Москва,Потребитель,6.0,327.46,1964.76,1220.2,744.56
2357,2023-06-18,Техника,Санкт-Петербург,Потребитель,1.0,74.27,74.27,47.44,26.83
2358,2023-11-20,Дом и сад,Самара,Корпоратив,22.0,250.53,5511.66,3034.35,2477.31
2359,2024-10-23,Дом и сад,Екатеринбург,Потребитель,3.0,975.12,2925.36,2197.01,728.35
2360,2023-06-02,Дом и сад,Екатеринбург,Потребитель,20.0,166.55,3331.0,2644.96,686.04
2361,2023-09-26,Офис,Самара,Корпоратив,29.0,62.24,1804.96,1116.58,688.38
2362,2023-04-05,Офис,Санкт-Петербург,Потребитель,10.0,909.14,9091.4,5026.7,4064.7
2363,2024-10-06,Офис,Екатеринбург,Потребитель,3.0,3221.63,9664.89,5364.23,4300.66
2364,2023-11-23,Офис,Санкт-Петербург,Потребитель,4.0,171.12,684.48,510.4,174.08
2365,2023-04-28,Канцелярия,Москва,Корпоратив,8.0,599.36,4794.88,3534.78,1260.1
2366,2024-01-06,Канцелярия,Новосибирск,Мелкий опт,,1671.4,8357.0,5486.69,2870.31
2367,2023-04-25,Техника,Москва,Корпоратив,4.0,551.51,2206.04,1747.64,458.4
2368,2024-01-17,Мебель,Самара,Корпоратив,5.0,417.02,2085.1,1460.19,624.91
2369,2023-06-23,Дом и сад,Самара,Потребитель,13.0,222.51,2892.63,1936.15,956.48
2370,2023-03-17,Дом и сад,Екатеринбург,Корпоратив,14.0,278.03,3892.42,2997.75,894.67
2371,2024-02-03,Мебель,Самара,Потребитель,3.0,643.99,1931.97,1243.66,688.31
2372,2024-11-21,Офис,Новосибирск,Потребитель,5.0,526.65,2633.25,1700.91,932.34
2373,2023-07-15,Мебель,Екатеринбург,Корпоратив,11.0,115.48,1270.28,770.21,500.07
2374,2024-04-30,Канцелярия,Новосибирск,Потребитель,2.0,448.31,896.62,691.34,205.28
2375,2024-03-26,Техника,Екатеринбург,Потребитель,1.0,2795.36,2795.36,1602.81,1192.55
2376,2023-11-16,Канцелярия,Санкт-Петербург,Потребитель,5.0,145.8,729.0,436.52,292.48
2377,2024-06-15,Мебель,Санкт-Петербург,Мелкий опт,13.0,308.77,4014.01,3106.16,907.85
2378,2023-08-21,Офис,Санкт-Петербург,Потребитель,12.0,1065.51,12786.12,9167.4,3618.72
2379,2023-01-13,Мебель,Екатеринбург,Корпоратив,2.0,312.78,625.56,389.82,235.74
2380,2023-07-09,Техника,Екатеринбург,Корпоратив,17.0,506.5,8610.5,5083.65,3526.85
2381,2024-11-30,Офис,Санкт-Петербург,Корпоратив,61.0,299.0,18239.0,11158.63,7080.37
2382,2024-12-28,Мебель,Новосибирск,Потребитель,7.0,190.24,1331.68,819.05,512.63
2383,2024-09-17,Техника,Санкт-Петербург,Потребитель,34.0,277.48,9434.32,6844.51,2589.81
2384,2024-02-10,Офис,Москва,Мелкий опт,6.0,1703.0,10218.0,7529.05,2688.95
2385,2024-09-19,Дом и сад,Екатеринбург,Мелкий опт,11.0,1534.6,16880.6,9527.8,7352.8
2386,2023-07-08,Офис,Екатеринбург,Корпоратив,18.0,433.37,7800.66,4387.25,3413.41
2387,2024-06-07,Техника,Екатеринбург,Корпоратив,6.0,1017.13,6102.78,4026.08,2076.7
2388,2024-07-12,Офис,Самара,Корпоратив,13.0,640.82,8330.66,5980.62,2350.04
2389,2024-05-24,Техника,Санкт-Петербург,Потребитель,8.0,831.73,6653.84,4362.02,2291.82
2390,2023-10-09,Офис,Новосибирск,Корпоратив,21.0,1641.8,34477.8,23018.45,11459.35
2391,2023-11-03,Техника,Санкт-Петербург,Корпоратив,13.0,1061.04,13793.52,10629.23,3164.29
2392,2023-05-24,Офис,Самара,Потребитель,11.0,94.54,1039.94,606.2,433.74
2393,2023-05-20,Техника,Самара,Корпоратив,19.0,96.06,1825.14,1233.19,591.95
2394,2023-11-27,Мебель,Москва,Мелкий опт,19.0,775.84,14740.96,8347.28,6393.68
2395,2023-01-10,Техника,Санкт-Петербург,Потребитель,9.0,806.11,7254.99,4841.39,2413.6
2396,2024-06-24,Дом и сад,Новосибирск,Потребитель,10.0,217.71,-1.0,1353.55,823.55
2397,2023-04-09,Офис,Самара,Мелкий опт,1.0,142.67,142.67,80.65,62.02
2398,2024-04-29,Офис,Самара,Корпоратив,1.0,813.29,813.29,464.74,348.55
2399,2023-10-03,Мебель,Санкт-Петербург,Корпоратив,8.0,514.32,4114.56,2349.35,1765.21
2400,2024-12-16,Канцелярия,Москва,Корпоратив,15.0,142.73,2140.95,1223.66,917.29
2401,2023-04-29,Офис,Москва,Корпоратив,26.0,142.68,3709.68,2571.74,1137.94
2402,2024-02-14,Дом и сад,Самара,Потребитель,22.0,350.02,7700.44,6011.04,1689.4
2403,2024-07-10,Офис,Санкт-Петербург,Корпоратив,10.0,286.33,2863.3,2111.54,751.76
2404,2023-08-28,Офис,Новосибирск,Мелкий опт,12.0,446.31,5355.72,3160.9,2194.82
2405,2024-07-29,Дом и сад,Москва,Корпоратив,9.0,233.94,2105.46,1277.12,828.34
2406,2024-01-15,Канцелярия,Самара,Потребитель,4.0,1802.04,7208.16,5326.93,1881.23
2407,2023-02-22,Техника,Екатеринбург,Потребитель,,115.81,694.86,417.55,277.31
2408,2024-04-10,Офис,Москва,Потребитель,4.0,898.4,3593.6,2024.13,1569.47
2409,2024-09-08,Канцелярия,Новосибирск,Потребитель,24.0,564.15,13539.6,9961.79,3577.81
2410,2023-09-11,Офис,Самара,Потребитель,11.0,260.09,2860.99,1926.49,934.5
2411,2024-03-26,Канцелярия,Екатеринбург,Корпоратив,21.0,396.64,8329.44,5523.65,2805.79
2412,2024-02-10,Мебель,Новосибирск,Потребитель,11.0,124.09,1364.99,948.98,416.01
2413,2023-06-26,Техника,Самара,Потребитель,43.0,275.14,11831.02,8113.03,3717.99
2414,2023-10-27,Офис,Москва,Потребитель,19.0,1007.11,19135.09,12032.01,7103.08
2415,2023-04-19,Дом и сад,Екатеринбург,Потребитель,12.0,2588.0,31056.0,20957.67,10098.33
2416,2023-11-12,Техника,Москва,Корпоратив,6.0,352.0,2112.0,1264.91,847.09
2417,2024-11-26,Дом и сад,Новосибирск,Потребитель,13.0,123.5,1605.5,1000.22,605.28
2418,2023-03-24,Канцелярия,Екатеринбург,Потребитель,5.0,672.32,3361.6,2272.1,1089.5
2419,2023-08-31,Дом и сад,Новосибирск,Потребитель,19.0,500.97,9518.43,5292.86,4225.57
2420,2023-10-26,Канцелярия,Новосибирск,Потребитель,3.0,547.36,1642.08,1000.94,641.14
2421,2024-10-21,Канцелярия,Новосибирск,Потребитель,8.0,244.07,1952.56,1543.47,409.09
2422,2023-10-23,Дом и сад,Москва,Потребитель,5.0,116.19,580.95,394.5,186.45
2423,2024-05-11,Канцелярия,Новосибирск,Корпоратив,1.0,576.42,576.42,460.75,115.67
2424,2024-09-06,Канцелярия,Новосибирск,Потребитель,6.0,1603.7,9622.2,5698.24,3923.96
2425,2024-07-03,Канцелярия,Санкт-Петербург,Потребитель,11.0,166.67,1833.37,1348.83,484.54
2426,2024-07-21,Дом и сад,Санкт-Петербург,Корпоратив,8.0,188.94,1511.52,1000.74,510.78
2427,2023-04-19,Дом и сад,Екатеринбург,Мелкий опт,10.0,840.72,8407.2,4732.28,3674.92
2428,2023-06-15,Офис,Москва,Корпоратив,21.0,470.12,9872.52,7432.35,2440.17
2429,2024-11-13,Дом и сад,Самара,Корпоратив,13.0,295.8,3845.4,2794.74,1050.66
2430,2023-09-22,Офис,Москва,Корпоратив,4.0,245.88,983.52,718.45,265.07
2431,2023-12-10,Офис,Москва,Мелкий опт,3.0,242.65,727.95,530.29,197.66
2432,2024-03-04,Канцелярия,Санкт-Петербург,Корпоратив,6.0,1344.37,8066.22,5180.89,2885.33
2433,2023-05-13,Мебель,Москва,Мелкий опт,11.0,879.57,9675.27,7475.57,2199.7
2434,2023-07-04,Офис,Санкт-Петербург,Потребитель,9.0,166.88,1501.92,979.52,522.4
2435,2023-09-29,Дом и сад,Москва,Потребитель,2.0,327.38,654.76,360.95,293.81
2436,2024-04-07,Дом и сад,Новосибирск,Потребитель,0.0,374.11,0.0,0.0,0.0
2437,2024-02-12,Мебель,Самара,Потребитель,29.0,1279.96,37118.84,22466.13,14652.71
2438,2024-05-20,Офис,Самара,Потребитель,52.0,370.93,19288.36,13519.81,5768.55
2439,2023-01-09,Мебель,Москва,Потребитель,11.0,123.05,1353.55,815.31,538.24
2440,2024-11-07,Канцелярия,Новосибирск,Потребитель,12.0,691.26,8295.12,5029.52,3265.6
2441,2023-03-01,Дом и сад,Санкт-Петербург,Потребитель,12.0,378.71,4544.52,2618.76,1925.76
2442,2024-11-02,Канцелярия,Новосибирск,Потребитель,3.0,841.48,2524.44,1873.48,650.96
2443,2024-09-01,Мебель,Екатеринбург,Корпоратив,17.0,139.28,2367.76,1333.85,1033.91
2444,2023-03-24,Техника,Москва,Потребитель,17.0,79.24,1347.08,902.95,444.13
2445,2023-06-01,Дом и сад,Екатеринбург,Потребитель,12.0,711.41,8536.92,5441.99,3094.93
2446,2023-12-09,Мебель,Новосибирск,Корпоратив,2.0,469.47,938.94,691.57,247.37
2447,2024-01-30,Техника,Самара,Мелкий опт,9.0,687.61,6188.49,3722.96,2465.53
2448,2024-11-28,Дом и сад,Екатеринбург,Потребитель,5.0,236.25,1181.25,719.72,461.53
2449,2023-04-21,Техника,Екатеринбург,Мелкий опт,4.0,731.69,2926.76,1917.81,1008.95
2450,2024-12-20,Канцелярия,Москва,Потребитель,3.0,337.71,1013.13,643.32,369.81
2451,2024-07-06,Канцелярия,Новосибирск,Потребитель,,286.38,1145.52,686.76,458.76
2452,2024-06-04,Дом и сад,Екатеринбург,Корпоратив,20.0,221.5,4430.0,3531.75,898.25
2453,2024-09-30,Офис,Екатеринбург,Потребитель,2.0,394.5,789.0,497.84,291.16
2454,2023-04-22,Техника,Санкт-Петербург,Корпоратив,3.0,1514.9,4544.7,2655.09,1889.61
2455,2024-10-16,Офис,Самара,Корпоратив,1.0,809.61,809.61,558.37,251.24
2456,2023-05-15,Дом и сад,Екатеринбург,Потребитель,7.0,568.83,3981.81,2644.44,1337.37
2457,2023-11-07,Канцелярия,Новосибирск,Потребитель,4.0,584.96,2339.84,1744.16,595.68
2458,2024-08-30,Дом и сад,Санкт-Петербург,Корпоратив,28.0,139.41,3903.48,2435.38,1468.1
2459,2024-11-09,Мебель,Новосибирск,Потребитель,9.0,1458.19,13123.71,7526.06,5597.65
2460,2023-05-03,Дом и сад,Екатеринбург,Потребитель,12.0,188.45,2261.4,1509.9,751.5
2461,2023-05-10,Мебель,Москва,Мелкий опт,3.0,291.77,875.31,692.54,182.77
2462,2024-08-03,Техника,Москва,Мелкий опт,1.0,88.24,88.24,62.68,25.56
2463,2024-05-25,Техника,Санкт-Петербург,Корпоратив,4.0,1860.85,7443.4,5739.28,1704.12
2464,2023-02-10,Дом и сад,Новосибирск,Потребитель,13.0,288.61,3751.93,2769.59,982.34
2465,2023-05-14,Офис,Самара,Потребитель,20.0,430.19,8603.8,5542.17,3061.63
2466,2024-09-07,Мебель,Санкт-Петербург,Мелкий опт,12.0,193.83,2325.96,1796.31,529.65
2467,2023-10-17,Офис,Екатеринбург,Корпоратив,15.0,460.3,6904.5,4296.05,2608.45
2468,2024-06-22,Техника,Новосибирск,Корпоратив,19.0,456.74,8678.06,6360.7,2317.36
2469,2024-07-05,Офис,Новосибирск,Потребитель,8.0,609.92,4879.36,2938.68,1940.68
2470,2024-04-27,Офис,Новосибирск,Потребитель,12.0,580.96,6971.52,3846.37,3125.15
2471,2024-06-06,Мебель,Самара,Потребитель,,982.61,21617.42,13375.73,8241.69
2472,2023-09-16,Канцелярия,Новосибирск,Потребитель,21.0,521.9,10959.9,7459.81,3500.09
2473,2023-08-16,Офис,Санкт-Петербург,Мелкий опт,5.0,467.34,2336.7,1625.79,710.91
2474,2023-05-21,Мебель,Москва,Потребитель,66.0,175.93,11611.38,9253.84,2357.54
2475,2023-12-06,Дом и сад,Самара,Корпоратив,12.0,285.61,3427.32,2504.12,923.2
2476,2024-12-04,Техника,Санкт-Петербург,Потребитель,11.0,373.86,4112.46,2907.69,1204.77
2477,2023-06-21,Офис,Самара,Корпоратив,8.0,649.81,5198.48,3118.15,2080.33
2478,2023-01-16,Канцелярия,Санкт-Петербург,Корпоратив,33.0,982.02,32406.66,21911.32,10495.34
2479,2023-01-31,Техника,Москва,Корпоратив,2.0,491.43,982.86,576.58,406.28
2480,2023-06-12,Офис,Москва,Корпоратив,6.0,60.06,360.36,213.35,147.01
2481,2023-01-06,Дом и сад,Екатеринбург,Мелкий опт,3.0,186.17,558.51,318.35,240.16
2482,2023-02-21,Офис,Москва,Потребитель,13.0,415.31,5399.03,3429.99,1969.04
2483,2023-09-24,Мебель,Новосибирск,Потребитель,14.0,580.08,8121.12,5216.6,2904.52
2484,2023-05-11,Дом и сад,Екатеринбург,Потребитель,20.0,153.65,3073.0,2105.18,967.82
2485,2023-11-24,Мебель,Новосибирск,Потребитель,,324.15,9400.35,6330.22,3070.13
2486,2024-02-18,Дом и сад,Екатеринбург,Корпоратив,10.0,367.98,3679.8,2128.58,1551.22
2487,2023-12-18,Канцелярия,Москва,Потребитель,15.0,811.15,12167.25,7157.17,5010.08
2488,2024-07-01,Канцелярия,Санкт-Петербург,Потребитель,11.0,421.04,4631.44,2689.31,1942.13
2489,2024-12-08,Канцелярия,Самара,Мелкий опт,11.0,210.35,2313.85,1361.24,952.61
2490,2023-02-25,Канцелярия,Екатеринбург,Корпоратив,43.0,228.99,9846.57,7849.89,1996.68
2491,2024-06-26,Дом и сад,Санкт-Петербург,Потребитель,13.0,186.77,2428.01,1456.18,971.83
2492,2023-04-21,Офис,Санкт-Петербург,Потребитель,22.0,333.47,7336.34,4249.63,3086.71
2493,2023-01-13,Канцелярия,Самара,Корпоратив,8.0,406.64,3253.12,1801.1,1452.02
2494,2024-04-08,Мебель,Москва,Потребитель,15.0,45.73,685.95,407.95,278.0
2495,2023-04-02,Офис,Екатеринбург,Потребитель,11.0,52.65,579.15,403.45,175.7
2496,2023-12-04,Офис,Санкт-Петербург,Корпоратив,7.0,922.9,6460.3,4172.99,2287.31
2497,2023-10-10,Дом и сад,Москва,Потребитель,15.0,349.02,5235.3,3973.84,1261.46
2498,2024-01-22,Офис,Самара,Потребитель,8.0,644.84,5158.72,3729.83,1428.89
2499,2023-07-26,Канцелярия,Санкт-Петербург,Потребитель,3.0,616.0,1848.0,1424.7,423.3
2500,2023-03-13,Дом и сад,Санкт-Петербург,Корпоратив,36.0,79.98,2879.28,2104.36,774.92
2501,2023-02-07,Офис,Самара,Мелкий опт,8.0,586.7,4693.6,3229.59,1464.01
2502,2023-06-13,Техника,Самара,Потребитель,1.0,173.74,173.74,112.86,60.88
2503,2023-09-23,Канцелярия,Самара,Корпоратив,6.0,524.89,3149.34,2283.86,865.48
2504,2023-04-24,Канцелярия,Екатеринбург,Потребитель,1.0,960.24,960.24,755.89,204.35
2505,2023-05-05,Офис,Санкт-Петербург,Потребитель,2.0,85.55,171.1,102.98,68.12
2506,2024-03-16,Офис,Екатеринбург,Потребитель,75.0,225.65,16923.75,12510.31,4413.44
2507,2024-06-03,Дом и сад,Новосибирск,Корпоратив,11.0,385.22,4237.42,3128.58,1108.84
2508,2024-12-12,Канцелярия,Самара,Мелкий опт,20.0,181.76,3635.2,2131.45,1503.75
2509,2023-10-08,Техника,Екатеринбург,Корпоратив,2.0,483.32,966.64,562.85,403.79
2510,2023-02-21,Канцелярия,Самара,Мелкий опт,28.0,287.11,8039.08,5698.66,2340.42
2511,2023-09-18,Техника,Самара,Потребитель,28.0,860.0,24080.0,14607.08,9472.92
2512,2024-11-04,Офис,Москва,Корпоратив,7.0,1134.3,7940.1,5732.06,2208.04
2513,2024-10-08,Канцелярия,Самара,Потребитель,17.0,348.47,5923.99,3458.22,2465.77
2514,2024-12-27,Офис,Екатеринбург,Потребитель,2.0,703.58,1407.16,893.26,513.9
2515,2024-05-05,Техника,Санкт-Петербург,Корпоратив,9.0,217.83,1960.47,1299.26,661.21
2516,2024-05-04,Дом и сад,Москва,Потребитель,,1222.73,9781.84,6074.04,3707.8
2517,2023-11-08,Дом и сад,Екатеринбург,Потребитель,20.0,712.85,14257.0,10939.51,3317.49
2518,2024-12-05,Канцелярия,Самара,Потребитель,17.0,240.49,4088.33,2567.45,1520.88
2519,2024-08-15,Канцелярия,Новосибирск,Корпоратив,5.0,186.48,932.4,573.72,358.68
2520,2024-04-21,Дом и сад,Санкт-Петербург,Корпоратив,34.0,535.39,18203.26,10605.56,7597.7
2521,2023-09-20,Мебель,Санкт-Петербург,Мелкий опт,7.0,620.21,4341.47,2602.35,1739.12
2522,2023-10-23,Канцелярия,Москва,Мелкий опт,16.0,197.77,3164.32,2182.09,982.23
2523,2024-02-25,Техника,Самара,Потребитель,6.0,193.19,1159.14,923.52,235.62
2524,2024-08-22,Дом и сад,Самара,Потребитель,2.0,197.76,395.52,259.68,135.84
2525,2024-05-07,Дом и сад,Самара,Потребитель,8.0,189.94,1519.52,1106.06,413.46
2526,2024-08-26,Техника,Москва,Потребитель,3.0,539.58,1618.74,986.22,632.52
2527,2023-05-24,Офис,Самара,Потребитель,13.0,267.38,3475.94,2257.83,1218.11
2528,2024-08-26,Канцелярия,Екатеринбург,Корпоратив,14.0,708.29,9916.06,6739.34,3176.72
2529,2024-07-21,Канцелярия,Самара,Потребитель,13.0,1680.87,21851.31,13355.4,8495.91
2530,2024-01-08,Офис,Новосибирск,Потребитель,5.0,1033.46,5167.3,3356.91,1810.39
2531,2023-01-04,Офис,Екатеринбург,Потребитель,2.0,341.29,682.58,501.96,180.62
2532,2023-01-10,Мебель,Санкт-Петербург,Потребитель,19.0,450.06,8551.14,5035.81,3515.33
2533,2024-02-10,Техника,Екатеринбург,Корпоратив,12.0,373.38,4480.56,2599.32,1881.24
2534,2024-12-30,Техника,Екатеринбург,Потребитель,1.0,281.0,281.0,208.18,72.82
2535,2023-01-13,Офис,Самара,Корпоратив,20.0,555.66,11113.2,7932.39,3180.81
2536,2024-08-19,Техника,Москва,Потребитель,13.0,198.17,2576.21,1448.44,1127.77
2537,2023-01-18,Мебель,Екатеринбург,Корпоратив,15.0,580.92,8713.8,5028.04,3685.76
2538,2024-04-02,Канцелярия,Самара,Корпоратив,1.0,434.04,434.04,320.92,113.12
2539,2023-12-18,Дом и сад,Екатеринбург,Мелкий опт,85.0,781.01,66385.85,44874.23,21511.62
2540,2024-10-27,Мебель,Москва,Потребитель,37.0,342.37,12667.69,8629.3,4038.39
2541,2023-08-02,Техника,Санкт-Петербург,Корпоратив,4.0,244.75,979.0,781.33,197.67
2542,2024-06-26,Дом и сад,Екатеринбург,Корпоратив,11.0,495.64,5452.04,4257.45,1194.59
2543,2024-06-21,Дом и сад,Новосибирск,Корпоратив,8.0,523.3,4186.4,2676.9,1509.5
2544,2023-04-10,Дом и сад,Санкт-Петербург,Потребитель,20.0,270.9,5418.0,3023.95,2394.05
2545,2024-07-20,Дом и сад,Самара,Потребитель,2.0,203.32,406.64,241.72,164.92
2546,2024-03-18,Дом и сад,Екатеринбург,Мелкий опт,2.0,481.29,962.58,575.47,387.11
2547,2023-09-20,Канцелярия,Екатеринбург,Корпоратив,6.0,360.21,2161.26,1683.85,477.41
2548,2024-08-24,Офис,Санкт-Петербург,Потребитель,5.0,686.94,3434.7,1935.37,1499.33
2549,2024-09-01,Техника,Екатеринбург,Потребитель,5.0,225.98,1129.9,772.56,357.34
2550,2023-08-21,Мебель,Самара,Потребитель,3.0,182.46,547.38,398.12,149.26
2551,2024-10-12,Канцелярия,Новосибирск,Потребитель,13.0,142.53,1852.89,1464.3,388.59
2552,2023-05-13,Дом и сад,Москва,Корпоратив,8.0,486.0,3888.0,2388.72,1499.28
2553,2023-07-05,Техника,Самара,Мелкий опт,10.0,257.94,2579.4,1804.59,774.81
2554,2024-09-26,Дом и сад,Москва,Мелкий опт,12.0,133.72,1604.64,1146.76,457.88
2555,2024-07-22,Техника,Самара,Потребитель,29.0,394.0,11426.0,6969.16,4456.84
2556,2024-08-04,Дом и сад,Санкт-Петербург,Мелкий опт,2.0,3912.94,7825.88,4913.76,2912.12
2557,2024-04-14,Дом и сад,Санкт-Петербург,Потребитель,20.0,125.14,2502.8,1966.36,536.44
2558,2023-04-12,Мебель,Екатеринбург,Потребитель,18.0,189.55,3411.9,2506.11,905.79
2559,2023-12-31,Мебель,Москва,Потребитель,11.0,228.43,2512.73,1554.14,958.59
2560,2024-10-18,Канцелярия,Новосибирск,Потребитель,3.0,337.7,1013.1,644.78,368.32
2561,2023-01-15,Офис,Екатеринбург,Корпоратив,17.0,542.43,9221.31,6732.62,2488.69
2562,2024-11-30,Офис,Москва,Потребитель,4.0,2009.74,8038.96,4915.52,3123.44
2563,2023-11-13,Мебель,Санкт-Петербург,Потребитель,9.0,309.64,2786.76,2184.96,601.8
2564,2023-11-27,Канцелярия,Москва,Потребитель,7.0,144.61,1012.27,570.22,442.05
2565,2023-01-11,Мебель,Москва,Корпоратив,8.0,285.33,2282.64,1442.39,840.25
2566,2024-08-07,Мебель,Санкт-Петербург,Корпоратив,14.0,255.48,3576.72,2673.34,903.38
2567,2023-03-14,Канцелярия,Екатеринбург,Корпоратив,10.0,414.14,4141.4,3081.98,1059.42
2568,2024-06-10,Офис,Екатеринбург,Потребитель,17.0,705.09,11986.53,8587.88,3398.65
2569,2023-12-05,Мебель,Москва,Корпоратив,15.0,548.51,8227.65,4810.55,3417.1
2570,2024-11-27,Канцелярия,Москва,Потребитель,11.0,97.97,1077.67,750.34,327.33
2571,2024-03-31,Офис,Санкт-Петербург,Потребитель,18.0,289.65,5213.7,3099.25,2114.45
2572,2023-03-20,Офис,Новосибирск,Корпоратив,5.0,239.98,1199.9,832.99,366.91
2573,2024-01-04,Офис,Новосибирск,Потребитель,27.0,125.4,3385.8,2373.35,1012.45
2574,2024-06-29,Техника,Москва,Корпоратив,10.0,1210.41,12104.1,9534.37,2569.73
2575,2023-05-14,Дом и сад,Москва,Потребитель,6.0,589.29,3535.74,2445.75,1089.99
2576,2023-06-28,Офис,Екатеринбург,Корпоратив,10.0,304.51,3045.1,1814.86,1230.24
2577,2024-03-22,Канцелярия,Новосибирск,Потребитель,25.0,418.75,10468.75,8323.92,2144.83
2578,2024-05-07,Дом и сад,Санкт-Петербург,Потребитель,13.0,209.69,2725.97,1516.67,1209.3
2579,2024-05-30,Техника,Москва,Потребитель,6.0,680.68,4084.08,2740.64,1343.44
2580,2024-01-01,Техника,Санкт-Петербург,Потребитель,6.0,408.92,2453.52,1503.57,949.95
2581,2023-01-02,Офис,Новосибирск,Корпоратив,3.0,440.16,1320.48,1005.66,314.82
2582,2023-06-29,Канцелярия,Самара,Потребитель,9.0,265.64,2390.76,1737.8,652.96
2583,2023-10-23,Дом и сад,Новосибирск,Потребитель,3.0,885.86,2657.58,1530.48,1127.1
2584,2024-12-07,Канцелярия,Новосибирск,Мелкий опт,3.0,170.95,512.85,282.98,229.87
2585,2023-04-09,Канцелярия,Новосибирск,Потребитель,3.0,511.45,1534.35,958.36,575.99
2586,2023-02-18,Канцелярия,Санкт-Петербург,Корпоратив,16.0,475.01,7600.16,5341.33,2258.83
2587,2024-10-29,Дом и сад,Самара,Потребитель,12.0,181.25,2175.0,1502.51,672.49
2588,2024-07-05,Техника,Самара,Потребитель,3.0,1256.47,3769.41,2266.31,1503.1
2589,2023-12-06,Офис,Новосибирск,Потребитель,18.0,412.81,7430.58,5357.58,2073.0
2590,2023-01-27,Канцелярия,Санкт-Петербург,Корпоратив,3.0,403.31,1209.93,757.88,452.05
2591,2024-05-27,Техника,Новосибирск,Потребитель,9.0,660.59,5945.31,3474.88,2470.43
2592,2024-05-22,Техника,Новосибирск,Потребитель,18.0,93.71,1686.78,1187.5,499.28
2593,2024-10-31,Офис,Екатеринбург,Корпоратив,3.0,1117.8,3353.4,1994.71,1358.69
2594,2023-05-03,Техника,Москва,Потребитель,3.0,186.22,558.66,341.93,216.73
2595,2023-08-13,Дом и сад,Новосибирск,Корпоратив,16.0,738.13,11810.08,6526.02,5284.06
2596,2023-12-23,Канцелярия,Екатеринбург,Корпоратив,9.0,153.37,-1.0,1064.47,315.86
2597,2023-10-26,Офис,Новосибирск,Корпоратив,22.0,322.66,7098.52,5352.4,1746.12
2598,2023-07-29,Техника,Санкт-Петербург,Корпоратив,11.0,327.18,3598.98,2665.37,933.61
2599,2024-12-22,Дом и сад,Санкт-Петербург,Потребитель,6.0,578.38,3470.28,2212.39,1257.89
2600,2023-03-22,Дом и сад,Екатеринбург,Потребитель,17.0,180.17,3062.89,1765.69,1297.2
2601,2024-03-16,Офис,Москва,Потребитель,7.0,313.23,2192.61,1404.83,787.78
2602,2024-04-06,Техника,Новосибирск,Мелкий опт,13.0,235.91,3066.83,2203.13,863.7
2603,2024-10-01,Дом и сад,Екатеринбург,Потребитель,7.0,613.04,4291.28,2945.78,1345.5
2604,2024-09-21,Канцелярия,Санкт-Петербург,Корпоратив,19.0,414.42,7873.98,4354.88,3519.1
2605,2023-09-05,Офис,Новосибирск,Потребитель,26.0,499.46,12985.96,9203.93,3782.03
2606,2024-04-12,Техника,Москва,Корпоратив,10.0,514.24,5142.4,2890.36,2252.04
2607,2023-06-04,Мебель,Санкт-Петербург,Потребитель,5.0,732.47,3662.35,2653.98,1008.37
2608,2023-09-23,Офис,Новосибирск,Потребитель,3.0,464.66,1393.98,1003.1,390.88
2609,2023-03-23,Дом и сад,Санкт-Петербург,Потребитель,10.0,181.17,1811.7,1022.19,789.51
2610,2023-01-26,Дом и сад,Самара,Мелкий опт,30.0,508.49,15254.7,10132.1,5122.6
2611,2024-05-14,Техника,Екатеринбург,Потребитель,10.0,493.24,4932.4,3162.96,1769.44
2612,2024-01-31,Мебель,Москва,Потребитель,12.0,564.06,6768.72,3984.1,2784.62
2613,2024-01-19,Офис,Новосибирск,Потребитель,4.0,109.0,436.0,286.46,149.54
2614,2024-11-11,Канцелярия,Новосибирск,Потребитель,39.0,545.64,21279.96,15499.84,5780.12
2615,2023-03-14,Канцелярия,Самара,Корпоратив,5.0,1334.41,6672.05,4949.77,1722.28
2616,2023-09-20,Канцелярия,Новосибирск,Мелкий опт,7.0,287.55,2012.85,1434.7,578.15
2617,2024-10-23,Техника,Самара,Мелкий опт,32.0,266.6,8531.2,5320.27,3210.93
2618,2024-09-04,Дом и сад,Новосибирск,Корпоратив,9.0,206.33,1856.97,1468.36,388.61
2619,2024-02-11,Дом и сад,Москва,Корпоратив,16.0,207.0,3312.0,2197.9,1114.1
2620,2024-07-02,Канцелярия,Самара,Корпоратив,5.0,2448.55,12242.75,8858.51,3384.24
2621,2023-09-28,Офис,Екатеринбург,Потребитель,22.0,496.34,10919.48,8534.83,2384.65
2622,2023-02-27,Канцелярия,Екатеринбург,Корпоратив,14.0,189.63,2654.82,1706.88,947.94
2623,2023-09-20,Дом и сад,Москва,Корпоратив,15.0,417.45,6261.75,4845.57,1416.18
2624,2024-08-04,Техника,Екатеринбург,Потребитель,25.0,135.83,3395.75,2036.23,1359.52
2625,2023-08-17,Мебель,Самара,Мелкий опт,,1148.95,2297.9,1605.8,692.1
2626,2024-01-21,Техника,Москва,Потребитель,6.0,105.32,631.92,464.3,167.62
2627,2024-09-03,Техника,Санкт-Петербург,Корпоратив,6.0,331.59,1989.54,1301.49,688.05
2628,2023-02-07,Офис,Новосибирск,Потребитель,2.0,231.21,462.42,315.42,147.0
2629,2023-10-28,Дом и сад,Москва,Потребитель,7.0,154.89,1084.23,693.28,390.95
2630,2023-08-28,Дом и сад,Москва,Потребитель,8.0,214.9,1719.2,1256.94,462.26
2631,2024-09-20,Канцелярия,Москва,Мелкий опт,42.0,160.11,6724.62,5062.8,1661.82
2632,2023-09-22,Дом и сад,Екатеринбург,Мелкий опт,4.0,383.59,1534.36,1220.75,313.61
2633,2024-09-06,Дом и сад,Москва,Корпоратив,1.0,116.66,116.66,83.78,32.88
2634,2023-06-25,Техника,Самара,Корпоратив,35.0,362.91,12701.85,7330.26,5371.59
2635,2023-05-14,Мебель,Новосибирск,Мелкий опт,40.0,853.33,34133.2,26133.74,7999.46
2636,2024-05-23,Офис,Екатеринбург,Потребитель,19.0,422.93,8035.67,5943.73,2091.94
2637,2023-11-07,Канцелярия,Екатеринбург,Потребитель,5.0,1206.15,6030.75,3968.42,2062.33
2638,2023-04-17,Дом и сад,Санкт-Петербург,Потребитель,5.0,432.0,2160.0,1457.73,702.27
2639,2023-05-28,Офис,Екатеринбург,Потребитель,24.0,385.8,9259.2,6700.82,2558.38
2640,2024-03-28,Офис,Новосибирск,Потребитель,3.0,168.02,504.06,311.71,192.35
2641,2023-04-14,Офис,Санкт-Петербург,Потребитель,6.0,546.87,3281.22,2125.4,1155.82
2642,2024-08-01,Техника,Санкт-Петербург,Потребитель,25.0,229.03,5725.75,3925.79,1799.96
2643,2024-01-23,Канцелярия,Новосибирск,Мелкий опт,5.0,213.79,1068.95,627.25,441.7
2644,2024-03-03,Техника,Екатеринбург,Мелкий опт,9.0,235.32,2117.88,1241.44,876.44
2645,2024-04-15,Офис,Екатеринбург,Потребитель,4.0,234.36,937.44,562.3,375.14
2646,2023-08-14,Техника,Новосибирск,Корпоратив,9.0,267.24,2405.16,1526.88,878.28
2647,2024-07-01,Техника,Новосибирск,Потребитель,17.0,687.35,11684.95,6840.99,4843.96
2648,2024-12-05,Дом и сад,Москва,Мелкий опт,22.0,1100.63,24213.86,19229.43,4984.43
2649,2024-06-11,Техника,Самара,Потребитель,,537.98,3227.88,2226.02,1001.86
2650,2024-01-13,Мебель,Екатеринбург,Потребитель,1.0,320.34,320.34,253.89,66.45
2651,2023-01-02,Канцелярия,Новосибирск,Потребитель,6.0,370.17,2221.02,1639.87,581.15
2652,2024-05-23,Мебель,Санкт-Петербург,Потребитель,8.0,175.02,1400.16,961.56,438.6
2653,2024-10-04,Мебель,Екатеринбург,Потребитель,6.0,511.66,3069.96,1855.78,1214.18
2654,2023-02-28,Дом и сад,Москва,Потребитель,3.0,116.04,348.12,223.94,124.18
2655,2024-11-25,Канцелярия,Москва,Потребитель,27.0,360.34,9729.18,5579.84,4149.34
2656,2024-10-27,Канцелярия,Москва,Корпоратив,10.0,243.67,2436.7,1380.01,1056.69
2657,2024-08-09,Техника,Санкт-Петербург,Корпоратив,11.0,976.47,10741.17,5974.54,4766.63
2658,2024-01-02,Офис,Москва,Потребитель,28.0,189.51,5306.28,2965.99,2340.29
2659,2023-06-26,Мебель,Новосибирск,Мелкий опт,8.0,259.32,2074.56,1581.57,492.99
2660,2024-04-29,Дом и сад,Самара,Корпоратив,9.0,155.31,1397.79,907.82,489.97
2661,2023-09-04,Дом и сад,Екатеринбург,Корпоратив,7.0,240.13,1680.91,967.01,713.9
2662,2023-07-12,Мебель,Новосибирск,Корпоратив,16.0,608.73,9739.68,7207.2,2532.48
2663,2024-09-10,Канцелярия,Москва,Корпоратив,21.0,496.79,-1.0,5876.29,4556.3
2664,2023-07-25,Офис,Санкт-Петербург,Потребитель,4.0,940.54,3762.16,2220.04,1542.12
2665,2023-11-24,Канцелярия,Санкт-Петербург,Потребитель,9.0,219.4,1974.6,1105.17,869.43
2666,2024-06-07,Канцелярия,Санкт-Петербург,Корпоратив,33.0,388.25,12812.25,9426.43,3385.82
2667,2023-08-22,Техника,Санкт-Петербург,Потребитель,10.0,204.61,2046.1,1306.66,739.44
2668,2023-12-18,Дом и сад,Екатеринбург,Мелкий опт,13.0,279.67,3635.71,2490.55,1145.16
2669,2023-08-03,Офис,Москва,Корпоратив,8.0,230.8,1846.4,1198.88,647.52
2670,2024-08-28,Дом и сад,Санкт-Петербург,Потребитель,3.0,657.89,1973.67,1193.24,780.43
2671,2024-09-25,Дом и сад,Новосибирск,Потребитель,2.0,209.48,418.96,262.18,156.78
2672,2023-06-20,Дом и сад,Новосибирск,Потребитель,11.0,256.78,2824.58,2084.08,740.5
2673,2023-10-18,Дом и сад,Москва,Потребитель,12.0,474.76,5697.12,4284.07,1413.05
2674,2024-12-04,Офис,Самара,Потребитель,24.0,828.38,19881.12,14730.25,5150.87
2675,2023-02-24,Канцелярия,Новосибирск,Потребитель,5.0,322.33,1611.65,1279.57,332.08
2676,2024-01-28,Дом и сад,Москва,Мелкий опт,2.0,722.99,1445.98,974.1,471.88
2677,2023-07-23,Офис,Санкт-Петербург,Потребитель,28.0,1088.77,30485.56,23078.74,7406.82
2678,2024-01-04,Офис,Новосибирск,Корпоратив,41.0,190.69,7818.29,4512.81,3305.48
2679,2023-03-17,Офис,Москва,Потребитель,6.0,63.1,378.6,211.21,167.39
2680,2024-07-06,Дом и сад,Самара,Потребитель,30.0,1726.92,51807.6,35156.66,16650.94
2681,2024-06-20,Офис,Санкт-Петербург,Потребитель,19.0,416.62,7915.78,4620.11,3295.67
2682,2024-11-18,Мебель,Москва,Мелкий опт,8.0,322.63,2581.04,1537.96,1043.08
2683,2023-05-17,Офис,Новосибирск,Корпоратив,6.0,204.29,1225.74,828.51,397.23
2684,2024-01-18,Техника,Москва,Мелкий опт,26.0,938.43,24399.18,15861.55,8537.63
2685,2024-08-12,Офис,Новосибирск,Корпоратив,22.0,1499.56,32990.32,26373.01,6617.31
2686,2023-09-13,Техника,Самара,Корпоратив,5.0,355.86,1779.3,1195.63,583.67
2687,2023-01-21,Техника,Новосибирск,Мелкий опт,18.0,460.01,8280.18,6304.78,1975.4
2688,2023-10-31,Канцелярия,Новосибирск,Потребитель,2.0,3928.37,7856.74,4999.58,2857.16
2689,2024-12-14,Дом и сад,Екатеринбург,Потребитель,4.0,210.68,842.72,509.46,333.26
2690,2023-01-09,Офис,Москва,Потребитель,14.0,259.27,3629.78,2309.26,1320.52
2691,2023-09-30,Дом и сад,Екатеринбург,Потребитель,37.0,319.39,11817.43,7318.64,4498.79
2692,2023-03-08,Дом и сад,Самара,Потребитель,2.0,682.38,1364.76,985.27,379.49
2693,2024-02-29,Дом и сад,Новосибирск,Потребитель,6.0,709.62,4257.72,2579.61,1678.11
2694,2023-07-17,Канцелярия,Самара,Потребитель,4.0,112.6,450.4,346.46,103.94
2695,2024-12-19,Дом и сад,Москва,Потребитель,15.0,196.36,2945.4,1943.57,1001.83
2696,2024-11-05,Дом и сад,Москва,Потребитель,4.0,246.36,985.44,726.67,258.77
2697,2024-01-20,Канцелярия,Самара,Мелкий опт,24.0,842.03,20208.72,15384.77,4823.95
2698,2023-09-06,Канцелярия,Санкт-Петербург,Корпоратив,3.0,467.43,1402.29,928.82,473.47
2699,2024-06-19,Дом и сад,Новосибирск,Потребитель,2.0,1529.45,3058.9,1907.16,1151.74
2700,2024-09-24,Офис,Новосибирск,Потребитель,106.0,425.5,45103.0,25928.35,19174.65
2701,2023-02-10,Канцелярия,Самара,Корпоратив,18.0,64.04,1152.72,885.22,267.5
2702,2024-01-22,Канцелярия,Москва,Потребитель,17.0,398.64,6776.88,5141.22,1635.66
2703,2024-04-04,Мебель,Екатеринбург,Корпоратив,4.0,737.78,2951.12,2131.15,819.97
2704,2024-09-25,Мебель,Самара,Потребитель,15.0,303.9,4558.5,2958.1,1600.4
2705,2023-01-12,Офис,Екатеринбург,Корпоратив,7.0,416.03,2912.21,1996.07,916.14
2706,2023-06-26,Дом и сад,Самара,Потребитель,7.0,599.64,4197.48,2487.46,1710.02
2707,2023-11-24,Техника,Москва,Потребитель,5.0,175.6,878.0,512.14,365.86
2708,2024-05-04,Дом и сад,Екатеринбург,Потребитель,13.0,622.46,8091.98,5997.63,2094.35
2709,2024-02-28,Мебель,Новосибирск,Корпоратив,29.0,397.06,11514.74,6444.37,5070.37
2710,2024-05-15,Канцелярия,Москва,Корпоратив,7.0,693.85,4856.95,3822.35,1034.6
2711,2023-09-05,Техника,Москва,Корпоратив,8.0,491.23,3929.84,2643.16,1286.68
2712,2023-05-01,Дом и сад,Санкт-Петербург,Потребитель,30.0,1241.8,37254.0,28782.69,8471.31
2713,2024-07-20,Мебель,Москва,Корпоратив,,552.87,2211.48,1424.1,787.38
2714,2024-06-18,Офис,Новосибирск,Потребитель,7.0,404.38,2830.66,2197.72,632.94
2715,2023-11-11,Офис,Санкт-Петербург,Мелкий опт,11.0,91.78,1009.58,685.56,324.02
2716,2024-05-18,Офис,Екатеринбург,Потребитель,2.0,314.2,628.4,451.94,176.46
2717,2024-09-05,Офис,Самара,Потребитель,7.0,878.05,6146.35,3458.45,2687.9
2718,2024-08-21,Офис,Екатеринбург,Потребитель,6.0,1524.38,9146.28,5864.35,3281.93
2719,2024-02-14,Канцелярия,Москва,Корпоратив,54.0,340.58,18391.32,13248.66,5142.66
2720,2024-05-28,Канцелярия,Санкт-Петербург,Корпоратив,4.0,996.8,3987.2,2468.76,1518.44
2721,2023-12-25,Дом и сад,Москва,Потребитель,4.0,1177.01,4708.04,3070.47,1637.57
2722,2023-07-13,Дом и сад,Екатеринбург,Мелкий опт,1.0,139.29,139.29,99.7,39.59
2723,2024-11-27,Дом и сад,Москва,Потребитель,10.0,231.91,2319.1,1510.61,808.49
2724,2024-12-15,Дом и сад,Самара,Корпоратив,20.0,174.45,3489.0,2454.79,1034.21
2725,2023-01-26,Дом и сад,Новосибирск,Корпоратив,5.0,931.37,4656.85,2775.62,1881.23
2726,2023-11-08,Техника,Москва,Потребитель,39.0,175.98,6863.22,4984.88,1878.34
2727,2024-03-24,Офис,Санкт-Петербург,Потребитель,55.0,161.02,8856.1,5662.61,3193.49
2728,2023-10-23,Канцелярия,Санкт-Петербург,Мелкий опт,15.0,623.09,9346.35,6210.92,3135.43
2729,2023-04-26,Дом и сад,Санкт-Петербург,Потребитель,3.0,261.81,785.43,521.03,264.4
2730,2023-01-06,Офис,Санкт-Петербург,Корпоратив,10.0,2143.56,21435.6,16141.0,5294.6
2731,2023-05-03,Техника,Екатеринбург,Мелкий опт,6.0,455.52,2733.12,1789.56,943.56
2732,2023-08-08,Мебель,Санкт-Петербург,Потребитель,116.0,289.05,33529.8,20716.09,12813.71
2733,2023-11-25,Канцелярия,Москва,Корпоратив,9.0,734.37,6609.33,3761.78,2847.55
2734,2024-10-10,Офис,Новосибирск,Мелкий опт,10.0,219.88,2198.8,1604.02,594.78
2735,2024-05-09,Офис,Москва,Мелкий опт,5.0,517.23,2586.15,1964.39,621.76
2736,2023-06-01,Офис,Санкт-Петербург,Потребитель,21.0,330.63,6943.23,5554.42,1388.81
2737,2024-01-02,Техника,Екатеринбург,Мелкий опт,40.0,339.17,13566.8,8896.61,4670.19
2738,2024-05-27,Дом и сад,Новосибирск,Потребитель,10.0,529.5,5295.0,3597.59,1697.41
2739,2024-01-01,Дом и сад,Самара,Корпоратив,10.0,812.84,8128.4,4916.83,3211.57
2740,2023-03-30,Дом и сад,Санкт-Петербург,Мелкий опт,7.0,425.63,2979.41,1671.34,1308.07
2741,2024-01-16,Дом и сад,Самара,Потребитель,4.0,142.52,570.08,424.22,145.86
2742,2024-04-27,Техника,Москва,Потребитель,25.0,139.48,3487.0,2259.12,1227.88
2743,2023-03-18,Офис,Екатеринбург,Потребитель,4.0,393.4,1573.6,1156.18,417.42
2744,2024-01-08,Офис,Екатеринбург,Потребитель,2.0,180.38,360.76,232.9,127.86
2745,2024-02-02,Офис,Самара,Корпоратив,36.0,239.3,8614.8,6160.55,2454.25
2746,2023-08-27,Офис,Москва,Корпоратив,6.0,828.63,4971.78,2800.69,2171.09
2747,2024-10-10,Техника,Новосибирск,Потребитель,8.0,348.9,2791.2,1991.2,800.0
2748,2023-05-10,Канцелярия,Санкт-Петербург,Корпоратив,9.0,432.11,3888.99,2388.27,1500.72
2749,2024-12-12,Канцелярия,Самара,Потребитель,,341.77,1025.31,676.78,348.53
2750,2023-01-04,Канцелярия,Москва,Потребитель,17.0,204.98,3484.66,2418.27,1066.39
2751,2024-05-30,Дом и сад,Самара,Корпоратив,13.0,1252.52,16282.76,12328.48,3954.28
2752,2023-06-15,Мебель,Санкт-Петербург,Потребитель,11.0,136.24,1498.64,1101.11,397.53
2753,2024-03-08,Дом и сад,Екатеринбург,Корпоратив,5.0,782.06,3910.3,3122.61,787.69
2754,2024-06-12,Дом и сад,Москва,Корпоратив,2.0,292.16,584.32,359.0,225.32
2755,2024-07-03,Техника,Москва,Корпоратив,20.0,390.26,7805.2,5998.51,1806.69
2756,2023-04-02,Техника,Самара,Мелкий опт,15.0,207.54,3113.1,1738.58,1374.52
2757,2023-01-07,Дом и сад,Самара,Корпоратив,6.0,221.43,1328.58,800.2,528.38
2758,2024-04-14,Канцелярия,Новосибирск,Мелкий опт,18.0,1018.85,18339.3,13059.02,5280.28
2759,2023-08-08,Техника,Самара,Мелкий опт,5.0,643.5,3217.5,1814.31,1403.19
2760,2024-06-29,Дом и сад,Екатеринбург,Корпоратив,126.0,223.06,28105.56,20745.72,7359.84
2761,2024-11-17,Мебель,Москва,Потребитель,11.0,78.93,868.23,573.26,294.97
2762,2024-09-22,Дом и сад,Самара,Корпоратив,4.0,61.84,247.36,178.6,68.76
2763,2023-09-09,Техника,Москва,Потребитель,17.0,419.6,7133.2,4337.64,2795.56
2764,2024-08-12,Дом и сад,Санкт-Петербург,Корпоратив,2.0,311.91,623.82,365.1,258.72
2765,2023-06-23,Техника,Самара,Корпоратив,16.0,138.48,2215.68,1476.66,739.02
2766,2023-09-27,Техника,Москва,Мелкий опт,7.0,394.44,2761.08,1619.34,1141.74
2767,2024-05-04,Канцелярия,Санкт-Петербург,Потребитель,4.0,1144.17,4576.68,3004.28,1572.4
2768,2024-10-16,Дом и сад,Санкт-Петербург,Мелкий опт,9.0,315.5,2839.5,2258.67,580.83
2769,2024-10-07,Офис,Москва,Корпоратив,5.0,147.41,737.05,582.0,155.05
2770,2023-11-11,Мебель,Санкт-Петербург,Корпоратив,37.0,990.33,36642.21,21232.15,15410.06
2771,2023-04-21,Канцелярия,Новосибирск,Мелкий опт,20.0,321.22,6424.4,5116.42,1307.98
2772,2023-10-30,Канцелярия,Екатеринбург,Потребитель,36.0,642.55,23131.8,18180.51,4951.29
2773,2023-05-17,Мебель,Новосибирск,Корпоратив,14.0,363.35,5086.9,3610.75,1476.15
2774,2024-04-11,Техника,Екатеринбург,Мелкий опт,106.0,147.44,15628.64,9787.84,5840.8
2775,2023-05-27,Дом и сад,Самара,Потребитель,31.0,66.74,2068.94,1571.33,497.61
2776,2023-06-10,Канцелярия,Санкт-Петербург,Потребитель,1.0,892.8,892.8,701.88,190.92
2777,2023-03-14,Техника,Екатеринбург,Корпоратив,6.0,1775.07,10650.42,7648.16,3002.26
2778,2024-01-03,Офис,Екатеринбург,Потребитель,2.0,893.61,1787.22,1011.45,775.77
2779,2023-06-21,Канцелярия,Самара,Потребитель,14.0,70.68,989.52,654.96,334.56
2780,2024-10-03,Мебель,Санкт-Петербург,Корпоратив,1.0,670.13,670.13,433.18,236.95
2781,2024-10-29,Дом и сад,Москва,Потребитель,11.0,217.17,2388.87,1644.77,744.1
2782,2024-08-06,Дом и сад,Санкт-Петербург,Корпоратив,13.0,2276.01,29588.13,21871.55,7716.58
2783,2023-12-10,Мебель,Москва,Потребитель,43.0,445.7,19165.1,14424.74,4740.36
2784,2023-01-28,Канцелярия,Москва,Корпоратив,10.0,309.25,3092.5,2158.97,933.53
2785,2023-11-06,Дом и сад,Екатеринбург,Корпоратив,5.0,310.11,-1.0,901.66,648.89
2786,2024-04-15,Офис,Москва,Корпоратив,14.0,304.09,4257.26,2409.4,1847.86
2787,2023-08-03,Канцелярия,Самара,Потребитель,4.0,431.11,1724.44,1267.79,456.65
2788,2024-08-16,Дом и сад,Самара,Мелкий опт,41.0,247.31,10139.71,6796.39,3343.32
2789,2024-11-15,Дом и сад,Екатеринбург,Потребитель,27.0,271.87,7340.49,5088.76,2251.73
2790,2023-09-30,Канцелярия,Москва,Потребитель,4.0,566.74,-1.0,1309.86,957.1
2791,2024-01-31,Канцелярия,Новосибирск,Корпоратив,28.0,203.62,5701.36,3556.04,2145.32
2792,2024-07-30,Канцелярия,Санкт-Петербург,Потребитель,7.0,596.2,4173.4,3059.51,1113.89
2793,2023-06-01,Мебель,Санкт-Петербург,Потребитель,7.0,225.7,1579.9,930.71,649.19
2794,2023-06-12,Дом и сад,Москва,Потребитель,2.0,423.48,846.96,577.85,269.11
2795,2024-05-15,Техника,Екатеринбург,Корпоратив,9.0,475.62,4280.58,3040.72,1239.86
2796,2023-01-08,Техника,Новосибирск,Корпоратив,15.0,423.73,6355.95,4891.02,1464.93
2797,2024-06-23,Дом и сад,Самара,Корпоратив,7.0,559.6,3917.2,3123.49,793.71
2798,2023-04-29,Офис,Екатеринбург,Потребитель,3.0,270.88,812.64,505.58,307.06
2799,2023-04-02,Канцелярия,Екатеринбург,Мелкий опт,10.0,1246.6,12466.0,9444.99,3021.01
2800,2024-06-26,Техника,Санкт-Петербург,Потребитель,19.0,1130.57,21480.83,12428.36,9052.47
2801,2024-07-31,Офис,Новосибирск,Корпоратив,32.0,669.44,21422.08,13397.66,8024.42
2802,2023-05-27,Канцелярия,Самара,Потребитель,26.0,1038.13,26991.38,20594.19,6397.19
2803,2024-12-27,Дом и сад,Москва,Потребитель,9.0,159.03,1431.27,1138.89,292.38
2804,2023-12-30,Канцелярия,Москва,Потребитель,7.0,1202.83,8419.81,4661.98,3757.83
2805,2023-03-01,Дом и сад,Новосибирск,Корпоратив,27.0,476.48,12864.96,8744.31,4120.65
2806,2023-08-11,Техника,Самара,Потребитель,3.0,665.13,1995.39,1392.22,603.17
2807,2024-12-09,Дом и сад,Самара,Потребитель,9.0,115.3,1037.7,783.97,253.73
2808,2023-12-17,Техника,Санкт-Петербург,Потребитель,46.0,811.37,37323.02,25308.97,12014.05
2809,2024-10-11,Дом и сад,Москва,Потребитель,4.0,194.13,776.52,484.73,291.79
2810,2024-02-23,Офис,Новосибирск,Мелкий опт,4.0,1763.59,7054.36,3998.91,3055.45
2811,2024-01-03,Мебель,Москва,Корпоратив,5.0,171.98,859.9,536.59,323.31
2812,2024-07-13,Офис,Санкт-Петербург,Потребитель,34.0,332.87,11317.58,7154.12,4163.46
2813,2023-09-21,Канцелярия,Новосибирск,Потребитель,9.0,58.41,525.69,363.0,162.69
2814,2024-12-30,Дом и сад,Москва,Мелкий опт,32.0,123.99,3967.68,2663.94,1303.74
2815,2023-06-16,Офис,Самара,Корпоратив,5.0,351.44,1757.2,1119.02,638.18
2816,2024-04-15,Мебель,Самара,Потребитель,13.0,229.72,2986.36,2116.14,870.22
2817,2024-07-20,Дом и сад,Екатеринбург,Мелкий опт,11.0,439.12,4830.32,3495.96,1334.36
2818,2024-08-05,Дом и сад,Екатеринбург,Потребитель,11.0,403.38,4437.18,2844.4,1592.78
2819,2024-06-15,Офис,Новосибирск,Потребитель,15.0,78.68,1180.2,930.38,249.82
2820,2023-09-17,Канцелярия,Москва,Потребитель,12.0,534.47,6413.64,3647.13,2766.51
2821,2023-12-29,Мебель,Москва,Потребитель,5.0,622.44,3112.2,2475.26,636.94
2822,2023-03-21,Канцелярия,Новосибирск,Мелкий опт,2.0,161.55,323.1,218.15,104.95
2823,2024-08-31,Офис,Самара,Потребитель,8.0,1696.37,13570.96,8338.77,5232.19
2824,2024-03-10,Офис,Екатеринбург,Корпоратив,14.0,416.21,5826.94,4525.05,1301.89
2825,2023-09-20,Мебель,Новосибирск,Потребитель,8.0,472.4,3779.2,2763.27,1015.93
2826,2024-01-23,Техника,Екатеринбург,Потребитель,5.0,162.27,811.35,452.97,358.38
2827,2024-06-19,Мебель,Самара,Потребитель,10.0,283.14,2831.4,2042.06,789.34
2828,2023-02-18,Офис,Санкт-Петербург,Корпоратив,10.0,392.48,3924.8,2562.42,1362.38
2829,2024-12-14,Дом и сад,Москва,Потребитель,31.0,225.74,6997.94,4584.75,2413.19
2830,2023-02-06,Дом и сад,Екатеринбург,Корпоратив,17.0,141.38,2403.46,1419.74,983.72
2831,2024-10-04,Канцелярия,Екатеринбург,Корпоратив,8.0,588.77,4710.16,3377.13,1333.03
2832,2024-07-10,Офис,Москва,Мелкий опт,26.0,426.36,11085.36,7896.33,3189.03
2833,2023-03-14,Дом и сад,Москва,Потребитель,7.0,443.63,3105.41,1932.44,1172.97
2834,2023-01-29,Офис,Москва,Потребитель,24.0,147.35,3536.4,2184.64,1351.76
2835,2024-11-23,Дом и сад,Санкт-Петербург,Потребитель,44.0,58.59,2577.96,1738.33,839.63
2836,2024-04-01,Техника,Новосибирск,Потребитель,7.0,735.92,5151.44,3650.48,1500.96
2837,2023-09-25,Дом и сад,Санкт-Петербург,Корпоратив,3.0,514.38,1543.14,1166.2,376.94
2838,2023-03-27,Мебель,Санкт-Петербург,Потребитель,4.0,524.61,2098.44,1202.33,896.11
2839,2023-06-29,Мебель,Самара,Корпоратив,10.0,1209.31,12093.1,8974.11,3118.99
2840,2023-11-15,Дом и сад,Новосибирск,Потребитель,4.0,295.73,1182.92,706.69,476.23
2841,2023-03-06,Мебель,Москва,Мелкий опт,1.0,631.08,631.08,493.37,137.71
2842,2024-12-19,Канцелярия,Самара,Потребитель,12.0,242.46,2909.52,1686.41,1223.11
2843,2023-09-07,Офис,Новосибирск,Корпоратив,5.0,62.7,313.5,212.32,101.18
2844,2024-07-16,Мебель,Новосибирск,Корпоратив,31.0,855.66,26525.46,17477.1,9048.36
2845,2023-08-02,Мебель,Екатеринбург,Корпоратив,22.0,189.95,4178.9,3107.32,1071.58
2846,2023-11-24,Техника,Новосибирск,Потребитель,20.0,189.23,3784.6,2167.77,1616.83
2847,2023-01-17,Дом и сад,Новосибирск,Мелкий опт,6.0,313.85,1883.1,1205.79,677.31
2848,2024-08-16,Офис,Самара,Потребитель,26.0,273.69,7115.94,5400.49,1715.45
2849,2023-09-07,Мебель,Новосибирск,Потребитель,2.0,266.19,532.38,368.43,163.95
2850,2024-08-24,Техника,Санкт-Петербург,Потребитель,31.0,107.16,3321.96,2476.85,845.11
2851,2023-05-16,Техника,Самара,Корпоратив,9.0,149.39,1344.51,1042.27,302.24
2852,2023-01-12,Канцелярия,Москва,Потребитель,3.0,1051.18,3153.54,2211.42,942.12
2853,2023-08-13,Офис,Москва,Потребитель,3.0,168.02,-1.0,318.87,185.19
2854,2024-12-12,Дом и сад,Екатеринбург,Потребитель,5.0,2608.11,13040.55,7823.88,5216.67
2855,2023-11-17,Канцелярия,Москва,Потребитель,11.0,211.72,2328.92,1415.24,913.68
2856,2023-04-11,Канцелярия,Новосибирск,Потребитель,30.0,912.09,27362.7,18032.16,9330.54
2857,2023-02-15,Техника,Екатеринбург,Корпоратив,4.0,736.59,2946.36,1832.79,1113.57
2858,2024-04-26,Мебель,Самара,Корпоратив,5.0,1396.09,6980.45,4677.69,2302.76
2859,2023-01-13,Мебель,Санкт-Петербург,Корпоратив,29.0,628.9,18238.1,14278.98,3959.12
2860,2024-08-21,Дом и сад,Новосибирск,Потребитель,8.0,279.98,2239.84,1709.56,530.28
2861,2023-07-13,Техника,Новосибирск,Потребитель,127.0,424.11,53861.97,36827.22,17034.75
2862,2024-11-27,Мебель,Екатеринбург,Корпоратив,26.0,300.87,7822.62,5491.45,2331.17
2863,2024-12-22,Мебель,Екатеринбург,Корпоратив,13.0,569.95,7409.35,5787.47,1621.88
2864,2024-11-19,Техника,Санкт-Петербург,Потребитель,8.0,293.83,2350.64,1684.47,666.17
2865,2023-05-09,Дом и сад,Москва,Потребитель,10.0,265.01,2650.1,1818.65,831.45
2866,2024-10-17,Мебель,Новосибирск,Корпоратив,12.0,240.42,2885.04,1686.2,1198.84
2867,2023-05-25,Дом и сад,Санкт-Петербург,Потребитель,2.0,188.15,376.3,241.1,135.2
2868,2023-08-21,Офис,Новосибирск,Потребитель,4.0,329.55,1318.2,975.74,342.46
2869,2023-01-08,Канцелярия,Санкт-Петербург,Корпоратив,5.0,1239.24,6196.2,4751.03,1445.17
2870,2024-05-24,Канцелярия,Москва,Потребитель,13.0,310.62,4038.06,3147.79,890.27
2871,2024-01-01,Мебель,Санкт-Петербург,Корпоратив,,479.64,2877.84,2123.68,754.16
2872,2023-01-25,Канцелярия,Самара,Корпоратив,9.0,699.65,6296.85,3907.98,2388.87
2873,2023-12-30,Техника,Новосибирск,Корпоратив,3.0,120.85,362.55,207.44,155.11
2874,2023-04-01,Техника,Самара,Потребитель,34.0,541.58,18413.72,14062.42,4351.3
2875,2023-11-29,Офис,Москва,Потребитель,9.0,1181.11,10629.99,8342.96,2287.03
2876,2024-01-27,Дом и сад,Новосибирск,Потребитель,5.0,515.94,2579.7,1999.24,580.46
2877,2024-08-20,Техника,Екатеринбург,Корпоратив,17.0,260.56,4429.52,3181.57,1247.95
2878,2023-11-28,Канцелярия,Екатеринбург,Потребитель,14.0,1080.67,15129.38,12086.59,3042.79
2879,2024-10-17,Техника,Москва,Мелкий опт,10.0,545.46,5454.6,4291.38,1163.22
2880,2023-12-08,Офис,Самара,Потребитель,8.0,1549.06,12392.48,7524.48,4868.0
2881,2023-12-17,Техника,Новосибирск,Корпоратив,3.0,52.62,157.86,125.23,32.63
2882,2023-08-17,Техника,Екатеринбург,Корпоратив,9.0,973.08,8757.72,5478.02,3279.7
2883,2023-03-11,Офис,Санкт-Петербург,Корпоратив,15.0,138.79,2081.85,1462.52,619.33
2884,2023-05-16,Мебель,Новосибирск,Корпоратив,30.0,730.83,21924.9,13400.63,8524.27
2885,2023-02-14,Дом и сад,Екатеринбург,Корпоратив,5.0,1378.05,6890.25,4172.53,2717.72
2886,2024-11-16,Мебель,Новосибирск,Мелкий опт,22.0,1317.71,28989.62,17880.78,11108.84
2887,2024-12-31,Мебель,Москва,Корпоратив,62.0,176.1,10918.2,8424.45,2493.75
2888,2024-07-07,Офис,Самара,Потребитель,28.0,464.7,13011.6,9248.59,3763.01
2889,2023-08-14,Офис,Самара,Потребитель,15.0,375.21,5628.15,4134.55,1493.6
2890,2023-04-27,Канцелярия,Новосибирск,Мелкий опт,3.0,329.51,988.53,624.34,364.19
2891,2023-06-25,Канцелярия,Екатеринбург,Потребитель,9.0,202.35,1821.15,1113.39,707.76
2892,2023-03-16,Канцелярия,Новосибирск,Потребитель,52.0,255.39,13280.28,7572.32,5707.96
2893,2024-11-26,Мебель,Москва,Мелкий опт,6.0,167.23,1003.38,716.54,286.84
2894,2023-03-14,Дом и сад,Екатеринбург,Мелкий опт,2.0,793.88,1587.76,1240.78,346.98
2895,2023-08-19,Офис,Екатеринбург,Потребитель,5.0,191.36,956.8,571.58,385.22
2896,2023-07-06,Дом и сад,Новосибирск,Потребитель,12.0,469.12,5629.44,4405.33,1224.11
2897,2023-12-14,Офис,Санкт-Петербург,Потребитель,5.0,500.07,2500.35,1900.18,600.17
2898,2023-02-20,Канцелярия,Санкт-Петербург,Мелкий опт,1.0,347.27,347.27,210.58,136.69
2899,2024-04-16,Офис,Новосибирск,Потребитель,128.0,127.32,16296.96,10550.38,5746.58
2900,2023-09-12,Мебель,Екатеринбург,Потребитель,11.0,953.93,10493.23,8341.87,2151.36
2901,2023-03-05,Офис,Санкт-Петербург,Корпоратив,2.0,2220.22,4440.44,3376.59,1063.85
2902,2024-09-14,Канцелярия,Самара,Потребитель,15.0,105.37,1580.55,958.68,621.87
2903,2023-12-28,Техника,Москва,Потребитель,13.0,561.17,7295.21,5300.14,1995.07
2904,2023-10-28,Мебель,Екатеринбург,Потребитель,9.0,1020.67,9186.03,6447.04,2738.99
2905,2023-08-08,Техника,Новосибирск,Мелкий опт,6.0,946.77,5680.62,3837.05,1843.57
2906,2023-07-03,Офис,Москва,Мелкий опт,5.0,705.55,3527.75,1988.49,1539.26
2907,2024-10-11,Канцелярия,Санкт-Петербург,Корпоратив,7.0,101.78,712.46,410.95,301.51
2908,2023-02-12,Канцелярия,Новосибирск,Корпоратив,14.0,1154.39,16161.46,11510.19,4651.27
2909,2024-04-24,Офис,Москва,Потребитель,32.0,101.84,3258.88,2294.49,964.39
2910,2024-02-11,Офис,Санкт-Петербург,Потребитель,1.0,1044.44,1044.44,589.22,455.22
2911,2024-10-19,Дом и сад,Екатеринбург,Потребитель,13.0,306.0,3978.0,2934.73,1043.27
2912,2024-08-26,Офис,Новосибирск,Потребитель,10.0,822.77,8227.7,6346.94,1880.76
2913,2024-09-08,Дом и сад,Екатеринбург,Мелкий опт,3.0,846.77,2540.31,1714.33,825.98
2914,2024-08-01,Дом и сад,Самара,Потребитель,5.0,142.1,710.5,489.49,221.01
2915,2023-03-27,Дом и сад,Москва,Потребитель,6.0,400.49,2402.94,1860.68,542.26
2916,2023-10-15,Техника,Москва,Потребитель,20.0,307.33,6146.6,4720.13,1426.47
2917,2023-09-02,Техника,Самара,Мелкий опт,1.0,282.73,282.73,158.4,124.33
2918,2024-08-21,Канцелярия,Москва,Потребитель,4.0,334.03,1336.12,841.7,494.42
2919,2024-03-26,Техника,Новосибирск,Потребитель,15.0,328.91,4933.65,3894.07,1039.58
2920,2024-09-22,Техника,Новосибирск,Потребитель,56.0,472.95,26485.2,14782.55,11702.65
2921,2024-05-13,Канцелярия,Москва,Потребитель,68.0,252.8,17190.4,11542.16,5648.24
2922,2024-12-04,Дом и сад,Москва,Корпоратив,4.0,186.13,744.52,474.46,270.06
2923,2024-07-26,Офис,Москва,Потребитель,4.0,331.5,1326.0,986.06,339.94
2924,2023-10-30,Техника,Самара,Корпоратив,5.0,453.42,2267.1,1348.46,918.64
2925,2024-10-14,Офис,Москва,Потребитель,2.0,981.91,1963.82,1295.01,668.81
2926,2024-01-07,Техника,Самара,Потребитель,21.0,396.16,8319.36,5311.45,3007.91
2927,2024-07-31,Дом и сад,Новосибирск,Потребитель,3.0,323.07,969.21,711.59,257.62
2928,2024-11-13,Дом и сад,Санкт-Петербург,Корпоратив,12.0,727.1,8725.2,4890.64,3834.56
2929,2024-03-17,Дом и сад,Москва,Потребитель,3.0,278.28,834.84,602.38,232.46
2930,2023-01-16,Канцелярия,Санкт-Петербург,Корпоратив,,230.19,1381.14,1101.01,280.13
2931,2024-06-12,Канцелярия,Санкт-Петербург,Потребитель,3.0,1170.19,3510.57,2364.56,1146.01
2932,2023-03-23,Канцелярия,Самара,Потребитель,29.0,243.92,7073.68,4423.57,2650.11
2933,2024-02-28,Дом и сад,Новосибирск,Корпоратив,2.0,409.63,819.26,520.37,298.89
2934,2023-08-27,Офис,Новосибирск,Корпоратив,8.0,2421.36,19370.88,12071.77,7299.11
2935,2024-02-04,Дом и сад,Самара,Корпоратив,7.0,168.72,1181.04,737.73,443.31
2936,2024-05-26,Офис,Екатеринбург,Мелкий опт,8.0,737.93,5903.44,4674.27,1229.17
2937,2024-12-08,Дом и сад,Екатеринбург,Потребитель,20.0,161.44,3228.8,2403.82,824.98
2938,2023-01-26,Дом и сад,Москва,Мелкий опт,13.0,152.98,1988.74,1107.33,881.41
2939,2023-01-22,Дом и сад,Москва,Корпоратив,10.0,345.19,3451.9,1973.54,1478.36
2940,2024-04-29,Канцелярия,Самара,Корпоратив,5.0,927.04,4635.2,2662.37,1972.83
2941,2023-08-25,Техника,Новосибирск,Потребитель,16.0,1370.65,21930.4,17330.75,4599.65
2942,2023-03-31,Офис,Екатеринбург,Потребитель,1.0,356.51,356.51,243.17,113.34
2943,2024-07-14,Офис,Самара,Потребитель,10.0,900.66,9006.6,6926.23,2080.37
2944,2024-12-23,Офис,Екатеринбург,Потребитель,3.0,827.28,2481.84,1697.35,784.49
2945,2024-01-09,Дом и сад,Новосибирск,Потребитель,2.0,380.93,761.86,587.34,174.52
2946,2024-02-24,Канцелярия,Самара,Потребитель,10.0,268.74,2687.4,1544.85,1142.55
2947,2024-10-23,Дом и сад,Новосибирск,Потребитель,6.0,204.09,1224.54,912.56,311.98
2948,2024-04-26,Канцелярия,Самара,Мелкий опт,4.0,603.68,2414.72,1908.21,506.51
2949,2023-11-15,Дом и сад,Москва,Потребитель,5.0,124.66,623.3,373.15,250.15
2950,2024-05-14,Офис,Москва,Потребитель,7.0,140.44,983.08,772.37,210.71
2951,2023-07-10,Офис,Екатеринбург,Корпоратив,59.0,372.0,21948.0,13832.97,8115.03
2952,2023-04-04,Канцелярия,Москва,Корпоратив,8.0,798.2,6385.6,3848.33,2537.27
2953,2024-11-19,Дом и сад,Самара,Мелкий опт,6.0,465.2,2791.2,1979.62,811.58
2954,2023-09-27,Мебель,Москва,Корпоратив,9.0,674.15,6067.35,4719.66,1347.69
2955,2024-09-10,Техника,Екатеринбург,Потребитель,1.0,663.34,663.34,463.96,199.38
2956,2024-05-18,Офис,Москва,Корпоратив,4.0,1491.51,5966.04,3811.41,2154.63
2957,2024-01-06,Дом и сад,Екатеринбург,Потребитель,7.0,393.16,2752.12,2050.1,702.02
2958,2023-05-31,Канцелярия,Самара,Потребитель,14.0,212.5,2975.0,2115.78,859.22
2959,2024-10-19,Мебель,Москва,Потребитель,5.0,174.73,873.65,564.21,309.44
2960,2024-05-30,Дом и сад,Самара,Корпоратив,6.0,667.93,4007.58,2209.51,1798.07
2961,2024-10-06,Дом и сад,Санкт-Петербург,Потребитель,4.0,680.37,2721.48,1733.38,988.1
2962,2024-02-07,Канцелярия,Екатеринбург,Корпоратив,15.0,189.04,2835.6,2246.57,589.03
2963,2023-01-10,Канцелярия,Самара,Корпоратив,3.0,496.59,1489.77,870.44,619.33
2964,2024-07-16,Офис,Москва,Корпоратив,3.0,362.36,1087.08,612.9,474.18
2965,2023-12-29,Мебель,Екатеринбург,Мелкий опт,7.0,195.66,1369.62,798.4,571.22
2966,2023-10-26,Дом и сад,Новосибирск,Потребитель,49.0,419.42,20551.58,11385.5,9166.08
2967,2024-04-26,Офис,Новосибирск,Корпоратив,6.0,105.87,635.22,469.63,165.59
2968,2023-04-23,Офис,Санкт-Петербург,Корпоратив,2.0,395.27,790.54,609.34,181.2
2969,2024-10-24,Канцелярия,Екатеринбург,Потребитель,9.0,207.49,1867.41,1174.15,693.26
2970,2024-11-10,Канцелярия,Екатеринбург,Потребитель,7.0,160.79,1125.53,757.63,367.9
2971,2024-03-13,Техника,Москва,Потребитель,10.0,433.46,4334.6,3055.95,1278.65
2972,2023-02-01,Канцелярия,Москва,Мелкий опт,24.0,608.87,14612.88,9863.52,4749.36
2973,2024-05-03,Офис,Санкт-Петербург,Потребитель,4.0,422.52,1690.08,1105.24,584.84
2974,2023-11-03,Канцелярия,Екатеринбург,Потребитель,8.0,204.93,1639.44,1113.78,525.66
2975,2024-06-20,Дом и сад,Самара,Потребитель,10.0,604.71,6047.1,4322.03,1725.07
2976,2023-02-26,Мебель,Самара,Корпоратив,1.0,256.35,256.35,173.22,83.13
2977,2023-02-21,Техника,Санкт-Петербург,Потребитель,18.0,1596.92,28744.56,16366.3,12378.26
2978,2023-02-05,Офис,Новосибирск,Потребитель,5.0,1917.39,9586.95,5848.79,3738.16
2979,2024-08-11,Дом и сад,Санкт-Петербург,Потребитель,14.0,255.52,3577.28,2132.67,1444.61
2980,2024-09-25,Техника,Новосибирск,Корпоратив,3.0,670.42,2011.26,1447.23,564.03
2981,2024-11-26,Офис,Санкт-Петербург,Потребитель,17.0,164.26,2792.42,1585.8,1206.62
2982,2024-10-20,Техника,Самара,Корпоратив,3.0,161.69,485.07,299.0,186.07
2983,2024-12-03,Мебель,Санкт-Петербург,Мелкий опт,12.0,763.53,9162.36,6295.04,2867.32
2984,2023-04-03,Офис,Самара,Мелкий опт,5.0,946.25,4731.25,3048.11,1683.14
2985,2024-10-07,Дом и сад,Екатеринбург,Корпоратив,1.0,120.77,120.77,76.6,44.17
2986,2023-09-17,Дом и сад,Новосибирск,Потребитель,1.0,800.14,800.14,490.28,309.86
2987,2024-01-07,Канцелярия,Москва,Корпоратив,61.0,196.8,12004.8,9383.53,2621.27
2988,2023-01-05,Мебель,Самара,Потребитель,41.0,432.29,17723.89,13866.08,3857.81
2989,2023-04-17,Техника,Санкт-Петербург,Потребитель,14.0,826.32,11568.48,7325.6,4242.88
2990,2024-05-05,Дом и сад,Москва,Корпоратив,19.0,518.96,9860.24,5873.5,3986.74
2991,2023-03-18,Офис,Санкт-Петербург,Мелкий опт,8.0,2151.33,17210.64,12830.14,4380.5
2992,2024-06-08,Офис,Москва,Потребитель,2.0,618.82,1237.64,869.4,368.24
2993,2023-12-31,Канцелярия,Самара,Потребитель,9.0,1052.62,9473.58,6167.18,3306.4
2994,2024-09-09,Техника,Екатеринбург,Корпоратив,15.0,1544.11,23161.65,17655.03,5506.62
2995,2023-12-07,Дом и сад,Новосибирск,Потребитель,17.0,191.05,3247.85,1842.22,1405.63
2996,2024-01-19,Мебель,Санкт-Петербург,Потребитель,30.0,250.9,7527.0,5314.4,2212.6
2997,2024-04-26,Канцелярия,Новосибирск,Потребитель,12.0,385.07,4620.84,2976.38,1644.46
2998,2023-05-22,Дом и сад,Москва,Корпоратив,6.0,290.35,1742.1,1177.08,565.02
2999,2023-07-30,Дом и сад,Самара,Потребитель,4.0,246.33,985.32,581.61,403.71
3000,2024-07-15,Канцелярия,Самара,Корпоратив,2.0,324.9,649.8,391.57,258.23
3001,2023-10-17,Офис,Новосибирск,Корпоратив,56.0,644.33,36082.48,24627.7,11454.78
3002,2024-12-31,Техника,Екатеринбург,Потребитель,5.0,130.9,654.5,373.58,280.92
3003,2024-01-14,Дом и сад,Москва,Потребитель,1.0,781.57,781.57,513.6,267.97
3004,2023-02-28,Мебель,Самара,Корпоратив,6.0,181.54,1089.24,839.49,249.75
3005,2024-04-13,Техника,Москва,Потребитель,5.0,216.74,1083.7,757.43,326.27
3006,2024-06-16,Техника,Москва,Потребитель,22.0,173.83,3824.26,2255.04,1569.22
3007,2023-12-15,Канцелярия,Санкт-Петербург,Корпоратив,2.0,120.9,241.8,135.78,106.02
3008,2023-10-22,Дом и сад,Новосибирск,Корпоратив,22.0,389.68,8572.96,4832.2,3740.76
3009,2024-10-25,Дом и сад,Москва,Корпоратив,24.0,808.84,19412.16,12651.03,6761.13
3010,2024-11-17,Офис,Москва,Потребитель,23.0,1234.19,28386.37,21074.36,7312.01
3011,2024-07-03,Дом и сад,Санкт-Петербург,Потребитель,7.0,279.26,1954.82,1367.29,587.53
3012,2024-08-31,Канцелярия,Москва,Корпоратив,23.0,1095.7,25201.1,20035.15,5165.95
3013,2023-10-28,Офис,Москва,Мелкий опт,7.0,498.35,3488.45,1920.84,1567.61
3014,2024-03-19,Офис,Самара,Потребитель,3.0,1678.67,5036.01,3865.13,1170.88
3015,2023-10-12,Мебель,Екатеринбург,Корпоратив,22.0,720.66,15854.52,10871.6,4982.92
3016,2024-07-25,Мебель,Новосибирск,Потребитель,17.0,1063.89,18086.13,14424.39,3661.74
3017,2024-07-02,Дом и сад,Москва,Мелкий опт,7.0,103.18,722.26,446.56,275.7
3018,2024-12-07,Канцелярия,Екатеринбург,Корпоратив,8.0,323.08,2584.64,1580.33,1004.31
3019,2024-04-17,Дом и сад,Самара,Потребитель,4.0,464.61,1858.44,1412.45,445.99
3020,2023-06-14,Канцелярия,Санкт-Петербург,Потребитель,7.0,500.45,3503.15,1944.61,1558.54
3021,2023-10-29,Офис,Екатеринбург,Потребитель,3.0,264.62,793.86,557.11,236.75
3022,2024-03-29,Офис,Новосибирск,Потребитель,20.0,317.26,6345.2,4619.9,1725.3
3023,2023-10-03,Мебель,Новосибирск,Потребитель,5.0,108.86,544.3,433.16,111.14
3024,2023-07-05,Дом и сад,Самара,Корпоратив,33.0,137.15,4525.95,3579.36,946.59
3025,2023-01-23,Канцелярия,Москва,Корпоратив,11.0,156.42,1720.62,1143.01,577.61
3026,2024-01-20,Техника,Самара,Потребитель,6.0,415.47,2492.82,1950.54,542.28
3027,2024-12-30,Канцелярия,Москва,Корпоратив,6.0,754.06,4524.36,2549.0,1975.36
3028,2023-11-27,Мебель,Новосибирск,Потребитель,1.0,720.18,720.18,528.94,191.24
3029,2023-12-25,Техника,Новосибирск,Потребитель,15.0,2021.79,30326.85,22253.84,8073.01
3030,2024-03-30,Дом и сад,Санкт-Петербург,Мелкий опт,20.0,412.11,8242.2,4787.04,3455.16
3031,2023-01-30,Дом и сад,Москва,Корпоратив,1.0,501.54,501.54,368.94,132.6
3032,2023-07-12,Техника,Новосибирск,Мелкий опт,4.0,336.67,1346.68,869.97,476.71
3033,2023-01-10,Дом и сад,Екатеринбург,Потребитель,12.0,1329.92,15959.04,11767.99,4191.05
3034,2024-09-21,Дом и сад,Москва,Потребитель,11.0,410.84,4519.24,2903.25,1615.99
3035,2023-12-10,Канцелярия,Москва,Потребитель,7.0,1049.7,7347.9,5870.2,1477.7
3036,2024-06-29,Офис,Екатеринбург,Корпоратив,10.0,1017.84,10178.4,8072.35,2106.05
3037,2023-01-31,Офис,Москва,Корпоратив,4.0,366.2,1464.8,944.78,520.02
3038,2023-11-24,Мебель,Москва,Потребитель,9.0,621.51,5593.59,3415.52,2178.07
3039,2024-05-06,Канцелярия,Санкт-Петербург,Потребитель,6.0,850.43,5102.58,2852.93,2249.65
3040,2024-02-17,Техника,Санкт-Петербург,Корпоратив,11.0,424.73,4672.03,3527.68,1144.35
3041,2024-01-29,Мебель,Москва,Потребитель,6.0,795.43,4772.58,2932.77,1839.81
3042,2024-02-14,Мебель,Екатеринбург,Корпоратив,112.0,592.94,66409.28,49959.0,16450.28
3043,2024-01-30,Дом и сад,Новосибирск,Потребитель,4.0,1372.36,5489.44,3842.75,1646.69
3044,2023-04-11,Техника,Екатеринбург,Корпоратив,7.0,613.01,4291.07,2627.8,1663.27
3045,2023-12-13,Офис,Москва,Потребитель,11.0,273.67,3010.37,2255.3,755.07
3046,2023-09-09,Офис,Новосибирск,Корпоратив,11.0,661.69,7278.59,5555.74,1722.85
3047,2023-07-25,Дом и сад,Санкт-Петербург,Мелкий опт,7.0,283.22,1982.54,1443.84,538.7
3048,2024-06-08,Дом и сад,Санкт-Петербург,Потребитель,4.0,350.64,1402.56,1059.19,343.37
3049,2024-08-17,Канцелярия,Екатеринбург,Потребитель,8.0,231.79,1854.32,1047.28,807.04
3050,2023-03-19,Дом и сад,Екатеринбург,Корпоратив,24.0,1246.06,29905.44,17073.35,12832.09
3051,2023-09-03,Мебель,Новосибирск,Корпоратив,13.0,321.87,4184.31,2714.42,1469.89
3052,2024-09-11,Дом и сад,Новосибирск,Потребитель,22.0,316.79,6969.38,4895.55,2073.83
3053,2024-04-19,Мебель,Новосибирск,Мелкий опт,13.0,622.35,8090.55,6184.06,1906.49
3054,2023-01-17,Техника,Москва,Корпоратив,13.0,207.34,2695.42,2084.2,611.22
3055,2023-08-29,Мебель,Москва,Мелкий опт,8.0,598.18,4785.44,2974.61,1810.83
3056,2023-02-11,Техника,Екатеринбург,Потребитель,3.0,420.19,1260.57,927.63,332.94
3057,2024-10-26,Техника,Москва,Потребитель,10.0,871.28,8712.8,6739.76,1973.04
3058,2023-06-10,Дом и сад,Самара,Корпоратив,14.0,554.93,7769.02,5908.03,1860.99
3059,2024-04-19,Офис,Самара,Корпоратив,36.0,129.44,4659.84,3546.59,1113.25
3060,2024-09-10,Дом и сад,Москва,Мелкий опт,10.0,821.53,8215.3,5600.54,2614.76
3061,2024-04-12,Дом и сад,Новосибирск,Корпоратив,4.0,66.59,266.36,148.9,117.46
3062,2024-01-06,Мебель,Самара,Корпоратив,4.0,434.11,1736.44,958.32,778.12
3063,2024-11-28,Техника,Самара,Корпоратив,13.0,692.4,9001.2,5055.03,3946.17
3064,2024-05-31,Дом и сад,Самара,Потребитель,13.0,1290.0,16770.0,12198.57,4571.43
3065,2024-11-13,Канцелярия,Екатеринбург,Мелкий опт,36.0,543.18,19554.48,13644.15,5910.33
3066,2024-06-21,Дом и сад,Санкт-Петербург,Потребитель,45.0,1137.6,51192.0,33462.53,17729.47
3067,2023-04-17,Офис,Москва,Потребитель,18.0,413.75,7447.5,4640.01,2807.49
3068,2023-04-05,Мебель,Екатеринбург,Корпоратив,10.0,770.07,7700.7,5051.09,2649.61
3069,2024-01-22,Офис,Екатеринбург,Потребитель,33.0,807.83,26658.39,19025.24,7633.15
3070,2024-10-03,Канцелярия,Новосибирск,Потребитель,9.0,454.72,4092.48,2559.23,1533.25
3071,2024-08-05,Дом и сад,Самара,Потребитель,7.0,186.43,1305.01,931.05,373.96
3072,2024-10-01,Офис,Москва,Потребитель,5.0,384.41,1922.05,1235.63,686.42
3073,2024-04-08,Техника,Новосибирск,Потребитель,3.0,347.31,1041.93,619.26,422.67
3074,2023-07-31,Канцелярия,Екатеринбург,Корпоратив,32.0,148.32,4746.24,3310.63,1435.61
3075,2023-11-07,Дом и сад,Екатеринбург,Потребитель,4.0,984.24,3936.96,2261.86,1675.1
3076,2023-04-24,Офис,Самара,Корпоратив,67.0,447.25,29965.75,19178.31,10787.44
3077,2023-05-25,Канцелярия,Самара,Корпоратив,5.0,386.93,1934.65,1310.01,624.64
3078,2024-07-17,Канцелярия,Санкт-Петербург,Мелкий опт,5.0,74.43,372.15,212.25,159.9
3079,2023-01-02,Дом и сад,Санкт-Петербург,Потребитель,19.0,920.62,17491.78,11806.25,5685.53
3080,2024-10-21,Офис,Екатеринбург,Корпоратив,107.0,1445.96,154717.72,122408.45,32309.27
3081,2024-05-17,Канцелярия,Самара,Мелкий опт,21.0,394.58,8286.18,5252.6,3033.58
3082,2023-02-19,Дом и сад,Москва,Потребитель,5.0,783.16,3915.8,2708.21,1207.59
3083,2024-07-11,Техника,Екатеринбург,Потребитель,2.0,924.95,1849.9,1473.71,376.19
3084,2023-08-18,Офис,Самара,Потребитель,9.0,326.04,2934.36,2193.44,740.92
3085,2024-04-12,Техника,Самара,Потребитель,7.0,192.94,1350.58,765.89,584.69
3086,2023-06-13,Дом и сад,Санкт-Петербург,Потребитель,13.0,369.39,4802.07,2921.88,1880.19
3087,2023-02-18,Дом и сад,Екатеринбург,Потребитель,6.0,540.3,3241.8,2351.41,890.39
3088,2023-01-02,Канцелярия,Москва,Потребитель,5.0,1593.3,7966.5,4835.83,3130.67
3089,2023-09-12,Канцелярия,Екатеринбург,Потребитель,14.0,492.57,6895.98,5360.92,1535.06
3090,2024-01-14,Офис,Самара,Потребитель,52.0,305.5,15886.0,8944.8,6941.2
3091,2023-10-05,Техника,Самара,Потребитель,10.0,999.4,9994.0,6571.93,3422.07
3092,2024-07-21,Мебель,Новосибирск,Потребитель,6.0,119.83,718.98,542.45,176.53
3093,2024-12-16,Дом и сад,Самара,Корпоратив,16.0,964.79,15436.64,9039.31,6397.33
3094,2024-02-02,Офис,Москва,Потребитель,9.0,243.6,2192.4,1746.26,446.14
3095,2024-07-01,Канцелярия,Новосибирск,Потребитель,5.0,826.98,4134.9,2724.39,1410.51
3096,2024-10-01,Канцелярия,Санкт-Петербург,Корпоратив,17.0,578.33,9831.61,6433.1,3398.51
3097,2023-12-12,Техника,Новосибирск,Потребитель,1.0,690.25,690.25,513.47,176.78
3098,2024-03-10,Офис,Екатеринбург,Корпоратив,14.0,1095.88,15342.32,11213.76,4128.56
3099,2023-08-16,Офис,Москва,Корпоратив,4.0,533.13,2132.52,1398.44,734.08
3100,2023-11-11,Канцелярия,Санкт-Петербург,Корпоратив,3.0,269.47,808.41,558.72,249.69
3101,2023-04-25,Мебель,Екатеринбург,Потребитель,12.0,175.94,2111.28,1629.0,482.28
3102,2024-09-11,Дом и сад,Самара,Мелкий опт,17.0,334.11,5679.87,4162.92,1516.95
3103,2024-03-16,Техника,Екатеринбург,Корпоратив,6.0,607.11,3642.66,2780.76,861.9
3104,2023-08-31,Мебель,Санкт-Петербург,Потребитель,41.0,2021.85,82895.85,54067.41,28828.44
3105,2023-05-25,Дом и сад,Санкт-Петербург,Потребитель,10.0,458.51,4585.1,3423.84,1161.26
3106,2023-12-21,Офис,Москва,Мелкий опт,1.0,122.51,122.51,97.68,24.83
3107,2024-02-17,Дом и сад,Новосибирск,Потребитель,16.0,215.46,3447.36,2291.87,1155.49
3108,2024-07-16,Дом и сад,Москва,Корпоратив,7.0,384.86,2694.02,1799.98,894.04
3109,2023-09-11,Мебель,Москва,Корпоратив,6.0,286.71,1720.26,1321.16,399.1
3110,2023-07-06,Канцелярия,Москва,Потребитель,,66.22,1456.84,1027.07,429.77
3111,2024-05-26,Канцелярия,Екатеринбург,Потребитель,4.0,517.1,2068.4,1494.02,574.38
3112,2024-11-07,Дом и сад,Екатеринбург,Мелкий опт,44.0,763.87,33610.28,22269.67,11340.61
3113,2023-07-17,Мебель,Самара,Потребитель,14.0,294.71,4125.94,2999.87,1126.07
3114,2023-04-23,Техника,Новосибирск,Корпоратив,2.0,290.79,581.58,335.99,245.59
3115,2024-08-12,Дом и сад,Новосибирск,Потребитель,10.0,391.22,3912.2,2321.69,1590.51
3116,2023-05-15,Техника,Новосибирск,Корпоратив,35.0,485.99,17009.65,13056.22,3953.43
3117,2023-06-05,Дом и сад,Новосибирск,Мелкий опт,123.0,93.13,11454.99,8123.63,3331.36
3118,2024-01-15,Офис,Москва,Мелкий опт,3.0,724.59,2173.77,1715.73,458.04
3119,2023-01-03,Канцелярия,Новосибирск,Мелкий опт,7.0,563.11,3941.77,2318.42,1623.35
3120,2024-10-05,Офис,Екатеринбург,Потребитель,3.0,246.59,739.77,531.79,207.98
3121,2023-09-30,Офис,Екатеринбург,Корпоратив,2.0,709.35,1418.7,889.5,529.2
3122,2024-03-04,Канцелярия,Санкт-Петербург,Потребитель,13.0,155.76,2024.88,1242.44,782.44
3123,2024-02-26,Офис,Санкт-Петербург,Корпоратив,7.0,162.58,1138.06,732.6,405.46
3124,2023-05-10,Дом и сад,Москва,Мелкий опт,7.0,832.65,5828.55,4276.35,1552.2
3125,2024-04-22,Техника,Санкт-Петербург,Потребитель,25.0,1269.32,31733.0,25302.08,6430.92
3126,2023-06-14,Офис,Самара,Корпоратив,25.0,824.47,20611.75,11711.88,8899.87
3127,2023-07-25,Мебель,Санкт-Петербург,Потребитель,14.0,199.33,2790.62,1653.4,1137.22
3128,2024-12-09,Дом и сад,Санкт-Петербург,Потребитель,1.0,1567.98,1567.98,921.97,646.01
3129,2024-07-28,Офис,Екатеринбург,Потребитель,6.0,259.33,1555.98,962.53,593.45
3130,2023-10-06,Канцелярия,Москва,Корпоратив,10.0,177.34,1773.4,1375.65,397.75
3131,2024-02-02,Канцелярия,Екатеринбург,Корпоратив,10.0,235.19,2351.9,1347.11,1004.79
3132,2024-10-14,Дом и сад,Москва,Корпоратив,11.0,827.22,9099.42,5924.94,3174.48
3133,2024-07-08,Канцелярия,Санкт-Петербург,Потребитель,13.0,659.48,8573.24,5961.31,2611.93
3134,2024-03-15,Дом и сад,Новосибирск,Мелкий опт,14.0,171.37,2399.18,1722.85,676.33
3135,2024-01-13,Канцелярия,Самара,Мелкий опт,29.0,509.22,14767.38,9586.16,5181.22
3136,2023-04-03,Офис,Новосибирск,Потребитель,10.0,962.99,9629.9,5687.6,3942.3
3137,2024-11-29,Дом и сад,Москва,Потребитель,8.0,440.33,3522.64,2132.49,1390.15
3138,2024-03-16,Офис,Санкт-Петербург,Потребитель,4.0,819.23,3276.92,1851.77,1425.15
3139,2023-01-04,Техника,Новосибирск,Корпоратив,7.0,626.59,4386.13,3136.52,1249.61
3140,2024-06-17,Техника,Екатеринбург,Корпоратив,15.0,585.69,8785.35,5624.38,3160.97
3141,2023-09-20,Канцелярия,Москва,Корпоратив,11.0,496.99,5466.89,3623.09,1843.8
3142,2023-01-02,Дом и сад,Санкт-Петербург,Корпоратив,3.0,78.37,235.11,169.59,65.52
3143,2023-02-24,Офис,Санкт-Петербург,Потребитель,20.0,1725.23,34504.6,19580.05,14924.55
3144,2024-06-04,Дом и сад,Екатеринбург,Потребитель,4.0,81.57,326.28,193.21,133.07
3145,2023-07-01,Техника,Самара,Потребитель,5.0,628.13,3140.65,1763.7,1376.95
3146,2023-03-07,Дом и сад,Самара,Потребитель,12.0,253.98,3047.76,1962.62,1085.14
3147,2024-02-10,Офис,Санкт-Петербург,Потребитель,0.0,1053.83,0.0,0.0,0.0
3148,2023-11-20,Офис,Самара,Потребитель,4.0,2162.24,8648.96,5824.77,2824.19
3149,2024-02-14,Офис,Москва,Мелкий опт,2.0,287.15,574.3,341.25,233.05
3150,2024-01-05,Канцелярия,Санкт-Петербург,Потребитель,21.0,1653.2,34717.2,20949.64,13767.56
3151,2024-02-01,Техника,Новосибирск,Корпоратив,5.0,942.25,4711.25,3333.84,1377.41
3152,2023-05-22,Техника,Самара,Корпоратив,1.0,961.18,961.18,734.21,226.97
3153,2024-01-08,Канцелярия,Екатеринбург,Мелкий опт,18.0,304.4,5479.2,3452.12,2027.08
3154,2024-11-16,Мебель,Новосибирск,Корпоратив,1.0,546.15,546.15,331.27,214.88
3155,2023-04-11,Техника,Самара,Потребитель,9.0,461.0,4149.0,2683.63,1465.37
3156,2024-05-05,Канцелярия,Москва,Потребитель,6.0,169.04,1014.24,793.45,220.79
3157,2023-06-07,Техника,Москва,Корпоратив,4.0,649.94,2599.76,2009.06,590.7
3158,2023-07-13,Канцелярия,Самара,Корпоратив,4.0,473.7,1894.8,1075.98,818.82
3159,2024-01-17,Канцелярия,Санкт-Петербург,Мелкий опт,7.0,557.45,3902.15,2173.11,1729.04
3160,2024-08-04,Техника,Санкт-Петербург,Потребитель,22.0,691.46,15212.12,9110.59,6101.53
3161,2024-11-27,Дом и сад,Москва,Корпоратив,3.0,191.95,575.85,407.83,168.02
3162,2024-11-25,Дом и сад,Новосибирск,Потребитель,7.0,931.97,6523.79,4743.32,1780.47
3163,2023-03-06,Офис,Екатеринбург,Потребитель,5.0,492.68,2463.4,1402.24,1061.16
3164,2023-08-23,Канцелярия,Новосибирск,Потребитель,43.0,370.32,15923.76,9130.54,6793.22
3165,2024-07-11,Техника,Новосибирск,Потребитель,22.0,162.68,3578.96,2314.52,1264.44
3166,2024-04-18,Мебель,Екатеринбург,Мелкий опт,5.0,343.82,1719.1,1053.92,665.18
3167,2024-02-01,Канцелярия,Екатеринбург,Мелкий опт,1.0,543.79,543.79,375.29,168.5
3168,2023-04-28,Офис,Москва,Потребитель,14.0,1432.94,20061.16,14783.43,5277.73
3169,2024-09-01,Мебель,Самара,Корпоратив,18.0,489.92,8818.56,6796.01,2022.55
3170,2024-01-22,Канцелярия,Новосибирск,Потребитель,1.0,899.41,899.41,695.14,204.27
3171,2024-05-01,Мебель,Москва,Корпоратив,2.0,696.64,1393.28,872.73,520.55
3172,2023-01-04,Канцелярия,Екатеринбург,Корпоратив,8.0,1214.7,9717.6,6760.66,2956.94
3173,2024-02-24,Техника,Екатеринбург,Корпоратив,22.0,919.01,20218.22,15743.85,4474.37
3174,2024-05-29,Канцелярия,Екатеринбург,Потребитель,8.0,848.45,6787.6,4835.68,1951.92
3175,2023-07-22,Дом и сад,Новосибирск,Потребитель,5.0,226.45,1132.25,843.48,288.77
3176,2024-04-22,Канцелярия,Екатеринбург,Потребитель,13.0,2395.45,31140.85,24022.61,7118.24
3177,2023-01-02,Техника,Екатеринбург,Потребитель,1.0,962.46,962.46,543.39,419.07
3178,2023-08-08,Техника,Новосибирск,Корпоратив,12.0,165.03,1980.36,1299.36,681.0
3179,2023-10-14,Дом и сад,Санкт-Петербург,Потребитель,11.0,383.28,4216.08,3244.82,971.26
3180,2023-08-05,Офис,Самара,Потребитель,21.0,701.89,14739.69,9480.3,5259.39
3181,2024-08-16,Канцелярия,Москва,Потребитель,25.0,176.03,4400.75,2567.93,1832.82
3182,2023-02-18,Дом и сад,Самара,Потребитель,1.0,97.76,97.76,55.4,42.36
3183,2024-03-29,Канцелярия,Самара,Корпоратив,8.0,376.74,3013.92,1869.83,1144.09
3184,2024-06-05,Техника,Самара,Корпоратив,40.0,629.25,25170.0,14878.92,10291.08
3185,2024-02-26,Дом и сад,Москва,Потребитель,11.0,633.74,6971.14,4557.84,2413.3
3186,2024-02-04,Офис,Санкт-Петербург,Мелкий опт,5.0,153.32,766.6,556.61,209.99
3187,2023-10-17,Техника,Екатеринбург,Потребитель,5.0,366.08,1830.4,1357.7,472.7
3188,2024-02-18,Дом и сад,Екатеринбург,Потребитель,13.0,192.2,2498.6,1884.14,614.46
3189,2024-05-06,Техника,Москва,Корпоратив,7.0,81.23,568.61,374.83,193.78
3190,2024-05-30,Офис,Санкт-Петербург,Корпоратив,17.0,593.78,10094.26,6697.28,3396.98
3191,2023-01-18,Дом и сад,Екатеринбург,Корпоратив,9.0,377.55,3397.95,2360.08,1037.87
3192,2023-07-01,Канцелярия,Санкт-Петербург,Потребитель,3.0,250.67,752.01,470.7,281.31
3193,2024-05-06,Канцелярия,Санкт-Петербург,Мелкий опт,0.0,405.83,0.0,0.0,0.0
3194,2024-12-28,Техника,Новосибирск,Потребитель,20.0,365.63,7312.6,5766.43,1546.17
3195,2024-06-15,Мебель,Новосибирск,Потребитель,1.0,167.77,167.77,98.08,69.69
3196,2023-02-13,Дом и сад,Самара,Потребитель,8.0,115.35,922.8,660.59,262.21
3197,2024-01-30,Офис,Самара,Корпоратив,5.0,753.1,3765.5,2961.69,803.81
3198,2024-03-31,Техника,Москва,Корпоратив,2.0,231.82,463.64,358.77,104.87
3199,2023-10-24,Техника,Москва,Корпоратив,24.0,56.4,1353.6,960.86,392.74
3200,2024-01-22,Техника,Москва,Корпоратив,1.0,388.1,388.1,218.58,169.52
3201,2023-09-30,Офис,Самара,Мелкий опт,5.0,735.23,3676.15,2244.63,1431.52
3202,2024-10-02,Техника,Москва,Потребитель,8.0,1704.88,13639.04,7798.54,5840.5
3203,2023-11-04,Мебель,Санкт-Петербург,Потребитель,2.0,403.86,807.72,593.46,214.26
3204,2023-02-25,Мебель,Новосибирск,Потребитель,14.0,3027.27,42381.78,30467.2,11914.58
3205,2024-02-05,Дом и сад,Самара,Корпоратив,10.0,622.77,6227.7,4301.07,1926.63
3206,2023-04-11,Техника,Екатеринбург,Потребитель,16.0,261.8,4188.8,2659.03,1529.77
3207,2023-01-22,Дом и сад,Москва,Потребитель,4.0,2210.91,8843.64,6690.5,2153.14
3208,2024-06-19,Дом и сад,Новосибирск,Потребитель,4.0,280.08,1120.32,729.51,390.81
3209,2023-11-06,Мебель,Москва,Потребитель,22.0,598.29,13162.38,8715.24,4447.14
3210,2024-01-12,Дом и сад,Новосибирск,Потребитель,8.0,804.69,6437.52,3579.43,2858.09
3211,2023-08-26,Дом и сад,Самара,Потребитель,30.0,261.1,7833.0,5593.7,2239.3
3212,2024-07-22,Канцелярия,Санкт-Петербург,Потребитель,18.0,93.29,1679.22,1040.01,639.21
3213,2024-10-15,Канцелярия,Новосибирск,Корпоратив,23.0,385.5,8866.5,6982.93,1883.57
3214,2024-05-18,Мебель,Санкт-Петербург,Потребитель,2.0,280.64,561.28,371.85,189.43
3215,2023-07-03,Канцелярия,Самара,Потребитель,43.0,1016.27,43699.61,28512.32,15187.29
3216,2023-01-14,Техника,Екатеринбург,Потребитель,6.0,330.07,1980.42,1092.66,887.76
3217,2023-08-29,Канцелярия,Москва,Корпоратив,9.0,1275.15,11476.35,8601.06,2875.29
3218,2024-10-04,Дом и сад,Самара,Корпоратив,23.0,448.88,10324.24,7348.14,2976.1
3219,2024-10-26,Дом и сад,Екатеринбург,Мелкий опт,15.0,814.36,12215.4,8137.02,4078.38
3220,2023-07-13,Канцелярия,Екатеринбург,Корпоратив,14.0,772.54,10815.56,6691.99,4123.57
3221,2023-10-29,Дом и сад,Новосибирск,Корпоратив,47.0,85.74,4029.78,2865.25,1164.53
3222,2024-05-02,Дом и сад,Санкт-Петербург,Потребитель,4.0,599.18,2396.72,1388.55,1008.17
3223,2024-04-25,Офис,Новосибирск,Мелкий опт,8.0,233.98,1871.84,1126.14,745.7
3224,2023-09-25,Канцелярия,Новосибирск,Потребитель,7.0,485.74,3400.18,1882.56,1517.62
3225,2023-01-22,Дом и сад,Новосибирск,Потребитель,31.0,564.45,17497.95,9939.98,7557.97
3226,2024-03-18,Офис,Самара,Корпоратив,8.0,114.31,914.48,691.74,222.74
3227,2023-10-03,Техника,Москва,Потребитель,7.0,400.95,2806.65,1735.41,1071.24
3228,2023-11-01,Канцелярия,Москва,Потребитель,7.0,142.33,996.31,563.04,433.27
3229,2024-07-29,Мебель,Санкт-Петербург,Корпоратив,26.0,277.5,7215.0,5432.87,1782.13
3230,2024-01-19,Техника,Москва,Потребитель,29.0,1457.12,42256.48,25123.9,17132.58
3231,2024-03-16,Мебель,Самара,Корпоратив,8.0,144.16,1153.28,709.89,443.39
3232,2023-08-04,Техника,Санкт-Петербург,Корпоратив,1.0,83.2,83.2,54.94,28.26
3233,2023-05-20,Техника,Москва,Корпоратив,15.0,1795.08,26926.2,15745.82,11180.38
3234,2023-06-25,Канцелярия,Москва,Корпоратив,18.0,387.8,6980.4,5132.31,1848.09
3235,2023-11-28,Канцелярия,Самара,Корпоратив,16.0,710.93,11374.88,8844.7,2530.18
3236,2023-03-11,Дом и сад,Самара,Потребитель,4.0,106.97,427.88,317.15,110.73
3237,2024-04-23,Офис,Санкт-Петербург,Потребитель,38.0,719.16,27328.08,19800.38,7527.7
3238,2024-07-19,Мебель,Самара,Потребитель,14.0,575.0,8050.0,5341.13,2708.87
3239,2024-02-23,Офис,Москва,Мелкий опт,5.0,2189.33,10946.65,6661.45,4285.2
3240,2024-02-27,Офис,Москва,Корпоратив,7.0,424.66,2972.62,1831.71,1140.91
3241,2023-09-14,Офис,Екатеринбург,Мелкий опт,4.0,367.08,1468.32,964.85,503.47
3242,2024-01-31,Дом и сад,Екатеринбург,Потребитель,12.0,165.42,1985.04,1357.86,627.18
3243,2024-04-09,Дом и сад,Санкт-Петербург,Потребитель,6.0,483.8,2902.8,2174.61,728.19
3244,2024-02-09,Дом и сад,Новосибирск,Потребитель,,661.21,8595.73,6809.26,1786.47
3245,2023-11-26,Дом и сад,Санкт-Петербург,Корпоратив,1.0,203.1,203.1,112.84,90.26
3246,2023-11-02,Мебель,Самара,Потребитель,4.0,213.8,855.2,656.85,198.35
3247,2024-10-24,Техника,Санкт-Петербург,Потребитель,2.0,261.92,523.84,325.51,198.33
3248,2023-09-30,Офис,Екатеринбург,Потребитель,5.0,861.56,4307.8,2868.31,1439.49
3249,2024-01-10,Дом и сад,Самара,Мелкий опт,15.0,412.6,6189.0,4114.44,2074.56
3250,2023-06-01,Канцелярия,Екатеринбург,Корпоратив,62.0,729.84,45250.08,27651.72,17598.36
3251,2023-08-12,Дом и сад,Новосибирск,Потребитель,6.0,184.29,1105.74,859.59,246.15
3252,2023-04-12,Офис,Екатеринбург,Потребитель,9.0,308.68,2778.12,1881.8,896.32
3253,2023-04-03,Мебель,Санкт-Петербург,Потребитель,8.0,446.7,3573.6,2689.02,884.58
3254,2024-12-12,Дом и сад,Самара,Корпоратив,9.0,290.11,2610.99,1882.15,728.84
3255,2023-12-07,Дом и сад,Самара,Корпоратив,49.0,225.89,11068.61,8227.01,2841.6
3256,2023-02-25,Дом и сад,Москва,Потребитель,16.0,750.68,12010.88,7276.71,4734.17
3257,2024-08-26,Дом и сад,Самара,Потребитель,7.0,480.68,3364.76,2464.27,900.49
3258,2024-08-09,Канцелярия,Москва,Потребитель,6.0,1005.97,6035.82,3720.62,2315.2
3259,2024-11-15,Техника,Санкт-Петербург,Потребитель,7.0,202.67,1418.69,1051.61,367.08
3260,2024-04-03,Офис,Санкт-Петербург,Потребитель,15.0,495.25,7428.75,5204.72,2224.03
3261,2024-01-23,Офис,Самара,Мелкий опт,3.0,592.85,1778.55,1404.48,374.07
3262,2024-04-04,Офис,Екатеринбург,Потребитель,17.0,266.61,4532.37,3233.41,1298.96
3263,2024-04-03,Техника,Екатеринбург,Потребитель,3.0,260.12,780.36,434.04,346.32
3264,2024-02-08,Канцелярия,Новосибирск,Корпоратив,12.0,346.92,4163.04,3152.41,1010.63
3265,2024-06-19,Офис,Новосибирск,Корпоратив,8.0,48.93,391.44,220.92,170.52
3266,2023-07-21,Канцелярия,Санкт-Петербург,Корпоратив,9.0,867.75,7809.75,4668.8,3140.95
3267,2023-04-24,Канцелярия,Санкт-Петербург,Корпоратив,2.0,301.96,603.92,433.8,170.12
3268,2023-07-30,Техника,Новосибирск,Потребитель,17.0,125.6,2135.2,1483.72,651.48
3269,2024-02-15,Канцелярия,Новосибирск,Мелкий опт,64.0,652.53,41761.92,29716.94,12044.98
3270,2023-06-29,Офис,Екатеринбург,Потребитель,13.0,423.78,5509.14,3982.31,1526.83
3271,2023-10-24,Техника,Новосибирск,Потребитель,12.0,203.58,2442.96,1863.99,578.97
3272,2023-01-01,Техника,Екатеринбург,Корпоратив,9.0,280.92,2528.28,2010.21,518.07
3273,2024-06-21,Офис,Екатеринбург,Мелкий опт,1.0,300.38,300.38,167.81,132.57
3274,2024-10-24,Канцелярия,Екатеринбург,Потребитель,16.0,219.57,3513.12,2676.18,836.94
3275,2023-04-19,Дом и сад,Екатеринбург,Корпоратив,45.0,681.73,30677.85,22123.25,8554.6
3276,2024-01-26,Техника,Санкт-Петербург,Мелкий опт,4.0,1377.98,5511.92,3727.58,1784.34
3277,2023-08-23,Техника,Санкт-Петербург,Мелкий опт,,841.78,3367.12,2252.88,1114.24
3278,2023-07-22,Дом и сад,Москва,Потребитель,20.0,551.26,11025.2,8524.06,2501.14
3279,2023-10-22,Канцелярия,Самара,Корпоратив,33.0,711.44,23477.52,17299.67,6177.85
3280,2023-08-23,Офис,Новосибирск,Потребитель,49.0,83.91,4111.59,2332.93,1778.66
3281,2024-03-19,Офис,Самара,Корпоратив,2.0,1080.43,2160.86,1700.43,460.43
3282,2023-10-16,Офис,Новосибирск,Потребитель,49.0,335.3,16429.7,11602.58,4827.12
3283,2024-01-20,Мебель,Екатеринбург,Потребитель,9.0,1024.18,9217.62,6456.4,2761.22
3284,2023-07-13,Мебель,Москва,Корпоратив,7.0,474.26,3319.82,1947.5,1372.32
3285,2024-02-16,Дом и сад,Новосибирск,Потребитель,24.0,863.9,20733.6,13862.85,6870.75
3286,2023-04-03,Офис,Санкт-Петербург,Потребитель,4.0,427.08,1708.32,953.37,754.95
3287,2023-07-23,Офис,Екатеринбург,Корпоратив,9.0,331.31,2981.79,1917.84,1063.95
3288,2024-08-10,Дом и сад,Москва,Корпоратив,14.0,670.82,9391.48,6081.74,3309.74
3289,2023-03-04,Канцелярия,Екатеринбург,Корпоратив,12.0,1406.15,16873.8,13184.7,3689.1
3290,2024-04-17,Техника,Новосибирск,Потребитель,9.0,189.8,1708.2,960.98,747.22
3291,2024-07-21,Офис,Самара,Мелкий опт,7.0,1239.28,8674.96,6657.79,2017.17
3292,2023-08-07,Дом и сад,Москва,Корпоратив,6.0,69.73,418.38,233.7,184.68
3293,2024-08-20,Техника,Екатеринбург,Потребитель,17.0,451.92,7682.64,5958.56,1724.08
3294,2023-05-21,Дом и сад,Санкт-Петербург,Потребитель,8.0,2001.01,16008.08,10090.16,5917.92
3295,2023-02-03,Техника,Екатеринбург,Корпоратив,3.0,270.24,810.72,588.35,222.37
3296,2023-11-25,Канцелярия,Самара,Потребитель,14.0,1199.09,16787.26,13059.34,3727.92
3297,2023-12-27,Офис,Екатеринбург,Корпоратив,10.0,1200.3,12003.0,9403.65,2599.35
3298,2023-11-28,Канцелярия,Москва,Корпоратив,2.0,1248.43,2496.86,1711.51,785.35
3299,2024-07-03,Офис,Москва,Потребитель,6.0,258.83,1552.98,867.45,685.53
3300,2023-03-01,Дом и сад,Санкт-Петербург,Потребитель,20.0,172.92,3458.4,2113.28,1345.12
3301,2023-02-20,Офис,Самара,Корпоратив,11.0,317.4,3491.4,2765.83,725.57
3302,2024-11-17,Техника,Москва,Корпоратив,5.0,300.4,1502.0,1138.23,363.77
3303,2024-09-26,Дом и сад,Самара,Корпоратив,13.0,1709.38,22221.94,16353.6,5868.34
3304,2024-08-11,Дом и сад,Екатеринбург,Потребитель,9.0,213.41,1920.69,1165.03,755.66
3305,2023-08-19,Дом и сад,Санкт-Петербург,Мелкий опт,26.0,722.94,18796.44,14432.84,4363.6
3306,2023-12-01,Канцелярия,Москва,Потребитель,3.0,315.67,947.01,640.99,306.02
3307,2024-05-28,Дом и сад,Екатеринбург,Мелкий опт,2.0,522.21,1044.42,820.54,223.88
3308,2023-06-07,Техника,Москва,Потребитель,4.0,167.78,671.12,417.89,253.23
3309,2024-11-12,Дом и сад,Самара,Корпоратив,13.0,351.62,4571.06,3552.7,1018.36
3310,2023-06-24,Офис,Москва,Потребитель,4.0,248.34,993.36,546.44,446.92
3311,2023-05-10,Мебель,Новосибирск,Потребитель,21.0,336.58,7068.18,5172.74,1895.44
3312,2024-07-23,Канцелярия,Екатеринбург,Потребитель,20.0,96.14,1922.8,1099.6,823.2
3313,2023-08-03,Канцелярия,Самара,Потребитель,34.0,107.36,3650.24,2444.2,1206.04
3314,2024-07-19,Дом и сад,Санкт-Петербург,Потребитель,2.0,181.02,362.04,235.29,126.75
3315,2024-09-12,Дом и сад,Екатеринбург,Корпоратив,16.0,1097.97,17567.52,11784.95,5782.57
3316,2024-07-14,Техника,Санкт-Петербург,Корпоратив,4.0,166.51,666.04,506.47,159.57
3317,2024-10-19,Офис,Екатеринбург,Потребитель,9.0,637.13,5734.17,4193.19,1540.98
3318,2023-01-14,Канцелярия,Самара,Потребитель,27.0,68.17,1840.59,1183.69,656.9
3319,2023-04-08,Канцелярия,Москва,Потребитель,6.0,1066.66,6399.96,4331.47,2068.49
3320,2024-02-28,Офис,Москва,Мелкий опт,9.0,274.2,2467.8,1616.57,851.23
3321,2023-01-13,Канцелярия,Самара,Корпоратив,5.0,336.51,1682.55,1191.44,491.11
3322,2023-02-11,Техника,Санкт-Петербург,Корпоратив,42.0,1057.72,44424.24,25050.71,19373.53
3323,2023-11-12,Офис,Москва,Корпоратив,12.0,82.67,992.04,636.19,355.85
3324,2024-08-20,Дом и сад,Самара,Мелкий опт,17.0,448.33,7621.61,4874.5,2747.11
3325,2023-03-25,Дом и сад,Москва,Потребитель,14.0,682.92,9560.88,5297.44,4263.44
3326,2024-03-05,Техника,Самара,Потребитель,3.0,1302.93,3908.79,2361.75,1547.04
3327,2024-02-02,Дом и сад,Новосибирск,Корпоратив,5.0,806.17,4030.85,2690.97,1339.88
3328,2024-12-13,Мебель,Москва,Потребитель,11.0,105.64,1162.04,779.41,382.63
3329,2024-08-22,Офис,Екатеринбург,Потребитель,12.0,199.48,2393.76,1345.23,1048.53
3330,2024-04-01,Мебель,Новосибирск,Потребитель,2.0,459.0,918.0,667.19,250.81
3331,2023-03-07,Техника,Новосибирск,Мелкий опт,4.0,195.01,780.04,455.45,324.59
3332,2024-01-05,Дом и сад,Москва,Корпоратив,6.0,436.66,2619.96,2083.05,536.91
3333,2023-09-08,Офис,Москва,Корпоратив,34.0,270.11,9183.74,6530.44,2653.3
3334,2024-12-10,Мебель,Санкт-Петербург,Мелкий опт,15.0,1127.77,16916.55,10094.61,6821.94
3335,2024-03-17,Дом и сад,Москва,Мелкий опт,1.0,95.76,95.76,69.04,26.72
3336,2024-10-24,Офис,Москва,Потребитель,4.0,334.92,1339.68,1042.69,296.99
3337,2024-12-02,Канцелярия,Самара,Потребитель,3.0,432.19,1296.57,832.63,463.94
3338,2023-12-20,Канцелярия,Москва,Потребитель,33.0,149.09,4919.97,2782.32,2137.65
3339,2024-06-04,Мебель,Санкт-Петербург,Потребитель,3.0,417.31,1251.93,976.99,274.94
3340,2023-08-02,Офис,Санкт-Петербург,Потребитель,8.0,170.85,1366.8,926.25,440.55
3341,2024-03-09,Дом и сад,Санкт-Петербург,Корпоратив,48.0,306.32,14703.36,11119.3,3584.06
3342,2023-10-19,Дом и сад,Самара,Мелкий опт,8.0,104.87,838.96,487.59,351.37
3343,2024-02-26,Мебель,Екатеринбург,Мелкий опт,23.0,285.55,6567.65,3712.49,2855.16
3344,2024-11-04,Офис,Екатеринбург,Мелкий опт,66.0,1035.9,68369.4,40819.26,27550.14
3345,2023-02-23,Техника,Самара,Потребитель,6.0,462.95,2777.7,1759.86,1017.84
3346,2024-11-21,Офис,Москва,Корпоратив,3.0,514.77,1544.31,1171.61,372.7
3347,2023-10-29,Мебель,Екатеринбург,Потребитель,24.0,612.63,14703.12,8963.03,5740.09
3348,2023-12-07,Офис,Екатеринбург,Потребитель,23.0,371.21,8537.83,4719.27,3818.56
3349,2024-05-23,Канцелярия,Санкт-Петербург,Потребитель,9.0,2347.55,21127.95,12301.46,8826.49
3350,2024-04-05,Мебель,Санкт-Петербург,Потребитель,9.0,1894.58,17051.22,13353.02,3698.2
3351,2024-02-10,Офис,Самара,Корпоратив,4.0,921.85,3687.4,2792.71,894.69
3352,2023-08-26,Мебель,Санкт-Петербург,Корпоратив,17.0,645.3,10970.1,8480.7,2489.4
3353,2023-02-04,Офис,Самара,Мелкий опт,17.0,400.25,6804.25,5118.26,1685.99
3354,2024-10-13,Мебель,Самара,Мелкий опт,28.0,459.52,12866.56,10092.26,2774.3
3355,2024-04-16,Канцелярия,Самара,Корпоратив,23.0,78.88,1814.24,1401.85,412.39
3356,2024-05-10,Канцелярия,Санкт-Петербург,Потребитель,25.0,187.95,4698.75,3664.43,1034.32
3357,2023-01-22,Дом и сад,Москва,Потребитель,2.0,404.45,808.9,643.61,165.29
3358,2024-11-30,Техника,Екатеринбург,Потребитель,9.0,503.5,4531.5,3013.9,1517.6
3359,2023-11-29,Дом и сад,Санкт-Петербург,Потребитель,7.0,609.35,4265.45,3144.26,1121.19
3360,2023-09-10,Дом и сад,Новосибирск,Корпоратив,12.0,88.42,1061.04,761.23,299.81
3361,2024-09-18,Техника,Екатеринбург,Корпоратив,7.0,1127.69,7893.83,4455.47,3438.36
3362,2023-11-23,Дом и сад,Москва,Потребитель,3.0,310.93,932.79,655.03,277.76
3363,2024-08-25,Канцелярия,Екатеринбург,Потребитель,8.0,388.09,3104.72,2357.35,747.37
3364,2023-10-10,Мебель,Москва,Потребитель,3.0,238.35,715.05,551.89,163.16
3365,2023-06-03,Дом и сад,Екатеринбург,Потребитель,,503.88,3023.28,1778.23,1245.05
3366,2024-11-21,Дом и сад,Екатеринбург,Мелкий опт,15.0,264.17,3962.55,2790.72,1171.83
3367,2024-12-20,Техника,Санкт-Петербург,Потребитель,2.0,149.69,299.38,234.4,64.98
3368,2024-06-04,Канцелярия,Новосибирск,Корпоратив,71.0,168.05,11931.55,8344.78,3586.77
3369,2024-11-02,Канцелярия,Екатеринбург,Корпоратив,2.0,446.18,892.36,654.99,237.37
3370,2024-10-09,Офис,Москва,Мелкий опт,9.0,612.64,5513.76,3802.02,1711.74
3371,2023-08-17,Канцелярия,Москва,Потребитель,7.0,160.77,1125.39,866.61,258.78
3372,2024-06-08,Мебель,Москва,Потребитель,15.0,719.08,10786.2,6272.87,4513.33
3373,2024-08-07,Дом и сад,Самара,Потребитель,4.0,242.83,971.32,692.34,278.98
3374,2023-04-27,Мебель,Москва,Потребитель,13.0,329.52,4283.76,2364.8,1918.96
3375,2023-06-12,Мебель,Самара,Потребитель,4.0,199.34,797.36,593.15,204.21
3376,2023-03-26,Техника,Новосибирск,Потребитель,9.0,219.06,1971.54,1209.6,761.94
3377,2024-04-26,Канцелярия,Екатеринбург,Корпоратив,11.0,35.7,392.7,222.36,170.34
3378,2023-05-20,Офис,Самара,Потребитель,40.0,575.23,23009.2,16471.68,6537.52
3379,2023-12-09,Офис,Москва,Потребитель,6.0,1195.41,7172.46,4689.29,2483.17
3380,2023-04-01,Дом и сад,Екатеринбург,Потребитель,4.0,445.8,1783.2,1153.44,629.76
3381,2023-01-23,Канцелярия,Санкт-Петербург,Корпоратив,4.0,653.49,2613.96,1770.32,843.64
3382,2024-12-04,Дом и сад,Новосибирск,Потребитель,45.0,453.66,20414.7,14985.38,5429.32
3383,2024-06-15,Мебель,Санкт-Петербург,Потребитель,7.0,536.66,3756.62,2858.43,898.19
3384,2024-07-29,Канцелярия,Новосибирск,Потребитель,55.0,1460.5,80327.5,48822.32,31505.18
3385,2023-02-09,Дом и сад,Москва,Мелкий опт,3.0,245.59,736.77,578.96,157.81
3386,2024-12-04,Техника,Москва,Потребитель,18.0,717.67,12918.06,9282.32,3635.74
3387,2023-09-05,Офис,Москва,Потребитель,4.0,991.55,3966.2,3022.76,943.44
3388,2024-04-17,Техника,Екатеринбург,Корпоратив,25.0,418.84,10471.0,7980.7,2490.3
3389,2023-03-25,Дом и сад,Санкт-Петербург,Потребитель,2.0,215.03,430.06,300.51,129.55
3390,2023-03-16,Канцелярия,Екатеринбург,Потребитель,16.0,357.16,5714.56,4500.75,1213.81
3391,2023-04-18,Канцелярия,Санкт-Петербург,Потребитель,3.0,406.65,1219.95,964.86,255.09
3392,2023-06-12,Мебель,Екатеринбург,Потребитель,4.0,1471.96,5887.84,3510.04,2377.8
3393,2023-01-26,Техника,Санкт-Петербург,Корпоратив,10.0,145.16,1451.6,977.78,473.82
3394,2023-03-29,Техника,Новосибирск,Корпоратив,8.0,281.22,2249.76,1444.02,805.74
3395,2024-03-28,Офис,Новосибирск,Потребитель,7.0,346.63,2426.41,1801.7,624.71
3396,2023-01-07,Канцелярия,Москва,Потребитель,10.0,510.06,5100.6,3257.17,1843.43
3397,2023-11-23,Офис,Москва,Потребитель,9.0,829.29,7463.61,5299.03,2164.58
3398,2023-04-18,Офис,Москва,Потребитель,8.0,196.77,1574.16,930.93,643.23
3399,2023-10-28,Дом и сад,Новосибирск,Потребитель,2.0,1675.57,3351.14,2498.39,852.75
3400,2023-06-24,Канцелярия,Екатеринбург,Корпоратив,6.0,784.22,4705.32,3121.66,1583.66
3401,2024-06-09,Офис,Самара,Корпоратив,18.0,195.92,3526.56,1992.25,1534.31
3402,2023-02-18,Дом и сад,Самара,Потребитель,43.0,534.81,22996.83,14874.05,8122.78
3403,2024-03-22,Офис,Самара,Потребитель,15.0,503.9,7558.5,5225.76,2332.74
3404,2023-03-06,Дом и сад,Екатеринбург,Потребитель,5.0,301.39,1506.95,927.8,579.15
3405,2023-07-11,Офис,Самара,Потребитель,46.0,226.98,10441.08,7508.44,2932.64
3406,2024-10-15,Офис,Екатеринбург,Корпоратив,10.0,676.7,6767.0,4445.23,2321.77
3407,2023-10-29,Дом и сад,Самара,Потребитель,2.0,255.77,511.54,287.28,224.26
3408,2024-10-16,Дом и сад,Санкт-Петербург,Корпоратив,32.0,141.72,4535.04,2678.36,1856.68
3409,2023-03-05,Техника,Новосибирск,Потребитель,9.0,816.38,7347.42,4543.86,2803.56
3410,2024-11-20,Техника,Новосибирск,Потребитель,71.0,565.39,40142.69,26726.43,13416.26
3411,2023-09-18,Дом и сад,Санкт-Петербург,Мелкий опт,27.0,235.23,6351.21,5001.01,1350.2
3412,2023-06-08,Техника,Москва,Мелкий опт,12.0,269.45,3233.4,2410.83,822.57
3413,2024-07-03,Офис,Москва,Корпоратив,3.0,115.92,347.76,213.23,134.53
3414,2023-02-01,Канцелярия,Екатеринбург,Потребитель,2.0,581.42,1162.84,699.3,463.54
3415,2024-12-16,Офис,Екатеринбург,Мелкий опт,13.0,1127.15,14652.95,9235.1,5417.85
3416,2024-06-17,Дом и сад,Самара,Корпоратив,17.0,249.37,4239.29,2412.82,1826.47
3417,2023-10-29,Офис,Новосибирск,Корпоратив,34.0,252.35,8579.9,5078.4,3501.5
3418,2024-07-09,Офис,Самара,Мелкий опт,24.0,120.58,2893.92,2162.18,731.74
3419,2023-05-03,Канцелярия,Самара,Потребитель,7.0,503.62,3525.34,2098.24,1427.1
3420,2024-03-26,Канцелярия,Самара,Потребитель,6.0,499.47,2996.82,1999.2,997.62
3421,2023-04-10,Дом и сад,Санкт-Петербург,Потребитель,4.0,585.45,2341.8,1492.93,848.87
3422,2023-12-17,Канцелярия,Самара,Потребитель,22.0,392.7,8639.4,6130.04,2509.36
3423,2023-12-07,Техника,Новосибирск,Мелкий опт,51.0,708.78,36147.78,27405.75,8742.03
3424,2024-01-19,Техника,Самара,Потребитель,10.0,244.99,2449.9,1473.89,976.01
3425,2023-02-11,Техника,Санкт-Петербург,Мелкий опт,3.0,44.2,132.6,86.32,46.28
3426,2023-03-23,Техника,Санкт-Петербург,Корпоратив,22.0,352.71,7759.62,5407.35,2352.27
3427,2023-10-30,Дом и сад,Самара,Потребитель,24.0,486.3,11671.2,8368.62,3302.58
3428,2023-12-19,Дом и сад,Москва,Корпоратив,15.0,350.78,5261.7,3213.44,2048.26
3429,2023-06-25,Дом и сад,Самара,Потребитель,31.0,698.79,21662.49,14733.97,6928.52
3430,2023-06-18,Техника,Самара,Потребитель,7.0,110.72,775.04,495.47,279.57
3431,2023-11-26,Офис,Екатеринбург,Мелкий опт,22.0,1851.54,40733.88,30771.07,9962.81
3432,2023-02-12,Канцелярия,Екатеринбург,Корпоратив,20.0,978.73,19574.6,11943.62,7630.98
3433,2024-12-08,Офис,Самара,Корпоратив,16.0,1676.39,26822.24,20188.03,6634.21
3434,2024-05-06,Техника,Новосибирск,Корпоратив,2.0,1138.38,2276.76,1503.06,773.7
3435,2023-04-19,Дом и сад,Санкт-Петербург,Потребитель,13.0,585.68,7613.84,5669.0,1944.84
3436,2024-10-17,Техника,Самара,Потребитель,5.0,246.51,1232.55,696.43,536.12
3437,2023-08-09,Офис,Москва,Мелкий опт,10.0,696.97,6969.7,4030.8,2938.9
3438,2023-11-05,Канцелярия,Москва,Потребитель,1.0,394.32,394.32,251.26,143.06
3439,2024-10-26,Канцелярия,Екатеринбург,Потребитель,4.0,344.78,1379.12,945.62,433.5
3440,2024-04-02,Техника,Самара,Корпоратив,4.0,1063.98,4255.92,2999.17,1256.75
3441,2024-08-15,Дом и сад,Самара,Корпоратив,34.0,414.86,14105.24,9673.36,4431.88
3442,2023-12-25,Техника,Самара,Мелкий опт,6.0,1594.1,9564.6,6908.23,2656.37
3443,2023-02-02,Канцелярия,Новосибирск,Потребитель,13.0,682.4,8871.2,7084.91,1786.29
3444,2024-12-07,Канцелярия,Москва,Корпоратив,51.0,171.63,8753.13,6926.29,1826.84
3445,2023-05-27,Мебель,Новосибирск,Корпоратив,26.0,198.63,5164.38,3272.73,1891.65
3446,2024-05-28,Дом и сад,Самара,Потребитель,15.0,326.5,4897.5,3368.38,1529.12
3447,2024-05-24,Техника,Москва,Потребитель,7.0,1445.36,10117.52,6832.88,3284.64
3448,2024-01-16,Офис,Москва,Корпоратив,13.0,216.65,2816.45,1852.03,964.42
3449,2023-11-10,Офис,Самара,Корпоратив,4.0,514.94,2059.76,1383.34,676.42
3450,2024-12-18,Канцелярия,Самара,Потребитель,14.0,410.5,5747.0,4027.91,1719.09
3451,2023-07-02,Техника,Новосибирск,Потребитель,18.0,328.38,5910.84,4433.79,1477.05
3452,2023-05-21,Дом и сад,Москва,Потребитель,2.0,970.87,1941.74,1547.4,394.34
3453,2023-07-12,Канцелярия,Новосибирск,Потребитель,22.0,222.26,4889.72,3235.41,1654.31
3454,2023-09-08,Офис,Санкт-Петербург,Потребитель,4.0,104.56,418.24,238.51,179.73
3455,2024-04-19,Дом и сад,Новосибирск,Потребитель,40.0,105.62,4224.8,3279.26,945.54
3456,2024-11-01,Дом и сад,Санкт-Петербург,Потребитель,7.0,219.62,1537.34,1170.54,366.8
3457,2024-05-25,Офис,Самара,Корпоратив,7.0,118.0,826.0,471.63,354.37
3458,2023-05-03,Дом и сад,Санкт-Петербург,Мелкий опт,31.0,99.65,3089.15,2224.99,864.16
3459,2024-06-14,Дом и сад,Новосибирск,Потребитель,7.0,300.38,2102.66,1405.9,696.76
3460,2023-08-09,Офис,Екатеринбург,Корпоратив,4.0,89.3,357.2,273.35,83.85
3461,2024-02-11,Дом и сад,Самара,Потребитель,31.0,974.77,30217.87,20618.56,9599.31
3462,2023-01-21,Офис,Новосибирск,Корпоратив,,284.77,3986.78,2596.66,1390.12
3463,2023-02-15,Офис,Москва,Потребитель,19.0,185.29,3520.51,2592.16,928.35
3464,2024-05-21,Техника,Новосибирск,Корпоратив,2.0,191.11,382.22,212.23,169.99
3465,2023-08-12,Дом и сад,Новосибирск,Потребитель,13.0,229.99,2989.87,1900.6,1089.27
3466,2023-08-20,Офис,Самара,Потребитель,24.0,511.65,12279.6,8610.27,3669.33
3467,2024-03-28,Канцелярия,Самара,Потребитель,16.0,127.86,2045.76,1432.35,613.41
3468,2023-02-15,Канцелярия,Санкт-Петербург,Потребитель,3.0,163.69,491.07,332.82,158.25
3469,2024-01-04,Мебель,Новосибирск,Потребитель,6.0,391.5,2349.0,1523.6,825.4
3470,2024-10-28,Дом и сад,Новосибирск,Корпоратив,4.0,206.32,825.28,557.64,267.64
3471,2023-04-09,Офис,Самара,Корпоратив,5.0,292.22,1461.1,984.65,476.45
3472,2024-01-22,Техника,Новосибирск,Корпоратив,4.0,776.69,3106.76,2140.38,966.38
3473,2024-06-01,Канцелярия,Екатеринбург,Потребитель,10.0,1210.04,12100.4,9189.52,2910.88
3474,2024-02-25,Мебель,Москва,Потребитель,12.0,176.03,2112.36,1359.37,752.99
3475,2023-02-20,Офис,Санкт-Петербург,Потребитель,0.0,1341.53,0.0,0.0,0.0
3476,2024-10-03,Канцелярия,Новосибирск,Потребитель,8.0,178.09,1424.72,1054.77,369.95
3477,2023-02-01,Дом и сад,Екатеринбург,Корпоратив,2.0,916.4,1832.8,1011.93,820.87
3478,2023-08-04,Дом и сад,Санкт-Петербург,Потребитель,3.0,529.75,1589.25,1032.0,557.25
3479,2024-04-05,Канцелярия,Екатеринбург,Потребитель,39.0,368.25,14361.75,9686.06,4675.69
3480,2023-06-12,Канцелярия,Самара,Потребитель,5.0,447.41,2237.05,1652.34,584.71
3481,2024-07-19,Канцелярия,Екатеринбург,Мелкий опт,6.0,158.94,953.64,697.73,255.91
3482,2023-01-06,Дом и сад,Самара,Потребитель,6.0,201.94,1211.64,735.84,475.8
3483,2024-11-04,Дом и сад,Новосибирск,Мелкий опт,1.0,575.34,575.34,413.73,161.61
3484,2024-06-05,Канцелярия,Екатеринбург,Потребитель,26.0,954.9,24827.4,14562.78,10264.62
3485,2023-05-29,Офис,Новосибирск,Потребитель,4.0,134.33,537.32,423.38,113.94
3486,2023-08-13,Офис,Самара,Мелкий опт,3.0,320.73,962.19,592.78,369.41
3487,2023-10-22,Канцелярия,Самара,Мелкий опт,14.0,182.26,2551.64,1459.38,1092.26
3488,2024-08-06,Офис,Екатеринбург,Мелкий опт,32.0,2339.39,74860.48,53310.22,21550.26
3489,2023-10-10,Дом и сад,Екатеринбург,Мелкий опт,3.0,236.62,709.86,453.58,256.28
3490,2024-12-08,Канцелярия,Новосибирск,Потребитель,13.0,568.63,7392.19,5201.84,2190.35
3491,2024-12-16,Мебель,Самара,Потребитель,3.0,566.7,1700.1,1224.42,475.68
3492,2023-11-01,Дом и сад,Самара,Потребитель,5.0,128.84,644.2,386.09,258.11
3493,2023-03-15,Дом и сад,Екатеринбург,Потребитель,6.0,124.35,746.1,539.98,206.12
3494,2024-03-06,Мебель,Москва,Мелкий опт,42.0,2382.73,100074.66,75326.88,24747.78
3495,2023-12-26,Офис,Самара,Потребитель,24.0,261.72,6281.28,4474.46,1806.82
3496,2023-04-04,Дом и сад,Москва,Потребитель,11.0,542.07,5962.77,3388.47,2574.3
3497,2024-05-29,Дом и сад,Екатеринбург,Потребитель,6.0,265.15,1590.9,1126.54,464.36
3498,2023-03-14,Техника,Москва,Мелкий опт,5.0,1164.09,5820.45,3781.72,2038.73
3499,2023-05-05,Канцелярия,Екатеринбург,Потребитель,3.0,660.78,1982.34,1469.18,513.16
3500,2023-07-01,Канцелярия,Новосибирск,Потребитель,39.0,805.2,31402.8,18686.37,12716.43
3501,2023-10-23,Техника,Самара,Мелкий опт,24.0,225.32,5407.68,4263.22,1144.46
3502,2024-01-11,Дом и сад,Самара,Потребитель,10.0,404.44,4044.4,2232.39,1812.01
3503,2024-09-11,Мебель,Новосибирск,Потребитель,12.0,400.93,4811.16,3835.52,975.64
3504,2023-08-08,Дом и сад,Екатеринбург,Мелкий опт,7.0,546.48,3825.36,2639.22,1186.14
3505,2023-02-02,Техника,Санкт-Петербург,Корпоратив,2.0,697.42,-1.0,775.67,619.17
3506,2023-01-14,Канцелярия,Екатеринбург,Потребитель,3.0,844.02,2532.06,1992.42,539.64
3507,2024-02-04,Мебель,Москва,Потребитель,23.0,492.06,11317.38,7100.35,4217.03
3508,2023-11-15,Канцелярия,Москва,Мелкий опт,13.0,176.47,2294.11,1444.98,849.13
3509,2024-02-16,Канцелярия,Санкт-Петербург,Мелкий опт,34.0,388.91,13222.94,8191.82,5031.12
3510,2024-07-02,Техника,Новосибирск,Потребитель,18.0,353.25,6358.5,4788.79,1569.71
3511,2023-10-18,Техника,Самара,Потребитель,5.0,401.23,2006.15,1561.68,444.47
3512,2024-05-11,Канцелярия,Екатеринбург,Мелкий опт,4.0,543.66,2174.64,1327.56,847.08
3513,2023-05-09,Техника,Санкт-Петербург,Мелкий опт,0.0,687.13,0.0,0.0,0.0
3514,2024-09-22,Канцелярия,Москва,Потребитель,17.0,476.34,8097.78,6114.55,1983.23
3515,2023-08-25,Дом и сад,Самара,Корпоратив,20.0,1086.99,21739.8,13493.25,8246.55
3516,2024-12-31,Офис,Самара,Корпоратив,8.0,292.59,2340.72,1315.31,1025.41
3517,2024-06-08,Техника,Новосибирск,Потребитель,7.0,223.39,1563.73,1167.83,395.9
3518,2024-09-20,Дом и сад,Санкт-Петербург,Мелкий опт,2.0,889.97,1779.94,1254.07,525.87
3519,2023-07-09,Дом и сад,Новосибирск,Корпоратив,13.0,270.05,3510.65,2329.88,1180.77
3520,2024-04-19,Канцелярия,Москва,Потребитель,2.0,714.55,1429.1,1010.38,418.72
3521,2024-05-17,Канцелярия,Москва,Потребитель,14.0,1018.94,14265.16,8354.98,5910.18
3522,2023-02-11,Дом и сад,Самара,Потребитель,4.0,190.02,760.08,571.64,188.44
3523,2023-11-15,Канцелярия,Екатеринбург,Потребитель,7.0,512.93,3590.51,2826.54,763.97
3524,2024-10-20,Дом и сад,Москва,Потребитель,15.0,592.03,8880.45,6819.27,2061.18
3525,2024-03-07,Дом и сад,Новосибирск,Мелкий опт,6.0,577.54,-1.0,2406.99,1058.25
3526,2024-05-23,Дом и сад,Санкт-Петербург,Потребитель,3.0,703.81,-1.0,1238.97,872.46
3527,2023-07-15,Офис,Самара,Корпоратив,6.0,616.45,3698.7,2134.13,1564.57
3528,2024-11-04,Дом и сад,Новосибирск,Потребитель,4.0,647.7,2590.8,2003.91,586.89
3529,2023-05-12,Мебель,Санкт-Петербург,Корпоратив,3.0,196.17,588.51,355.74,232.77
3530,2023-05-20,Офис,Новосибирск,Корпоратив,3.0,494.79,1484.37,862.45,621.92
3531,2023-11-08,Офис,Екатеринбург,Мелкий опт,47.0,159.31,7487.57,4518.82,2968.75
3532,2023-12-11,Дом и сад,Самара,Потребитель,7.0,389.47,2726.29,1950.33,775.96
3533,2023-09-27,Мебель,Екатеринбург,Потребитель,8.0,1445.04,11560.32,6833.67,4726.65
3534,2024-12-22,Дом и сад,Новосибирск,Корпоратив,7.0,1442.51,10097.57,5779.78,4317.79
3535,2024-04-05,Техника,Москва,Корпоратив,3.0,665.01,1995.03,1317.77,677.26
3536,2023-05-19,Офис,Москва,Корпоратив,19.0,144.57,2746.83,1893.57,853.26
3537,2024-03-14,Дом и сад,Новосибирск,Потребитель,18.0,662.51,11925.18,7644.88,4280.3
3538,2023-02-20,Мебель,Москва,Корпоратив,25.0,588.28,14707.0,11261.42,3445.58
3539,2023-01-20,Мебель,Екатеринбург,Потребитель,16.0,174.02,2784.32,1890.04,894.28
3540,2023-11-23,Офис,Москва,Потребитель,8.0,352.18,2817.44,1794.43,1023.01
3541,2023-04-13,Офис,Екатеринбург,Потребитель,2.0,225.15,450.3,316.3,134.0
3542,2024-02-18,Дом и сад,Москва,Корпоратив,1.0,292.7,292.7,192.05,100.65
3543,2024-04-20,Офис,Москва,Потребитель,9.0,253.96,2285.64,1758.37,527.27
3544,2023-06-16,Мебель,Москва,Корпоратив,6.0,127.77,766.62,515.07,251.55
3545,2024-08-16,Дом и сад,Новосибирск,Мелкий опт,40.0,50.44,2017.6,1401.1,616.5
3546,2023-04-17,Офис,Москва,Потребитель,9.0,1338.79,12049.11,8532.6,3516.51
3547,2023-12-29,Офис,Екатеринбург,Потребитель,4.0,1324.89,5299.56,3385.96,1913.6
3548,2024-05-22,Мебель,Самара,Потребитель,9.0,353.0,3177.0,2209.53,967.47
3549,2023-11-06,Дом и сад,Москва,Мелкий опт,5.0,127.06,635.3,422.34,212.96
3550,2023-06-26,Офис,Самара,Потребитель,6.0,352.96,2117.76,1173.7,944.06
3551,2024-12-21,Офис,Самара,Потребитель,13.0,275.4,3580.2,2407.85,1172.35
3552,2023-10-08,Техника,Самара,Потребитель,4.0,33.05,132.2,96.44,35.76
3553,2023-12-01,Офис,Самара,Мелкий опт,3.0,344.35,1033.05,798.04,235.01
3554,2024-07-17,Офис,Екатеринбург,Мелкий опт,15.0,1030.34,15455.1,12248.21,3206.89
3555,2023-09-22,Техника,Санкт-Петербург,Потребитель,14.0,323.27,4525.78,3284.8,1240.98
3556,2024-11-10,Дом и сад,Самара,Потребитель,15.0,1572.79,23591.85,13856.6,9735.25
3557,2023-08-07,Дом и сад,Екатеринбург,Мелкий опт,4.0,296.32,1185.28,872.54,312.74
3558,2024-01-21,Техника,Москва,Потребитель,11.0,2064.1,22705.1,14925.2,7779.9
3559,2023-09-02,Техника,Новосибирск,Корпоратив,2.0,80.34,160.68,127.74,32.94
3560,2024-01-10,Дом и сад,Москва,Корпоратив,16.0,263.94,4223.04,3376.58,846.46
3561,2023-08-27,Офис,Новосибирск,Потребитель,23.0,633.75,14576.25,8526.41,6049.84
3562,2024-11-03,Дом и сад,Екатеринбург,Корпоратив,4.0,889.93,3559.72,2405.28,1154.44
3563,2023-12-30,Дом и сад,Екатеринбург,Корпоратив,72.0,109.53,7886.16,6152.21,1733.95
3564,2024-07-09,Офис,Санкт-Петербург,Потребитель,3.0,1598.11,4794.33,3001.99,1792.34
3565,2023-12-17,Дом и сад,Москва,Потребитель,26.0,611.61,15901.86,8828.65,7073.21
3566,2023-08-18,Мебель,Новосибирск,Потребитель,26.0,134.65,3500.9,2795.85,705.05
3567,2023-04-10,Дом и сад,Москва,Потребитель,4.0,97.25,389.0,270.78,118.22
3568,2024-06-28,Офис,Екатеринбург,Мелкий опт,17.0,345.48,5873.16,3459.01,2414.15
3569,2024-01-19,Мебель,Екатеринбург,Корпоратив,18.0,166.12,2990.16,2331.98,658.18
3570,2024-12-28,Канцелярия,Санкт-Петербург,Потребитель,18.0,391.67,7050.06,4059.46,2990.6
3571,2023-07-19,Канцелярия,Санкт-Петербург,Корпоратив,12.0,367.13,4405.56,2841.25,1564.31
3572,2023-08-18,Дом и сад,Екатеринбург,Мелкий опт,4.0,458.21,1832.84,1285.24,547.6
3573,2024-12-05,Канцелярия,Самара,Потребитель,17.0,201.71,3429.07,2143.49,1285.58
3574,2023-09-30,Мебель,Москва,Потребитель,35.0,465.54,16293.9,12144.46,4149.44
3575,2024-08-27,Офис,Санкт-Петербург,Потребитель,24.0,233.42,5602.08,4193.76,1408.32
3576,2023-03-10,Техника,Санкт-Петербург,Потребитель,15.0,4230.53,63457.95,42042.18,21415.77
3577,2023-06-19,Дом и сад,Санкт-Петербург,Корпоратив,12.0,283.48,3401.76,2123.49,1278.27
3578,2023-05-30,Мебель,Новосибирск,Корпоратив,3.0,451.36,1354.08,894.98,459.1
3579,2023-07-15,Дом и сад,Москва,Потребитель,8.0,338.89,2711.12,1888.72,822.4
3580,2024-12-30,Дом и сад,Самара,Потребитель,4.0,552.74,2210.96,1498.35,712.61
3581,2023-12-06,Офис,Москва,Корпоратив,13.0,1368.32,17788.16,13704.76,4083.4
3582,2024-05-10,Техника,Новосибирск,Потребитель,1.0,514.15,514.15,284.79,229.36
3583,2023-04-09,Офис,Москва,Корпоратив,11.0,231.11,2542.21,1601.44,940.77
3584,2023-09-18,Дом и сад,Москва,Потребитель,14.0,643.06,9002.84,7179.61,1823.23
3585,2024-11-18,Мебель,Самара,Потребитель,14.0,350.38,4905.32,3547.76,1357.56
3586,2023-08-15,Мебель,Самара,Потребитель,4.0,214.12,856.48,531.99,324.49
3587,2023-10-19,Офис,Москва,Потребитель,7.0,512.15,3585.05,2413.21,1171.84
3588,2024-09-23,Дом и сад,Москва,Потребитель,,273.14,8467.34,6247.02,2220.32
3589,2024-03-08,Канцелярия,Новосибирск,Корпоратив,32.0,2437.7,78006.4,47188.94,30817.46
3590,2024-07-08,Офис,Санкт-Петербург,Корпоратив,8.0,222.61,1780.88,1269.14,511.74
3591,2024-02-29,Дом и сад,Новосибирск,Потребитель,,706.45,1412.9,1027.46,385.44
3592,2024-05-09,Канцелярия,Новосибирск,Потребитель,36.0,320.14,11525.04,6667.0,4858.04
3593,2023-08-23,Дом и сад,Москва,Потребитель,8.0,504.86,4038.88,3223.22,815.66
3594,2024-02-05,Канцелярия,Екатеринбург,Мелкий опт,12.0,352.58,4230.96,2654.71,1576.25
3595,2023-01-16,Мебель,Екатеринбург,Потребитель,13.0,326.66,4246.58,2507.44,1739.14
3596,2023-05-12,Офис,Самара,Потребитель,1.0,182.35,182.35,129.97,52.38
3597,2024-10-06,Дом и сад,Санкт-Петербург,Потребитель,26.0,577.29,15009.54,10097.27,4912.27
3598,2023-11-10,Канцелярия,Санкт-Петербург,Корпоратив,7.0,581.52,4070.64,3149.82,920.82
3599,2024-03-01,Офис,Самара,Потребитель,9.0,327.24,2945.16,2109.66,835.5
3600,2023-03-29,Дом и сад,Новосибирск,Корпоратив,7.0,123.1,861.7,618.71,242.99
3601,2024-07-01,Канцелярия,Самара,Корпоратив,13.0,594.41,7727.33,4753.77,2973.56
3602,2023-11-21,Техника,Москва,Потребитель,1.0,440.12,440.12,305.78,134.34
3603,2023-12-10,Дом и сад,Самара,Потребитель,3.0,1188.73,-1.0,2577.26,988.93
3604,2024-10-21,Мебель,Санкт-Петербург,Потребитель,44.0,151.61,6670.84,4078.64,2592.2
3605,2023-06-17,Техника,Москва,Корпоратив,23.0,715.41,16454.43,9582.78,6871.65
3606,2023-03-22,Канцелярия,Новосибирск,Потребитель,2.0,163.7,327.4,253.43,73.97
3607,2023-05-24,Канцелярия,Новосибирск,Корпоратив,12.0,2343.76,28125.12,17679.49,10445.63
3608,2024-11-27,Дом и сад,Новосибирск,Потребитель,4.0,630.92,2523.68,1620.86,902.82
3609,2024-12-28,Мебель,Москва,Потребитель,9.0,585.55,5269.95,3951.9,1318.05
3610,2023-04-12,Техника,Новосибирск,Потребитель,17.0,342.49,5822.33,3314.8,2507.53
3611,2024-11-04,Офис,Екатеринбург,Корпоратив,19.0,564.24,10720.56,6747.34,3973.22
3612,2024-09-10,Офис,Новосибирск,Корпоратив,9.0,103.79,934.11,664.7,269.41
3613,2023-08-17,Техника,Новосибирск,Потребитель,5.0,899.16,4495.8,3393.87,1101.93
3614,2024-03-31,Офис,Москва,Корпоратив,11.0,795.93,8755.23,6602.67,2152.56
3615,2024-09-14,Канцелярия,Самара,Корпоратив,13.0,330.54,4297.02,2865.13,1431.89
3616,2024-11-25,Дом и сад,Самара,Потребитель,17.0,716.11,12173.87,8360.41,3813.46
3617,2024-08-27,Дом и сад,Москва,Потребитель,44.0,296.44,13043.36,8685.34,4358.02
3618,2024-05-17,Дом и сад,Санкт-Петербург,Потребитель,20.0,666.17,13323.4,8108.44,5214.96
3619,2024-03-12,Техника,Санкт-Петербург,Корпоратив,51.0,153.14,7810.14,5862.1,1948.04
3620,2024-03-26,Техника,Екатеринбург,Потребитель,16.0,85.56,1368.96,962.81,406.15
3621,2024-01-16,Дом и сад,Самара,Корпоратив,4.0,222.96,891.84,667.76,224.08
3622,2023-03-23,Мебель,Самара,Корпоратив,6.0,173.38,1040.28,796.43,243.85
3623,2023-03-04,Дом и сад,Новосибирск,Потребитель,6.0,140.74,844.44,669.27,175.17
3624,2023-09-28,Офис,Москва,Потребитель,7.0,1001.94,7013.58,4427.62,2585.96
3625,2023-02-28,Офис,Екатеринбург,Мелкий опт,7.0,1293.8,9056.6,6912.29,2144.31
3626,2024-04-07,Дом и сад,Новосибирск,Корпоратив,4.0,357.59,1430.36,840.62,589.74
3627,2023-07-24,Канцелярия,Санкт-Петербург,Потребитель,6.0,834.82,5008.92,2757.93,2250.99
3628,2024-09-23,Техника,Москва,Потребитель,19.0,1041.98,19797.62,13720.07,6077.55
3629,2023-02-11,Офис,Самара,Потребитель,11.0,254.46,2799.06,2091.21,707.85
3630,2024-08-01,Дом и сад,Москва,Корпоратив,27.0,119.5,3226.5,2484.73,741.77
3631,2024-10-11,Канцелярия,Екатеринбург,Потребитель,3.0,419.09,1257.27,727.38,529.89
3632,2024-05-27,Техника,Новосибирск,Корпоратив,4.0,324.78,1299.12,950.6,348.52
3633,2024-04-30,Канцелярия,Москва,Потребитель,13.0,761.81,9903.53,6783.64,3119.89
3634,2023-06-09,Дом и сад,Екатеринбург,Потребитель,4.0,216.45,865.8,659.38,206.42
3635,2023-04-27,Дом и сад,Москва,Корпоратив,11.0,1693.58,18629.38,14017.3,4612.08
3636,2024-09-07,Дом и сад,Екатеринбург,Мелкий опт,57.0,208.31,11873.67,9251.49,2622.18
3637,2024-07-12,Канцелярия,Санкт-Петербург,Потребитель,1.0,72.08,72.08,53.9,18.18
3638,2023-03-15,Мебель,Москва,Потребитель,8.0,360.34,2882.72,1934.03,948.69
3639,2023-05-18,Канцелярия,Москва,Корпоратив,3.0,178.37,535.11,369.08,166.03
3640,2024-01-15,Канцелярия,Санкт-Петербург,Потребитель,9.0,195.61,1760.49,1111.03,649.46
3641,2024-11-24,Офис,Новосибирск,Мелкий опт,70.0,450.78,31554.6,21688.39,9866.21
3642,2024-09-18,Техника,Москва,Мелкий опт,14.0,218.47,3058.58,1789.46,1269.12
3643,2024-02-14,Мебель,Санкт-Петербург,Потребитель,5.0,343.04,1715.2,1078.54,636.66
3644,2023-03-05,Офис,Самара,Мелкий опт,0.0,301.12,0.0,0.0,0.0
3645,2023-12-09,Техника,Санкт-Петербург,Потребитель,4.0,314.89,1259.56,837.19,422.37
3646,2023-11-14,Мебель,Самара,Мелкий опт,4.0,361.33,1445.32,953.38,491.94
3647,2023-05-30,Мебель,Екатеринбург,Корпоратив,22.0,1248.37,27464.14,15837.24,11626.9
3648,2024-05-17,Мебель,Екатеринбург,Потребитель,14.0,202.11,2829.54,1903.09,926.45
3649,2023-03-20,Канцелярия,Новосибирск,Потребитель,36.0,470.29,16930.44,13038.31,3892.13
3650,2024-01-17,Мебель,Санкт-Петербург,Корпоратив,8.0,1476.71,11813.68,9012.3,2801.38
3651,2023-11-09,Дом и сад,Екатеринбург,Потребитель,10.0,335.2,3352.0,2450.4,901.6
3652,2024-02-18,Дом и сад,Екатеринбург,Потребитель,2.0,568.2,1136.4,856.62,279.78
3653,2024-02-22,Офис,Москва,Потребитель,26.0,771.05,20047.3,13844.31,6202.99
3654,2023-04-14,Дом и сад,Новосибирск,Корпоратив,4.0,326.87,1307.48,995.31,312.17
3655,2024-02-28,Офис,Новосибирск,Потребитель,12.0,481.29,5775.48,3360.15,2415.33
3656,2023-07-07,Мебель,Екатеринбург,Корпоратив,25.0,792.11,19802.75,12055.17,7747.58
3657,2023-11-16,Офис,Новосибирск,Потребитель,3.0,1218.44,3655.32,2459.41,1195.91
3658,2023-10-22,Техника,Новосибирск,Потребитель,17.0,199.0,3383.0,1932.61,1450.39
3659,2024-03-05,Техника,Москва,Корпоратив,4.0,1236.41,4945.64,3332.91,1612.73
3660,2024-04-28,Дом и сад,Новосибирск,Потребитель,38.0,320.91,12194.58,8132.15,4062.43
3661,2023-06-04,Офис,Санкт-Петербург,Потребитель,14.0,960.12,13441.68,10726.62,2715.06
3662,2024-09-20,Канцелярия,Санкт-Петербург,Потребитель,10.0,294.61,2946.1,1889.81,1056.29
3663,2024-03-01,Мебель,Новосибирск,Корпоратив,12.0,481.82,5781.84,3611.99,2169.85
3664,2024-05-25,Дом и сад,Новосибирск,Корпоратив,1.0,879.7,879.7,692.89,186.81
3665,2024-11-22,Офис,Самара,Потребитель,19.0,279.61,5312.59,3574.46,1738.13
3666,2024-02-03,Офис,Самара,Потребитель,3.0,1173.84,3521.52,2577.09,944.43
3667,2023-08-21,Канцелярия,Санкт-Петербург,Корпоратив,15.0,742.34,11135.1,6921.71,4213.39
3668,2023-04-09,Дом и сад,Новосибирск,Потребитель,5.0,688.66,3443.3,2643.4,799.9
3669,2024-12-17,Техника,Санкт-Петербург,Потребитель,9.0,288.36,2595.24,1607.02,988.22
3670,2023-12-20,Дом и сад,Екатеринбург,Корпоратив,13.0,701.89,9124.57,7210.51,1914.06
3671,2024-06-11,Офис,Москва,Потребитель,6.0,905.02,5430.12,4233.07,1197.05
3672,2023-09-08,Техника,Санкт-Петербург,Корпоратив,49.0,284.43,13937.07,7827.6,6109.47
3673,2024-01-20,Дом и сад,Санкт-Петербург,Корпоратив,13.0,286.14,3719.82,2467.42,1252.4
3674,2024-05-08,Дом и сад,Санкт-Петербург,Потребитель,14.0,1153.04,-1.0,11661.26,4481.3
3675,2023-09-11,Офис,Москва,Корпоратив,5.0,194.38,971.9,622.01,349.89
3676,2024-02-21,Канцелярия,Санкт-Петербург,Потребитель,5.0,164.83,824.15,459.08,365.07
3677,2024-09-28,Техника,Екатеринбург,Мелкий опт,8.0,2009.85,16078.8,9359.44,6719.36
3678,2023-12-14,Техника,Санкт-Петербург,Мелкий опт,6.0,1344.64,8067.84,4779.24,3288.6
3679,2023-01-25,Техника,Санкт-Петербург,Мелкий опт,35.0,190.14,6654.9,3829.41,2825.49
3680,2024-09-26,Техника,Самара,Потребитель,32.0,486.4,15564.8,10228.19,5336.61
3681,2023-01-31,Дом и сад,Санкт-Петербург,Потребитель,3.0,424.96,1274.88,943.36,331.52
3682,2024-12-03,Мебель,Москва,Мелкий опт,14.0,74.06,1036.84,692.43,344.41
3683,2023-09-30,Канцелярия,Екатеринбург,Потребитель,8.0,2018.7,16149.6,11719.58,4430.02
3684,2023-04-04,Мебель,Екатеринбург,Потребитель,8.0,1860.14,14881.12,11497.88,3383.24
3685,2023-07-19,Канцелярия,Санкт-Петербург,Корпоратив,2.0,74.32,148.64,93.29,55.35
3686,2024-08-14,Канцелярия,Екатеринбург,Корпоратив,6.0,463.96,2783.76,2103.1,680.66
3687,2024-06-11,Офис,Москва,Потребитель,3.0,182.11,546.33,415.76,130.57
3688,2024-02-12,Техника,Москва,Потребитель,3.0,258.46,775.38,437.13,338.25
3689,2024-05-04,Мебель,Екатеринбург,Потребитель,31.0,408.89,12675.59,8871.02,3804.57
3690,2023-06-28,Дом и сад,Санкт-Петербург,Потребитель,13.0,201.3,2616.9,2053.53,563.37
3691,2024-07-22,Офис,Москва,Потребитель,11.0,92.14,1013.54,663.38,350.16
3692,2024-08-01,Дом и сад,Москва,Потребитель,14.0,545.94,7643.16,4907.74,2735.42
3693,2023-04-03,Офис,Самара,Потребитель,10.0,321.76,3217.6,1833.71,1383.89
3694,2023-04-10,Дом и сад,Санкт-Петербург,Потребитель,21.0,564.6,11856.6,7060.58,4796.02
3695,2023-02-18,Канцелярия,Самара,Корпоратив,13.0,221.29,2876.77,1887.9,988.87
3696,2024-12-28,Офис,Екатеринбург,Потребитель,40.0,268.16,10726.4,7240.3,3486.1
3697,2023-08-01,Техника,Самара,Корпоратив,20.0,382.31,7646.2,4206.24,3439.96
3698,2023-05-27,Офис,Новосибирск,Потребитель,16.0,464.54,7432.64,5802.94,1629.7
3699,2024-08-07,Канцелярия,Екатеринбург,Корпоратив,2.0,583.99,1167.98,671.06,496.92
3700,2024-06-24,Офис,Москва,Корпоратив,6.0,170.82,1024.92,574.28,450.64
3701,2023-12-02,Офис,Санкт-Петербург,Потребитель,16.0,586.53,9384.48,6690.39,2694.09
3702,2024-07-09,Дом и сад,Санкт-Петербург,Потребитель,5.0,1436.17,7180.85,4319.5,2861.35
3703,2023-03-15,Канцелярия,Санкт-Петербург,Потребитель,25.0,193.58,4839.5,3701.49,1138.01
3704,2023-01-28,Канцелярия,Москва,Корпоратив,9.0,128.88,1159.92,678.04,481.88
3705,2023-11-02,Дом и сад,Москва,Потребитель,2.0,721.43,1442.86,971.64,471.22
3706,2023-08-17,Офис,Самара,Мелкий опт,5.0,433.4,2167.0,1325.92,841.08
3707,2023-07-25,Дом и сад,Новосибирск,Потребитель,5.0,452.98,2264.9,1363.55,901.35
3708,2024-09-19,Техника,Москва,Потребитель,6.0,530.11,3180.66,1781.21,1399.45
3709,2023-08-28,Дом и сад,Новосибирск,Потребитель,57.0,215.43,12279.51,7691.93,4587.58
3710,2023-02-10,Дом и сад,Самара,Потребитель,6.0,1052.76,6316.56,4463.73,1852.83
3711,2024-11-30,Дом и сад,Самара,Потребитель,3.0,244.52,733.56,523.55,210.01
3712,2023-02-08,Канцелярия,Санкт-Петербург,Корпоратив,61.0,305.76,18651.36,12438.61,6212.75
3713,2024-09-07,Канцелярия,Санкт-Петербург,Потребитель,11.0,472.5,5197.5,3821.56,1375.94
3714,2024-10-03,Офис,Новосибирск,Потребитель,2.0,553.48,1106.96,815.55,291.41
3715,2024-07-13,Дом и сад,Санкт-Петербург,Мелкий опт,6.0,190.84,1145.04,743.74,401.3
3716,2024-02-25,Офис,Екатеринбург,Корпоратив,9.0,611.04,5499.36,4230.03,1269.33
3717,2023-04-11,Техника,Санкт-Петербург,Корпоратив,9.0,439.98,3959.82,2890.65,1069.17
3718,2024-12-13,Офис,Самара,Потребитель,15.0,284.04,4260.6,3181.15,1079.45
3719,2023-09-14,Дом и сад,Санкт-Петербург,Мелкий опт,4.0,224.01,896.04,517.79,378.25
3720,2023-07-30,Канцелярия,Москва,Потребитель,8.0,367.64,2941.12,1856.54,1084.58
3721,2024-07-19,Техника,Самара,Потребитель,6.0,370.39,2222.34,1570.3,652.04
3722,2024-11-08,Канцелярия,Москва,Потребитель,26.0,436.31,11344.06,7663.42,3680.64
3723,2024-03-28,Дом и сад,Екатеринбург,Корпоратив,13.0,197.65,2569.45,1520.58,1048.87
3724,2023-08-15,Дом и сад,Санкт-Петербург,Корпоратив,34.0,782.3,26598.2,20788.85,5809.35
3725,2023-12-27,Дом и сад,Новосибирск,Корпоратив,14.0,331.91,4646.74,3285.37,1361.37
3726,2024-11-27,Дом и сад,Самара,Мелкий опт,5.0,572.9,2864.5,1584.76,1279.74
3727,2024-11-21,Техника,Екатеринбург,Корпоратив,11.0,194.84,2143.24,1417.47,725.77
3728,2023-08-11,Техника,Москва,Потребитель,32.0,941.01,30112.32,17111.9,13000.42
3729,2024-06-03,Офис,Санкт-Петербург,Корпоратив,21.0,118.09,2479.89,1605.97,873.92
3730,2023-06-13,Офис,Екатеринбург,Потребитель,3.0,108.25,324.75,200.66,124.09
3731,2023-03-05,Офис,Санкт-Петербург,Потребитель,5.0,1402.66,7013.3,5580.43,1432.87
3732,2024-05-21,Дом и сад,Самара,Потребитель,10.0,1387.33,13873.3,7764.88,6108.42
3733,2024-02-28,Дом и сад,Новосибирск,Корпоратив,22.0,990.05,21781.1,16781.76,4999.34
3734,2023-05-18,Дом и сад,Екатеринбург,Потребитель,1.0,226.3,226.3,168.8,57.5
3735,2024-02-04,Техника,Москва,Потребитель,40.0,389.96,15598.4,11242.96,4355.44
3736,2023-10-13,Канцелярия,Москва,Потребитель,7.0,232.54,1627.78,960.08,667.7
3737,2023-08-22,Канцелярия,Москва,Потребитель,19.0,241.55,4589.45,3360.95,1228.5
3738,2023-08-18,Дом и сад,Новосибирск,Мелкий опт,24.0,171.67,4120.08,2280.79,1839.29
3739,2024-11-21,Офис,Самара,Корпоратив,8.0,677.7,5421.6,3367.99,2053.61
3740,2024-05-23,Техника,Новосибирск,Потребитель,6.0,408.76,2452.56,1860.93,591.63
3741,2024-11-25,Мебель,Москва,Потребитель,7.0,154.01,1078.07,802.57,275.5
3742,2023-05-30,Мебель,Санкт-Петербург,Потребитель,2.0,1116.8,2233.6,1671.86,561.74
3743,2023-02-20,Техника,Москва,Мелкий опт,5.0,643.95,3219.75,2515.0,704.75
3744,2024-11-22,Дом и сад,Екатеринбург,Потребитель,6.0,304.01,1824.06,1118.71,705.35
3745,2023-08-19,Техника,Самара,Потребитель,8.0,224.7,1797.6,1194.28,603.32
3746,2023-06-01,Офис,Санкт-Петербург,Потребитель,2.0,501.99,1003.98,582.06,421.92
3747,2024-09-05,Дом и сад,Екатеринбург,Потребитель,9.0,451.14,4060.26,2982.06,1078.2
3748,2024-08-15,Канцелярия,Москва,Потребитель,11.0,192.6,2118.6,1470.34,648.26
3749,2023-04-21,Канцелярия,Екатеринбург,Потребитель,5.0,804.89,4024.45,2369.52,1654.93
3750,2023-04-10,Техника,Санкт-Петербург,Корпоратив,3.0,1308.64,3925.92,2426.94,1498.98
3751,2024-07-04,Офис,Санкт-Петербург,Мелкий опт,11.0,203.97,2243.67,1696.47,547.2
3752,2023-11-11,Офис,Самара,Корпоратив,5.0,158.65,793.25,478.3,314.95
3753,2024-09-21,Офис,Новосибирск,Корпоратив,4.0,128.41,513.64,351.0,162.64
3754,2024-11-24,Мебель,Екатеринбург,Корпоратив,35.0,411.49,14402.15,9880.21,4521.94
3755,2024-05-14,Дом и сад,Новосибирск,Корпоратив,3.0,1208.23,3624.69,2529.56,1095.13
3756,2024-04-26,Офис,Москва,Мелкий опт,4.0,325.3,1301.2,740.65,560.55
3757,2023-06-05,Канцелярия,Новосибирск,Корпоратив,1.0,179.73,179.73,103.19,76.54
3758,2023-01-05,Дом и сад,Новосибирск,Потребитель,8.0,181.03,1448.24,1146.39,301.85
3759,2024-10-17,Дом и сад,Санкт-Петербург,Потребитель,29.0,356.63,10342.27,6903.2,3439.07
3760,2023-04-29,Канцелярия,Екатеринбург,Потребитель,13.0,622.87,8097.31,5576.54,2520.77
3761,2024-12-29,Мебель,Екатеринбург,Потребитель,5.0,709.75,3548.75,2717.64,831.11
3762,2023-10-17,Мебель,Новосибирск,Корпоратив,11.0,468.89,5157.79,3839.0,1318.79
3763,2024-09-19,Канцелярия,Новосибирск,Потребитель,1.0,265.63,265.63,192.99,72.64
3764,2023-11-03,Дом и сад,Екатеринбург,Потребитель,6.0,193.93,1163.58,705.81,457.77
3765,2023-07-10,Мебель,Екатеринбург,Потребитель,1.0,534.4,534.4,346.11,188.29
3766,2024-03-03,Дом и сад,Москва,Потребитель,3.0,452.48,1357.44,924.42,433.02
3767,2024-12-19,Офис,Новосибирск,Потребитель,20.0,422.63,8452.6,5950.22,2502.38
3768,2024-07-13,Мебель,Санкт-Петербург,Мелкий опт,1.0,391.39,391.39,265.53,125.86
3769,2024-10-09,Дом и сад,Санкт-Петербург,Потребитель,10.0,527.21,5272.1,3034.7,2237.4
3770,2023-09-24,Техника,Самара,Корпоратив,6.0,589.16,3534.96,2628.78,906.18
3771,2023-03-17,Техника,Новосибирск,Мелкий опт,12.0,927.4,11128.8,7250.08,3878.72
3772,2023-08-18,Офис,Самара,Потребитель,20.0,662.01,13240.2,8544.36,4695.84
3773,2024-07-20,Канцелярия,Екатеринбург,Мелкий опт,1.0,259.87,259.87,187.49,72.38
3774,2023-06-26,Офис,Новосибирск,Потребитель,2.0,124.07,248.14,193.36,54.78
3775,2024-09-26,Техника,Новосибирск,Корпоратив,14.0,468.16,6554.24,4790.78,1763.46
3776,2023-07-16,Канцелярия,Новосибирск,Потребитель,15.0,402.05,6030.75,3808.0,2222.75
3777,2024-02-24,Офис,Москва,Потребитель,14.0,350.74,4910.36,2840.66,2069.7
3778,2024-10-15,Дом и сад,Екатеринбург,Потребитель,41.0,228.71,9377.11,5424.5,3952.61
3779,2023-08-25,Дом и сад,Новосибирск,Потребитель,12.0,943.72,11324.64,7956.22,3368.42
3780,2023-02-19,Дом и сад,Екатеринбург,Корпоратив,12.0,1886.13,22633.56,15720.93,6912.63
3781,2024-08-17,Дом и сад,Москва,Корпоратив,7.0,1244.24,8709.68,6751.04,1958.64
3782,2024-11-05,Офис,Екатеринбург,Корпоратив,7.0,1723.75,12066.25,7646.05,4420.2
3783,2024-05-15,Техника,Санкт-Петербург,Корпоратив,3.0,606.68,1820.04,1120.2,699.84
3784,2024-01-04,Канцелярия,Москва,Корпоратив,7.0,123.26,862.82,686.3,176.52
3785,2024-02-02,Техника,Москва,Потребитель,8.0,581.24,4649.92,2582.59,2067.33
3786,2023-04-02,Канцелярия,Самара,Мелкий опт,13.0,1441.5,18739.5,13114.55,5624.95
3787,2024-02-25,Техника,Самара,Потребитель,7.0,522.78,3659.46,2834.48,824.98
3788,2024-05-29,Техника,Екатеринбург,Корпоратив,13.0,461.49,5999.37,3362.09,2637.28
3789,2024-04-22,Дом и сад,Екатеринбург,Корпоратив,4.0,324.48,1297.92,840.4,457.52
3790,2023-10-13,Канцелярия,Санкт-Петербург,Потребитель,2.0,181.77,363.54,209.05,154.49
3791,2024-11-17,Дом и сад,Санкт-Петербург,Потребитель,8.0,105.3,-1.0,562.06,280.34
3792,2023-06-30,Канцелярия,Екатеринбург,Потребитель,2.0,258.83,517.66,349.69,167.97
3793,2024-12-28,Дом и сад,Москва,Потребитель,10.0,93.9,939.0,568.39,370.61
3794,2024-01-16,Канцелярия,Москва,Корпоратив,6.0,354.44,2126.64,1319.55,807.09
3795,2023-01-18,Техника,Санкт-Петербург,Корпоратив,16.0,344.83,5517.28,4221.87,1295.41
3796,2024-10-27,Дом и сад,Москва,Корпоратив,5.0,588.81,2944.05,2255.63,688.42
3797,2023-01-29,Дом и сад,Екатеринбург,Корпоратив,2.0,721.23,1442.46,931.09,511.37
3798,2024-10-30,Офис,Самара,Корпоратив,28.0,388.31,10872.68,8053.81,2818.87
3799,2023-08-31,Дом и сад,Самара,Потребитель,22.0,582.38,12812.36,8154.15,4658.21
3800,2024-07-30,Канцелярия,Самара,Корпоратив,12.0,449.34,5392.08,4268.64,1123.44
3801,2023-07-15,Канцелярия,Санкт-Петербург,Потребитель,5.0,869.48,4347.4,2500.28,1847.12
3802,2023-04-15,Дом и сад,Екатеринбург,Потребитель,17.0,652.22,11087.74,6612.59,4475.15
3803,2024-08-08,Техника,Новосибирск,Корпоратив,3.0,602.52,1807.56,1199.31,608.25
3804,2023-12-03,Дом и сад,Новосибирск,Корпоратив,13.0,967.7,12580.1,8064.35,4515.75
3805,2024-04-19,Канцелярия,Москва,Корпоратив,3.0,166.07,498.21,316.82,181.39
3806,2024-12-30,Дом и сад,Новосибирск,Потребитель,10.0,628.76,6287.6,4449.85,1837.75
3807,2023-03-04,Дом и сад,Москва,Потребитель,4.0,754.52,3018.08,2310.96,707.12
3808,2024-04-18,Офис,Новосибирск,Потребитель,6.0,1595.11,9570.66,7023.95,2546.71
3809,2024-08-02,Дом и сад,Новосибирск,Потребитель,7.0,240.09,1680.63,1197.01,483.62
3810,2024-10-21,Канцелярия,Новосибирск,Потребитель,17.0,1286.96,21878.32,16429.25,5449.07
3811,2023-02-25,Дом и сад,Самара,Потребитель,2.0,602.78,1205.56,791.3,414.26
3812,2024-05-19,Мебель,Самара,Корпоратив,10.0,384.17,3841.7,2607.12,1234.58
3813,2023-11-05,Техника,Новосибирск,Мелкий опт,2.0,567.32,1134.64,791.03,343.61
3814,2024-07-07,Дом и сад,Екатеринбург,Потребитель,3.0,1125.14,3375.42,2352.72,1022.7
3815,2024-03-06,Офис,Санкт-Петербург,Потребитель,36.0,1101.34,39648.24,28756.61,10891.63
3816,2023-12-15,Офис,Москва,Потребитель,9.0,314.05,2826.45,2186.64,639.81
3817,2024-01-24,Мебель,Самара,Корпоратив,12.0,681.49,8177.88,5690.61,2487.27
3818,2023-07-27,Офис,Новосибирск,Потребитель,5.0,309.32,1546.6,1067.88,478.72
3819,2024-01-03,Офис,Москва,Мелкий опт,27.0,352.56,9519.12,7014.18,2504.94
3820,2024-05-15,Дом и сад,Новосибирск,Корпоратив,9.0,209.87,1888.83,1248.7,640.13
3821,2024-08-22,Мебель,Санкт-Петербург,Потребитель,4.0,167.29,669.16,524.14,145.02
3822,2024-10-20,Дом и сад,Самара,Корпоратив,23.0,202.62,4660.26,2632.37,2027.89
3823,2024-04-12,Техника,Москва,Потребитель,5.0,115.69,578.45,408.63,169.82
3824,2023-08-10,Дом и сад,Санкт-Петербург,Мелкий опт,11.0,453.26,4985.86,2973.38,2012.48
3825,2024-03-31,Офис,Санкт-Петербург,Корпоратив,17.0,1186.69,20173.73,15324.16,4849.57
3826,2023-08-31,Техника,Екатеринбург,Потребитель,10.0,673.34,6733.4,5246.75,1486.65
3827,2023-07-24,Дом и сад,Санкт-Петербург,Мелкий опт,5.0,802.66,4013.3,2940.52,1072.78
3828,2023-06-23,Канцелярия,Новосибирск,Потребитель,8.0,407.03,3256.24,1909.83,1346.41
3829,2023-10-31,Офис,Самара,Корпоратив,17.0,103.78,1764.26,1172.99,591.27
3830,2023-11-28,Дом и сад,Санкт-Петербург,Потребитель,51.0,449.41,22919.91,14446.12,8473.79
3831,2023-10-27,Дом и сад,Санкт-Петербург,Мелкий опт,7.0,258.21,1807.47,1156.7,650.77
3832,2024-02-10,Дом и сад,Новосибирск,Потребитель,1.0,255.4,255.4,190.96,64.44
3833,2024-03-02,Дом и сад,Самара,Мелкий опт,22.0,364.5,8019.0,4523.46,3495.54
3834,2024-06-01,Канцелярия,Екатеринбург,Корпоратив,10.0,467.35,4673.5,3573.87,1099.63
3835,2024-06-23,Канцелярия,Москва,Мелкий опт,4.0,347.86,1391.44,896.43,495.01
3836,2023-06-16,Офис,Самара,Потребитель,7.0,290.16,2031.12,1479.56,551.56
3837,2023-11-18,Офис,Москва,Потребитель,1.0,514.45,514.45,331.34,183.11
3838,2024-04-28,Офис,Санкт-Петербург,Потребитель,2.0,1097.46,2194.92,1441.74,753.18
3839,2024-06-20,Дом и сад,Новосибирск,Корпоратив,17.0,152.8,2597.6,1811.63,785.97
3840,2023-04-24,Мебель,Самара,Корпоратив,32.0,79.87,2555.84,1568.13,987.71
3841,2023-02-06,Офис,Санкт-Петербург,Потребитель,9.0,116.18,1045.62,702.48,343.14
3842,2024-12-30,Дом и сад,Новосибирск,Потребитель,7.0,397.23,2780.61,1697.93,1082.68
3843,2023-10-08,Мебель,Самара,Потребитель,18.0,146.44,2635.92,2075.83,560.09
3844,2024-10-27,Офис,Новосибирск,Корпоратив,29.0,488.49,14166.21,9262.11,4904.1
3845,2023-04-09,Техника,Москва,Мелкий опт,10.0,3073.79,30737.9,20233.54,10504.36
3846,2024-04-02,Канцелярия,Москва,Потребитель,,140.26,2805.2,2149.83,655.37
3847,2023-11-02,Мебель,Екатеринбург,Потребитель,2.0,527.65,1055.3,771.18,284.12
3848,2024-01-02,Дом и сад,Москва,Потребитель,13.0,353.72,4598.36,2877.82,1720.54
3849,2023-08-14,Офис,Екатеринбург,Корпоратив,11.0,184.47,2029.17,1139.82,889.35
3850,2024-05-16,Техника,Санкт-Петербург,Потребитель,3.0,344.07,1032.21,679.29,352.92
3851,2024-06-28,Техника,Самара,Корпоратив,7.0,382.86,2680.02,1910.28,769.74
3852,2023-07-03,Дом и сад,Екатеринбург,Корпоратив,18.0,391.75,7051.5,5118.15,1933.35
3853,2023-05-23,Техника,Москва,Корпоратив,1.0,576.21,576.21,390.3,185.91
3854,2023-04-01,Офис,Москва,Корпоратив,11.0,25.25,277.75,212.07,65.68
3855,2024-02-26,Канцелярия,Новосибирск,Корпоратив,3.0,382.08,1146.24,691.17,455.07
3856,2023-10-16,Офис,Санкт-Петербург,Корпоратив,11.0,1584.21,17426.31,12693.64,4732.67
3857,2023-02-22,Офис,Москва,Корпоратив,10.0,2016.37,20163.7,11336.26,8827.44
3858,2024-10-11,Мебель,Екатеринбург,Потребитель,1.0,388.74,388.74,235.74,153.0
3859,2024-03-11,Техника,Новосибирск,Мелкий опт,11.0,312.65,3439.15,2219.86,1219.29
3860,2023-03-02,Канцелярия,Москва,Мелкий опт,5.0,575.2,2876.0,1799.54,1076.46
3861,2024-11-12,Офис,Санкт-Петербург,Корпоратив,86.0,325.07,27956.02,18130.01,9826.01
3862,2024-08-23,Офис,Екатеринбург,Потребитель,61.0,207.87,12680.07,7432.37,5247.7
3863,2024-06-21,Офис,Екатеринбург,Потребитель,23.0,1577.96,36293.08,24941.3,11351.78
3864,2024-10-12,Канцелярия,Новосибирск,Корпоратив,6.0,359.89,2159.34,1211.31,948.03
3865,2023-09-11,Техника,Самара,Потребитель,6.0,328.66,1971.96,1249.71,722.25
3866,2024-06-22,Техника,Новосибирск,Потребитель,4.0,164.01,656.04,378.52,277.52
3867,2024-03-18,Офис,Санкт-Петербург,Потребитель,12.0,455.08,5460.96,3209.43,2251.53
3868,2024-08-19,Дом и сад,Новосибирск,Потребитель,3.0,471.11,1413.33,979.36,433.97
3869,2024-12-29,Дом и сад,Новосибирск,Потребитель,39.0,361.74,14107.86,10166.89,3940.97
3870,2024-01-15,Канцелярия,Санкт-Петербург,Корпоратив,12.0,376.4,4516.8,3403.67,1113.13
3871,2024-04-26,Канцелярия,Новосибирск,Потребитель,11.0,381.19,4193.09,2527.02,1666.07
3872,2024-08-17,Офис,Екатеринбург,Корпоратив,14.0,402.05,5628.7,3955.53,1673.17
3873,2023-01-30,Техника,Самара,Потребитель,13.0,290.36,3774.68,2588.98,1185.7
3874,2023-08-28,Мебель,Новосибирск,Потребитель,1.0,722.46,722.46,422.87,299.59
3875,2024-10-22,Офис,Санкт-Петербург,Потребитель,2.0,670.81,1341.62,882.02,459.6
3876,2023-11-15,Офис,Москва,Мелкий опт,4.0,1345.55,5382.2,3796.28,1585.92
3877,2023-05-21,Мебель,Новосибирск,Потребитель,3.0,342.81,1028.43,722.07,306.36
3878,2024-09-15,Офис,Санкт-Петербург,Потребитель,5.0,687.39,3436.95,2501.37,935.58
3879,2024-05-26,Канцелярия,Москва,Потребитель,9.0,969.98,8729.82,6064.43,2665.39
3880,2024-10-13,Канцелярия,Москва,Мелкий опт,,359.89,8277.47,6180.73,2096.74
3881,2023-05-11,Дом и сад,Москва,Корпоратив,1.0,329.62,329.62,186.26,143.36
3882,2023-04-19,Техника,Новосибирск,Потребитель,9.0,233.16,2098.44,1230.78,867.66
3883,2023-10-02,Дом и сад,Москва,Корпоратив,6.0,273.62,1641.72,980.02,661.7
3884,2024-04-02,Офис,Санкт-Петербург,Мелкий опт,,765.98,8425.78,6068.62,2357.16
3885,2024-01-13,Офис,Новосибирск,Корпоратив,6.0,366.55,2199.3,1707.6,491.7
3886,2023-04-22,Офис,Москва,Корпоратив,29.0,764.55,22171.95,15212.88,6959.07
3887,2024-02-14,Дом и сад,Новосибирск,Потребитель,14.0,301.08,4215.12,2542.33,1672.79
3888,2024-03-27,Мебель,Екатеринбург,Потребитель,7.0,346.59,2426.13,1566.09,860.04
3889,2024-08-06,Техника,Москва,Корпоратив,2.0,369.82,739.64,490.86,248.78
3890,2023-12-22,Дом и сад,Екатеринбург,Потребитель,14.0,233.89,3274.46,2005.17,1269.29
3891,2024-11-15,Дом и сад,Новосибирск,Корпоратив,18.0,224.4,4039.2,2375.3,1663.9
3892,2023-08-12,Канцелярия,Екатеринбург,Потребитель,11.0,641.78,7059.58,4802.44,2257.14
3893,2023-06-04,Офис,Москва,Потребитель,6.0,190.23,1141.38,813.25,328.13
3894,2023-11-07,Канцелярия,Москва,Потребитель,4.0,552.51,2210.04,1228.86,981.18
3895,2024-02-19,Офис,Екатеринбург,Потребитель,5.0,221.29,1106.45,811.24,295.21
3896,2023-04-17,Канцелярия,Санкт-Петербург,Потребитель,14.0,293.26,4105.64,2657.73,1447.91
3897,2024-01-17,Дом и сад,Санкт-Петербург,Потребитель,21.0,166.18,3489.78,2335.31,1154.47
3898,2024-04-16,Канцелярия,Екатеринбург,Потребитель,5.0,259.83,1299.15,860.12,439.03
3899,2023-03-23,Канцелярия,Санкт-Петербург,Потребитель,12.0,141.88,1702.56,1037.0,665.56
3900,2023-06-23,Мебель,Екатеринбург,Мелкий опт,50.0,611.8,30590.0,19100.14,11489.86
3901,2023-05-16,Дом и сад,Самара,Потребитель,51.0,242.56,12370.56,8080.55,4290.01
3902,2024-01-29,Дом и сад,Новосибирск,Потребитель,5.0,868.14,4340.7,3269.34,1071.36
3903,2023-12-28,Техника,Самара,Потребитель,4.0,356.69,1426.76,1104.47,322.29
3904,2023-11-28,Дом и сад,Санкт-Петербург,Корпоратив,8.0,160.02,1280.16,870.67,409.49
3905,2024-08-19,Мебель,Москва,Потребитель,7.0,1071.49,7500.43,5709.4,1791.03
3906,2023-06-03,Техника,Новосибирск,Корпоратив,8.0,324.28,2594.24,1495.05,1099.19
3907,2023-01-03,Дом и сад,Самара,Потребитель,3.0,226.8,680.4,463.16,217.24
3908,2023-09-23,Дом и сад,Екатеринбург,Корпоратив,96.0,165.24,15863.04,12482.49,3380.55
3909,2023-03-13,Дом и сад,Санкт-Петербург,Потребитель,9.0,248.36,2235.24,1366.67,868.57
3910,2023-01-19,Канцелярия,Новосибирск,Потребитель,21.0,591.23,12415.83,7080.55,5335.28
3911,2023-01-17,Техника,Новосибирск,Потребитель,4.0,236.89,947.56,715.5,232.06
3912,2024-11-18,Канцелярия,Екатеринбург,Потребитель,20.0,122.49,2449.8,1513.83,935.97
3913,2023-08-18,Дом и сад,Санкт-Петербург,Потребитель,13.0,1514.07,19682.91,15277.81,4405.1
3914,2024-01-30,Техника,Новосибирск,Корпоратив,9.0,379.54,3415.86,2173.02,1242.84
3915,2024-09-10,Дом и сад,Самара,Потребитель,1.0,952.03,952.03,688.08,263.95
3916,2024-11-02,Канцелярия,Екатеринбург,Корпоратив,3.0,588.9,1766.7,1211.31,555.39
3917,2024-01-09,Дом и сад,Самара,Мелкий опт,4.0,153.61,614.44,395.05,219.39
3918,2024-11-15,Техника,Москва,Корпоратив,10.0,415.74,4157.4,2672.58,1484.82
3919,2023-08-07,Канцелярия,Москва,Потребитель,11.0,1824.24,20066.64,12059.62,8007.02
3920,2024-08-27,Канцелярия,Самара,Корпоратив,9.0,882.95,7946.55,6181.96,1764.59
3921,2023-01-21,Дом и сад,Самара,Потребитель,7.0,181.23,1268.61,1008.33,260.28
3922,2023-03-31,Канцелярия,Москва,Потребитель,9.0,1269.1,11421.9,7220.13,4201.77
3923,2024-06-19,Мебель,Екатеринбург,Потребитель,5.0,129.81,649.05,369.15,279.9
3924,2024-08-18,Дом и сад,Москва,Потребитель,62.0,165.44,10257.28,6398.44,3858.84
3925,2024-01-04,Офис,Санкт-Петербург,Корпоратив,21.0,402.27,8447.67,6313.77,2133.9
3926,2023-06-14,Канцелярия,Самара,Потребитель,6.0,315.14,1890.84,1355.39,535.45
3927,2023-01-02,Дом и сад,Новосибирск,Потребитель,9.0,213.83,1924.47,1357.44,567.03
3928,2024-04-01,Дом и сад,Санкт-Петербург,Потребитель,25.0,411.54,10288.5,7937.79,2350.71
3929,2023-11-09,Канцелярия,Москва,Мелкий опт,12.0,304.76,3657.12,2487.03,1170.09
3930,2023-05-06,Дом и сад,Екатеринбург,Корпоратив,48.0,1694.97,81358.56,48722.48,32636.08
3931,2024-10-07,Мебель,Новосибирск,Мелкий опт,15.0,615.76,9236.4,5682.56,3553.84
3932,2023-05-25,Техника,Екатеринбург,Потребитель,21.0,360.12,7562.52,5834.11,1728.41
3933,2023-05-01,Офис,Москва,Мелкий опт,20.0,127.68,2553.6,1852.23,701.37
3934,2023-10-14,Канцелярия,Москва,Потребитель,2.0,247.73,495.46,395.42,100.04
3935,2023-10-17,Канцелярия,Екатеринбург,Потребитель,9.0,253.81,2284.29,1809.01,475.28
3936,2023-11-22,Дом и сад,Санкт-Петербург,Корпоратив,13.0,304.01,3952.13,2822.16,1129.97
3937,2024-09-19,Канцелярия,Новосибирск,Потребитель,3.0,923.72,2771.16,2141.76,629.4
3938,2024-06-02,Канцелярия,Самара,Мелкий опт,3.0,642.1,1926.3,1206.03,720.27
3939,2024-11-07,Офис,Самара,Корпоратив,8.0,61.19,489.52,286.2,203.32
3940,2023-01-23,Канцелярия,Екатеринбург,Корпоратив,13.0,1033.06,13429.78,10214.07,3215.71
3941,2024-03-01,Дом и сад,Новосибирск,Потребитель,12.0,401.1,4813.2,3773.55,1039.65
3942,2024-08-02,Дом и сад,Екатеринбург,Потребитель,8.0,192.22,1537.76,983.85,553.91
3943,2023-09-17,Дом и сад,Екатеринбург,Корпоратив,25.0,363.6,9090.0,7013.57,2076.43
3944,2024-02-08,Дом и сад,Екатеринбург,Потребитель,23.0,58.25,1339.75,740.9,598.85
3945,2023-10-02,Дом и сад,Санкт-Петербург,Корпоратив,13.0,506.52,6584.76,3668.31,2916.45
3946,2024-08-10,Мебель,Санкт-Петербург,Потребитель,13.0,199.35,2591.55,1820.86,770.69
3947,2024-07-16,Мебель,Новосибирск,Потребитель,12.0,968.35,11620.2,9058.98,2561.22
3948,2023-01-03,Офис,Санкт-Петербург,Потребитель,4.0,765.46,3061.84,2367.47,694.37
3949,2023-12-05,Офис,Москва,Потребитель,21.0,532.56,11183.76,6994.8,4188.96
3950,2023-09-23,Дом и сад,Екатеринбург,Потребитель,9.0,178.42,1605.78,1086.32,519.46
3951,2024-12-02,Мебель,Самара,Потребитель,11.0,456.26,5018.86,3823.06,1195.8
3952,2024-08-01,Дом и сад,Самара,Потребитель,97.0,898.1,87115.7,57043.41,30072.29
3953,2023-10-31,Дом и сад,Москва,Потребитель,107.0,213.42,22835.94,16665.84,6170.1
3954,2023-02-27,Техника,Москва,Корпоратив,2.0,99.03,198.06,117.43,80.63
3955,2023-06-14,Дом и сад,Самара,Корпоратив,8.0,346.01,2768.08,2113.32,654.76
3956,2024-06-26,Офис,Новосибирск,Потребитель,38.0,89.91,3416.58,2505.4,911.18
3957,2023-12-17,Мебель,Москва,Потребитель,4.0,1165.29,4661.16,3035.18,1625.98
3958,2023-06-28,Офис,Санкт-Петербург,Потребитель,22.0,553.82,12184.04,7167.94,5016.1
3959,2024-03-04,Канцелярия,Новосибирск,Мелкий опт,27.0,703.97,19007.19,14857.22,4149.97
3960,2024-03-14,Мебель,Самара,Мелкий опт,3.0,178.97,536.91,403.28,133.63
3961,2024-05-26,Техника,Екатеринбург,Потребитель,2.0,1746.19,3492.38,2293.85,1198.53
3962,2023-10-13,Дом и сад,Санкт-Петербург,Корпоратив,21.0,328.87,6906.27,4162.01,2744.26
3963,2023-06-18,Дом и сад,Екатеринбург,Корпоратив,107.0,463.9,49637.3,34943.55,14693.75
3964,2023-08-20,Мебель,Москва,Потребитель,7.0,314.69,2202.83,1419.98,782.85
3965,2023-01-08,Офис,Санкт-Петербург,Потребитель,1.0,1002.95,1002.95,587.53,415.42
3966,2024-11-16,Дом и сад,Новосибирск,Потребитель,50.0,252.7,12635.0,7460.21,5174.79
3967,2023-04-18,Канцелярия,Самара,Потребитель,8.0,823.56,6588.48,3708.47,2880.01
3968,2024-03-10,Дом и сад,Новосибирск,Корпоратив,9.0,63.62,572.58,398.22,174.36
3969,2024-11-30,Канцелярия,Санкт-Петербург,Мелкий опт,9.0,959.61,8636.49,4907.88,3728.61
3970,2023-10-29,Мебель,Самара,Мелкий опт,5.0,733.92,3669.6,2077.11,1592.49
3971,2023-05-18,Канцелярия,Екатеринбург,Потребитель,20.0,229.16,4583.2,3342.92,1240.28
3972,2024-04-08,Дом и сад,Санкт-Петербург,Потребитель,4.0,417.07,1668.28,1025.98,642.3
3973,2023-12-05,Дом и сад,Самара,Корпоратив,6.0,1215.73,7294.38,4203.73,3090.65
3974,2023-10-24,Канцелярия,Самара,Потребитель,2.0,1228.67,2457.34,1608.32,849.02
3975,2024-08-29,Дом и сад,Москва,Потребитель,27.0,1526.44,41213.88,31046.49,10167.39
3976,2023-05-06,Техника,Новосибирск,Потребитель,5.0,490.22,2451.1,1765.05,686.05
3977,2024-01-24,Мебель,Санкт-Петербург,Корпоратив,12.0,793.13,9517.56,6611.49,2906.07
3978,2024-09-16,Техника,Санкт-Петербург,Потребитель,13.0,670.71,8719.23,6642.69,2076.54
3979,2024-04-06,Офис,Екатеринбург,Потребитель,6.0,265.1,1590.6,1211.9,378.7
3980,2024-06-10,Канцелярия,Санкт-Петербург,Корпоратив,9.0,1496.95,13472.55,9183.39,4289.16
3981,2023-12-04,Офис,Екатеринбург,Потребитель,15.0,629.15,9437.25,5476.18,3961.07
3982,2023-01-25,Канцелярия,Москва,Потребитель,12.0,939.37,11272.44,7290.58,3981.86
3983,2024-03-27,Мебель,Новосибирск,Корпоратив,11.0,443.66,4880.26,3656.59,1223.67
3984,2023-12-17,Техника,Москва,Потребитель,18.0,292.32,5261.76,2958.81,2302.95
3985,2023-08-15,Офис,Санкт-Петербург,Потребитель,3.0,639.85,1919.55,1310.44,609.11
3986,2024-07-17,Мебель,Москва,Потребитель,7.0,236.23,1653.61,1100.22,553.39
3987,2023-02-09,Техника,Санкт-Петербург,Потребитель,2.0,1355.83,2711.66,1567.16,1144.5
3988,2024-05-14,Офис,Екатеринбург,Потребитель,10.0,217.06,2170.6,1274.55,896.05
3989,2024-11-07,Офис,Самара,Мелкий опт,10.0,434.28,4342.8,2915.14,1427.66
3990,2024-09-25,Офис,Екатеринбург,Потребитель,4.0,1603.39,6413.56,3971.17,2442.39
3991,2023-04-05,Дом и сад,Санкт-Петербург,Потребитель,9.0,1040.47,9364.23,5734.08,3630.15
3992,2024-08-08,Дом и сад,Новосибирск,Корпоратив,7.0,619.07,4333.49,2541.39,1792.1
3993,2023-04-14,Техника,Самара,Мелкий опт,3.0,463.25,1389.75,1033.63,356.12
3994,2024-08-02,Мебель,Москва,Потребитель,20.0,188.5,3770.0,2326.27,1443.73
3995,2024-03-21,Дом и сад,Новосибирск,Корпоратив,20.0,192.07,3841.4,2203.88,1637.52
3996,2024-09-26,Мебель,Самара,Мелкий опт,16.0,282.74,4523.84,2665.41,1858.43
3997,2024-08-28,Техника,Самара,Корпоратив,8.0,250.29,2002.32,1537.0,465.32
3998,2023-03-13,Техника,Екатеринбург,Потребитель,5.0,643.51,3217.55,2306.52,911.03
3999,2024-05-27,Дом и сад,Самара,Мелкий опт,11.0,668.93,7358.23,4128.11,3230.12
4000,2024-04-24,Мебель,Санкт-Петербург,Потребитель,35.0,131.36,4597.6,3380.39,1217.21
4001,2023-09-21,Офис,Санкт-Петербург,Потребитель,7.0,688.56,4819.92,2808.01,2011.91
4002,2023-03-04,Дом и сад,Москва,Потребитель,23.0,768.3,17670.9,11706.59,5964.31
4003,2024-10-26,Офис,Новосибирск,Потребитель,7.0,824.21,-1.0,4448.33,1321.14
4004,2023-12-18,Канцелярия,Новосибирск,Корпоратив,18.0,435.83,7844.94,5213.12,2631.82
4005,2023-07-12,Техника,Новосибирск,Потребитель,5.0,657.69,3288.45,2062.63,1225.82
4006,2024-11-15,Техника,Екатеринбург,Потребитель,6.0,497.73,2986.38,2296.54,689.84
4007,2023-12-06,Техника,Екатеринбург,Потребитель,29.0,143.67,4166.43,2850.22,1316.21
4008,2023-01-18,Канцелярия,Новосибирск,Потребитель,8.0,1446.75,11574.0,7932.61,3641.39
4009,2024-03-01,Дом и сад,Новосибирск,Потребитель,55.0,277.25,15248.75,9910.93,5337.82
4010,2024-11-05,Офис,Новосибирск,Корпоратив,17.0,729.33,12398.61,8846.38,3552.23
4011,2023-09-26,Дом и сад,Санкт-Петербург,Потребитель,9.0,3098.04,27882.36,20376.51,7505.85
4012,2023-01-30,Канцелярия,Екатеринбург,Потребитель,32.0,144.21,4614.72,3239.22,1375.5
4013,2023-02-06,Техника,Санкт-Петербург,Мелкий опт,3.0,392.44,1177.32,732.43,444.89
4014,2023-09-23,Техника,Москва,Мелкий опт,3.0,609.64,1828.92,1462.81,366.11
4015,2023-03-11,Офис,Новосибирск,Потребитель,20.0,1151.05,23021.0,17429.0,5592.0
4016,2024-01-30,Техника,Москва,Корпоратив,11.0,93.45,1027.95,797.29,230.66
4017,2024-11-07,Дом и сад,Екатеринбург,Мелкий опт,1.0,501.41,501.41,314.06,187.35
4018,2024-05-18,Дом и сад,Санкт-Петербург,Потребитель,13.0,142.67,1854.71,1179.77,674.94
4019,2024-02-09,Техника,Москва,Потребитель,13.0,888.32,11548.16,6481.94,5066.22
4020,2023-06-09,Канцелярия,Москва,Корпоратив,53.0,1257.9,66668.7,43146.11,23522.59
4021,2023-05-15,Техника,Санкт-Петербург,Корпоратив,10.0,470.54,4705.4,3631.7,1073.7
4022,2024-02-17,Офис,Новосибирск,Мелкий опт,2.0,445.56,891.12,524.1,367.02
4023,2023-12-08,Канцелярия,Екатеринбург,Потребитель,11.0,361.37,3975.07,2570.5,1404.57
4024,2024-07-29,Канцелярия,Москва,Потребитель,12.0,200.67,2408.04,1457.77,950.27
4025,2024-08-28,Техника,Новосибирск,Корпоратив,2.0,1730.98,3461.96,2313.08,1148.88
4026,2024-11-19,Канцелярия,Самара,Мелкий опт,3.0,471.97,1415.91,1009.96,405.95
4027,2024-07-08,Дом и сад,Самара,Корпоратив,10.0,613.09,6130.9,3916.45,2214.45
4028,2024-11-09,Дом и сад,Санкт-Петербург,Потребитель,10.0,75.17,751.7,562.46,189.24
4029,2023-05-02,Дом и сад,Москва,Корпоратив,6.0,1630.43,9782.58,7109.88,2672.7
4030,2023-11-18,Мебель,Самара,Корпоратив,12.0,286.54,3438.48,2583.8,854.68
4031,2024-08-30,Дом и сад,Санкт-Петербург,Корпоратив,11.0,214.58,2360.38,1545.45,814.93
4032,2024-06-28,Мебель,Екатеринбург,Мелкий опт,2.0,2842.94,5685.88,3273.17,2412.71
4033,2023-01-08,Мебель,Санкт-Петербург,Потребитель,8.0,987.45,7899.6,5022.25,2877.35
4034,2023-05-06,Офис,Новосибирск,Потребитель,2.0,190.44,380.88,270.49,110.39
4035,2023-08-13,Офис,Екатеринбург,Потребитель,24.0,152.08,3649.92,2581.85,1068.07
4036,2023-04-27,Техника,Санкт-Петербург,Потребитель,17.0,1493.37,25387.29,14843.95,10543.34
4037,2023-12-15,Офис,Новосибирск,Потребитель,6.0,299.04,1794.24,1301.62,492.62
4038,2024-05-17,Канцелярия,Санкт-Петербург,Потребитель,1.0,141.21,141.21,80.73,60.48
4039,2024-02-21,Офис,Самара,Потребитель,6.0,1533.67,9202.02,6394.19,2807.83
4040,2024-03-02,Дом и сад,Самара,Корпоратив,9.0,1078.31,9704.79,7244.46,2460.33
4041,2023-07-25,Канцелярия,Санкт-Петербург,Корпоратив,13.0,983.58,12786.54,10062.7,2723.84
4042,2023-06-25,Дом и сад,Санкт-Петербург,Мелкий опт,10.0,567.56,5675.6,3810.33,1865.27
4043,2024-11-19,Техника,Екатеринбург,Потребитель,9.0,1265.39,11388.51,8588.02,2800.49
4044,2023-09-22,Дом и сад,Санкт-Петербург,Потребитель,6.0,431.32,2587.92,1471.03,1116.89
4045,2023-12-12,Канцелярия,Новосибирск,Корпоратив,3.0,381.6,1144.8,860.28,284.52
4046,2023-08-04,Канцелярия,Новосибирск,Потребитель,,561.04,10659.76,7138.83,3520.93
4047,2024-05-10,Дом и сад,Новосибирск,Корпоратив,6.0,50.72,304.32,178.61,125.71
4048,2023-02-11,Дом и сад,Новосибирск,Потребитель,7.0,867.19,6070.33,3929.68,2140.65
4049,2023-01-01,Мебель,Самара,Мелкий опт,3.0,717.67,2153.01,1417.27,735.74
4050,2023-05-02,Дом и сад,Самара,Корпоратив,2.0,375.99,751.98,494.78,257.2
4051,2024-06-15,Дом и сад,Санкт-Петербург,Корпоратив,4.0,537.73,2150.92,1385.84,765.08
4052,2024-10-25,Дом и сад,Санкт-Петербург,Корпоратив,8.0,933.04,7464.32,5690.6,1773.72
4053,2024-08-13,Дом и сад,Москва,Потребитель,29.0,179.34,5200.86,3820.11,1380.75
4054,2024-09-16,Дом и сад,Самара,Потребитель,4.0,729.25,2917.0,2254.01,662.99
4055,2023-06-16,Канцелярия,Самара,Потребитель,4.0,632.75,2531.0,1773.62,757.38
4056,2023-03-20,Канцелярия,Санкт-Петербург,Корпоратив,7.0,785.86,5501.02,4191.58,1309.44
4057,2023-01-20,Дом и сад,Новосибирск,Потребитель,27.0,411.9,11121.3,7627.25,3494.05
4058,2024-12-18,Мебель,Самара,Корпоратив,15.0,100.9,1513.5,894.62,618.88
4059,2024-03-25,Дом и сад,Санкт-Петербург,Корпоратив,27.0,195.8,5286.6,4067.13,1219.47
4060,2024-06-20,Техника,Москва,Корпоратив,7.0,141.66,991.62,550.47,441.15
4061,2024-09-06,Техника,Самара,Корпоратив,12.0,585.0,7020.0,5606.18,1413.82
4062,2023-01-25,Дом и сад,Санкт-Петербург,Потребитель,10.0,2605.05,26050.5,15655.0,10395.5
4063,2024-11-28,Офис,Екатеринбург,Потребитель,5.0,101.78,508.9,289.81,219.09
4064,2023-04-27,Канцелярия,Новосибирск,Потребитель,53.0,359.55,19056.15,12964.74,6091.41
4065,2024-07-11,Техника,Самара,Потребитель,8.0,2551.18,20409.44,14388.72,6020.72
4066,2023-09-05,Дом и сад,Новосибирск,Корпоратив,2.0,157.78,315.56,234.97,80.59
4067,2024-07-24,Техника,Екатеринбург,Потребитель,1.0,273.91,273.91,212.02,61.89
4068,2023-12-23,Мебель,Санкт-Петербург,Потребитель,21.0,2875.91,60394.11,33969.37,26424.74
4069,2024-04-21,Дом и сад,Екатеринбург,Корпоратив,2.0,335.09,670.18,395.9,274.28
4070,2024-02-19,Дом и сад,Москва,Потребитель,10.0,1848.28,18482.8,13572.42,4910.38
4071,2024-05-12,Канцелярия,Новосибирск,Потребитель,5.0,390.0,1950.0,1132.69,817.31
4072,2024-10-05,Техника,Санкт-Петербург,Корпоратив,25.0,1487.02,37175.5,22068.51,15106.99
4073,2023-10-14,Канцелярия,Москва,Корпоратив,3.0,120.12,360.36,249.67,110.69
4074,2023-01-13,Дом и сад,Новосибирск,Корпоратив,0.0,316.73,0.0,0.0,0.0
4075,2024-02-14,Офис,Москва,Потребитель,11.0,942.65,10369.15,6131.7,4237.45
4076,2024-09-03,Дом и сад,Самара,Мелкий опт,11.0,725.76,7983.36,5253.22,2730.14
4077,2023-03-12,Техника,Екатеринбург,Потребитель,16.0,597.87,9565.92,5979.74,3586.18
4078,2024-11-09,Канцелярия,Самара,Потребитель,10.0,78.51,785.1,528.02,257.08
4079,2023-04-26,Дом и сад,Новосибирск,Потребитель,14.0,126.89,1776.46,1316.73,459.73
4080,2024-05-03,Дом и сад,Санкт-Петербург,Потребитель,17.0,311.74,5299.58,4057.09,1242.49
4081,2024-09-23,Офис,Самара,Потребитель,21.0,168.64,3541.44,2472.2,1069.24
4082,2023-03-30,Канцелярия,Санкт-Петербург,Потребитель,6.0,400.87,2405.22,1668.91,736.31
4083,2023-03-31,Дом и сад,Новосибирск,Мелкий опт,6.0,178.51,1071.06,674.84,396.22
4084,2023-12-08,Канцелярия,Санкт-Петербург,Потребитель,3.0,588.16,1764.48,1070.66,693.82
4085,2024-02-21,Техника,Санкт-Петербург,Потребитель,8.0,151.97,1215.76,953.83,261.93
4086,2023-03-29,Офис,Москва,Корпоратив,4.0,898.95,3595.8,2089.37,1506.43
4087,2024-03-16,Мебель,Екатеринбург,Корпоратив,14.0,640.36,8965.04,6916.52,2048.52
4088,2024-08-19,Техника,Екатеринбург,Потребитель,6.0,723.57,4341.42,3307.23,1034.19
4089,2023-10-28,Офис,Москва,Корпоратив,2.0,924.75,1849.5,1444.83,404.67
4090,2023-05-02,Канцелярия,Екатеринбург,Потребитель,7.0,1158.31,8108.17,5027.22,3080.95
4091,2024-11-14,Мебель,Санкт-Петербург,Потребитель,5.0,1167.88,5839.4,3294.35,2545.05
4092,2024-04-24,Дом и сад,Самара,Корпоратив,24.0,315.99,7583.76,4743.06,2840.7
4093,2023-02-18,Дом и сад,Екатеринбург,Потребитель,41.0,1760.22,72169.02,47895.87,24273.15
4094,2024-09-17,Дом и сад,Екатеринбург,Мелкий опт,64.0,191.12,12231.68,7365.69,4865.99
4095,2024-05-28,Офис,Москва,Корпоратив,11.0,382.87,4211.57,2371.71,1839.86
4096,2023-04-11,Офис,Екатеринбург,Мелкий опт,8.0,903.56,7228.48,4599.27,2629.21
4097,2024-11-15,Мебель,Новосибирск,Корпоратив,2.0,72.77,145.54,115.99,29.55
4098,2023-01-29,Офис,Новосибирск,Потребитель,22.0,513.76,11302.72,7288.95,4013.77
4099,2023-04-28,Офис,Санкт-Петербург,Потребитель,18.0,444.11,7993.98,5276.41,2717.57
4100,2024-03-16,Дом и сад,Новосибирск,Потребитель,1.0,286.98,286.98,163.25,123.73
4101,2024-08-31,Канцелярия,Санкт-Петербург,Потребитель,35.0,221.18,7741.3,4588.59,3152.71
4102,2024-04-01,Канцелярия,Санкт-Петербург,Потребитель,4.0,541.49,2165.96,1497.78,668.18
4103,2024-01-18,Офис,Самара,Корпоратив,12.0,264.54,3174.48,2101.7,1072.78
4104,2024-03-18,Канцелярия,Новосибирск,Потребитель,38.0,502.9,19110.2,15215.23,3894.97
4105,2023-10-13,Техника,Самара,Мелкий опт,10.0,357.99,3579.9,2149.42,1430.48
4106,2024-03-24,Дом и сад,Москва,Корпоратив,2.0,1946.08,3892.16,2332.11,1560.05
4107,2023-02-22,Техника,Екатеринбург,Потребитель,13.0,906.92,11789.96,9151.63,2638.33
4108,2023-10-31,Офис,Самара,Потребитель,13.0,3004.39,39057.07,25814.7,13242.37
4109,2023-02-16,Дом и сад,Санкт-Петербург,Потребитель,9.0,326.29,2936.61,2040.68,895.93
4110,2024-03-28,Офис,Екатеринбург,Мелкий опт,19.0,285.49,5424.31,3631.86,1792.45
4111,2024-01-02,Дом и сад,Самара,Корпоратив,14.0,1094.15,15318.1,10237.75,5080.35
4112,2024-07-04,Дом и сад,Санкт-Петербург,Потребитель,105.0,415.83,43662.15,28207.01,15455.14
4113,2023-05-15,Офис,Новосибирск,Мелкий опт,8.0,300.12,2400.96,1834.61,566.35
4114,2024-06-01,Дом и сад,Москва,Потребитель,3.0,635.55,1906.65,1057.93,848.72
4115,2024-12-24,Канцелярия,Москва,Потребитель,7.0,797.58,5583.06,4300.52,1282.54
4116,2023-07-17,Дом и сад,Санкт-Петербург,Мелкий опт,50.0,497.18,24859.0,18167.19,6691.81
4117,2023-02-13,Офис,Москва,Потребитель,8.0,454.55,3636.4,2322.15,1314.25
4118,2023-02-20,Офис,Самара,Потребитель,10.0,2744.76,27447.6,18938.42,8509.18
4119,2024-07-28,Канцелярия,Новосибирск,Потребитель,9.0,741.35,6672.15,3977.26,2694.89
4120,2024-12-17,Канцелярия,Москва,Потребитель,3.0,1403.57,4210.71,2329.72,1880.99
4121,2023-04-11,Дом и сад,Санкт-Петербург,Потребитель,25.0,228.04,5701.0,3544.28,2156.72
4122,2024-05-16,Техника,Санкт-Петербург,Потребитель,34.0,480.48,16336.32,12862.0,3474.32
4123,2023-07-13,Дом и сад,Новосибирск,Корпоратив,4.0,120.46,481.84,374.85,106.99
4124,2024-08-28,Офис,Самара,Потребитель,0.0,234.5,0.0,0.0,0.0
4125,2023-12-14,Дом и сад,Екатеринбург,Корпоратив,6.0,699.0,4194.0,3222.48,971.52
4126,2024-10-31,Офис,Санкт-Петербург,Корпоратив,4.0,374.04,1496.16,1047.12,449.04
4127,2024-09-26,Офис,Санкт-Петербург,Корпоратив,7.0,645.9,4521.3,3415.46,1105.84
4128,2024-03-15,Офис,Самара,Корпоратив,40.0,564.72,22588.8,15148.45,7440.35
4129,2023-06-30,Канцелярия,Новосибирск,Потребитель,9.0,506.99,4562.91,2864.55,1698.36
4130,2023-08-24,Техника,Санкт-Петербург,Потребитель,18.0,120.86,2175.48,1430.79,744.69
4131,2023-07-21,Офис,Москва,Корпоратив,1.0,294.69,294.69,164.35,130.34
4132,2023-08-16,Дом и сад,Самара,Потребитель,2.0,232.63,465.26,323.01,142.25
4133,2024-06-05,Офис,Самара,Корпоратив,8.0,1270.14,10161.12,7250.65,2910.47
4134,2023-03-20,Дом и сад,Санкт-Петербург,Потребитель,17.0,1277.7,21720.9,16032.8,5688.1
4135,2024-07-25,Дом и сад,Санкт-Петербург,Корпоратив,15.0,1280.41,19206.15,11302.87,7903.28
4136,2024-11-06,Дом и сад,Санкт-Петербург,Потребитель,7.0,356.0,2492.0,1903.03,588.97
4137,2024-04-03,Дом и сад,Москва,Потребитель,1.0,1810.14,1810.14,1281.55,528.59
4138,2023-07-19,Мебель,Самара,Корпоратив,6.0,751.23,4507.38,3568.12,939.26
4139,2023-02-11,Канцелярия,Екатеринбург,Потребитель,5.0,130.86,654.3,429.77,224.53
4140,2024-09-03,Мебель,Новосибирск,Корпоратив,3.0,150.33,450.99,250.21,200.78
4141,2023-01-19,Канцелярия,Москва,Потребитель,9.0,1236.3,11126.7,6538.3,4588.4
4142,2024-04-15,Канцелярия,Москва,Потребитель,22.0,997.04,21934.88,15743.68,6191.2
4143,2023-06-21,Техника,Самара,Потребитель,16.0,489.82,7837.12,4635.21,3201.91
4144,2024-03-05,Дом и сад,Самара,Мелкий опт,17.0,639.64,10873.88,8055.41,2818.47
4145,2023-09-13,Дом и сад,Москва,Потребитель,15.0,1118.76,16781.4,10053.76,6727.64
4146,2024-05-18,Техника,Самара,Потребитель,29.0,242.36,7028.44,4629.68,2398.76
4147,2023-07-25,Мебель,Москва,Потребитель,8.0,1557.79,12462.32,9278.57,3183.75
4148,2024-04-26,Дом и сад,Екатеринбург,Потребитель,2.0,213.92,427.84,319.44,108.4
4149,2023-09-06,Техника,Самара,Корпоратив,1.0,366.63,366.63,241.89,124.74
4150,2023-10-30,Техника,Санкт-Петербург,Потребитель,12.0,116.72,1400.64,866.6,534.04
4151,2024-11-28,Канцелярия,Екатеринбург,Корпоратив,3.0,494.49,1483.47,942.99,540.48
4152,2024-01-22,Дом и сад,Самара,Корпоратив,3.0,786.21,2358.63,1654.22,704.41
4153,2023-12-10,Техника,Екатеринбург,Корпоратив,18.0,659.57,11872.26,7209.17,4663.09
4154,2024-04-21,Дом и сад,Новосибирск,Потребитель,9.0,429.11,3861.99,3074.11,787.88
4155,2024-07-12,Дом и сад,Екатеринбург,Потребитель,23.0,169.2,3891.6,2402.82,1488.78
4156,2024-05-13,Канцелярия,Москва,Потребитель,0.0,271.6,0.0,0.0,0.0
4157,2023-04-03,Офис,Санкт-Петербург,Потребитель,5.0,632.89,3164.45,1834.22,1330.23
4158,2023-05-19,Канцелярия,Новосибирск,Мелкий опт,9.0,221.62,1994.58,1442.17,552.41
4159,2024-06-15,Офис,Самара,Мелкий опт,3.0,435.84,1307.52,907.35,400.17
4160,2024-03-03,Техника,Новосибирск,Мелкий опт,10.0,382.75,3827.5,2425.69,1401.81
4161,2023-09-28,Канцелярия,Новосибирск,Потребитель,15.0,681.29,10219.35,7639.08,2580.27
4162,2023-02-16,Техника,Москва,Корпоратив,14.0,129.25,1809.5,1176.91,632.59
4163,2023-01-06,Офис,Новосибирск,Потребитель,9.0,934.81,8413.29,5425.94,2987.35
4164,2023-08-13,Дом и сад,Москва,Потребитель,13.0,354.85,4613.05,2569.74,2043.31
4165,2023-07-09,Дом и сад,Екатеринбург,Потребитель,8.0,390.53,3124.24,1923.58,1200.66
4166,2023-11-27,Канцелярия,Санкт-Петербург,Потребитель,22.0,269.3,5924.6,3954.26,1970.34
4167,2024-02-08,Техника,Москва,Потребитель,8.0,231.3,1850.4,1318.39,532.01
4168,2024-08-15,Техника,Самара,Потребитель,21.0,940.53,19751.13,14115.44,5635.69
4169,2023-06-04,Офис,Самара,Потребитель,19.0,496.89,9440.91,5305.81,4135.1
4170,2024-03-09,Канцелярия,Екатеринбург,Мелкий опт,18.0,1283.22,23097.96,17185.29,5912.67
4171,2023-08-01,Мебель,Санкт-Петербург,Потребитель,33.0,564.85,18640.05,13893.19,4746.86
4172,2023-03-21,Канцелярия,Москва,Потребитель,6.0,733.51,4401.06,3013.83,1387.23
4173,2023-05-01,Техника,Самара,Корпоратив,24.0,46.93,1126.32,838.99,287.33
4174,2024-08-31,Канцелярия,Екатеринбург,Корпоратив,1.0,1074.23,1074.23,829.43,244.8
4175,2023-09-24,Канцелярия,Самара,Потребитель,31.0,47.17,1462.27,804.82,657.45
4176,2023-12-21,Канцелярия,Самара,Корпоратив,2.0,272.04,544.08,341.47,202.61
4177,2023-01-01,Мебель,Санкт-Петербург,Потребитель,4.0,331.23,1324.92,818.47,506.45
4178,2024-09-26,Техника,Екатеринбург,Корпоратив,0.0,622.94,0.0,0.0,0.0
4179,2024-08-06,Мебель,Самара,Потребитель,6.0,803.82,4822.92,2790.47,2032.45
4180,2023-01-24,Техника,Новосибирск,Потребитель,62.0,549.08,34042.96,19189.45,14853.51
4181,2024-12-10,Техника,Самара,Потребитель,1.0,509.87,509.87,340.29,169.58
4182,2024-05-22,Канцелярия,Самара,Потребитель,27.0,199.59,5388.93,4002.97,1385.96
4183,2024-03-16,Офис,Санкт-Петербург,Потребитель,1.0,525.89,525.89,365.56,160.33
4184,2023-11-13,Канцелярия,Самара,Потребитель,16.0,422.37,6757.92,3991.52,2766.4
4185,2024-08-02,Офис,Екатеринбург,Потребитель,6.0,1073.12,6438.72,4104.28,2334.44
4186,2024-02-13,Дом и сад,Самара,Потребитель,17.0,1947.51,33107.67,24341.3,8766.37
4187,2023-09-27,Офис,Москва,Корпоратив,16.0,81.25,1300.0,758.39,541.61
4188,2023-11-29,Офис,Санкт-Петербург,Корпоратив,4.0,261.78,1047.12,806.32,240.8
4189,2023-09-01,Офис,Самара,Потребитель,2.0,128.07,256.14,202.0,54.14
4190,2024-12-02,Дом и сад,Новосибирск,Корпоратив,22.0,725.07,15951.54,9868.79,6082.75
4191,2024-10-22,Техника,Москва,Потребитель,6.0,470.72,2824.32,1778.84,1045.48
4192,2024-06-26,Дом и сад,Санкт-Петербург,Корпоратив,24.0,962.34,23096.16,14312.44,8783.72
4193,2024-09-08,Дом и сад,Москва,Потребитель,17.0,212.29,3608.93,2746.82,862.11
4194,2023-06-26,Дом и сад,Москва,Мелкий опт,48.0,322.5,15480.0,11803.42,3676.58
4195,2024-04-01,Дом и сад,Екатеринбург,Мелкий опт,7.0,505.44,3538.08,2166.75,1371.33
4196,2023-08-15,Дом и сад,Екатеринбург,Мелкий опт,10.0,189.88,1898.8,1439.27,459.53
4197,2023-02-18,Техника,Москва,Корпоратив,0.0,189.24,0.0,0.0,0.0
4198,2023-09-16,Канцелярия,Самара,Потребитель,2.0,281.98,563.96,360.19,203.77
4199,2023-05-07,Дом и сад,Екатеринбург,Корпоратив,1.0,370.97,370.97,220.52,150.45
4200,2024-01-05,Офис,Екатеринбург,Потребитель,9.0,176.97,1592.73,971.08,621.65
4201,2024-02-17,Техника,Москва,Корпоратив,5.0,160.3,801.5,488.25,313.25
4202,2023-10-30,Канцелярия,Екатеринбург,Корпоратив,73.0,709.74,51811.02,29166.33,22644.69
4203,2023-03-31,Канцелярия,Екатеринбург,Потребитель,10.0,458.0,4580.0,3630.62,949.38
4204,2023-04-28,Канцелярия,Самара,Корпоратив,1.0,205.15,205.15,154.48,50.67
4205,2024-01-16,Техника,Москва,Потребитель,80.0,98.56,7884.8,5463.45,2421.35
4206,2024-11-13,Техника,Екатеринбург,Потребитель,15.0,2650.16,39752.4,29614.69,10137.71
4207,2024-11-07,Канцелярия,Екатеринбург,Потребитель,4.0,558.62,2234.48,1465.86,768.62
4208,2023-11-01,Техника,Москва,Потребитель,7.0,3626.62,25386.34,14187.07,11199.27
4209,2023-02-22,Мебель,Новосибирск,Потребитель,64.0,454.59,29093.76,16723.83,12369.93
4210,2023-05-12,Канцелярия,Новосибирск,Корпоратив,5.0,941.49,4707.45,3402.81,1304.64
4211,2023-02-18,Канцелярия,Самара,Корпоратив,16.0,235.62,3769.92,2393.3,1376.62
4212,2024-08-25,Дом и сад,Москва,Потребитель,13.0,610.79,7940.27,6046.75,1893.52
4213,2023-01-22,Офис,Санкт-Петербург,Корпоратив,4.0,1002.84,4011.36,2809.29,1202.07
4214,2024-02-26,Офис,Екатеринбург,Мелкий опт,1.0,673.77,673.77,470.79,202.98
4215,2023-08-09,Дом и сад,Новосибирск,Корпоратив,22.0,1612.4,35472.8,23369.92,12102.88
4216,2023-11-05,Техника,Екатеринбург,Мелкий опт,4.0,614.49,2457.96,1836.39,621.57
4217,2023-10-28,Дом и сад,Екатеринбург,Потребитель,3.0,541.43,1624.29,1146.8,477.49
4218,2024-10-26,Канцелярия,Екатеринбург,Потребитель,9.0,149.13,1342.17,902.87,439.3
4219,2024-08-12,Техника,Санкт-Петербург,Потребитель,4.0,314.13,1256.52,853.84,402.68
4220,2024-11-14,Техника,Санкт-Петербург,Мелкий опт,9.0,308.61,2777.49,2096.52,680.97
4221,2023-03-11,Канцелярия,Санкт-Петербург,Мелкий опт,8.0,519.89,4159.12,2918.17,1240.95
4222,2023-12-09,Дом и сад,Новосибирск,Корпоратив,129.0,123.67,15953.43,11123.84,4829.59
4223,2023-09-10,Канцелярия,Новосибирск,Мелкий опт,7.0,107.21,750.47,512.75,237.72
4224,2024-03-08,Мебель,Санкт-Петербург,Потребитель,68.0,561.19,38160.92,23643.96,14516.96
4225,2024-12-12,Дом и сад,Санкт-Петербург,Потребитель,25.0,260.53,6513.25,4185.36,2327.89
4226,2023-01-11,Офис,Санкт-Петербург,Потребитель,2.0,134.38,268.76,208.66,60.1
4227,2024-02-15,Мебель,Екатеринбург,Потребитель,4.0,1188.29,4753.16,2905.52,1847.64
4228,2024-06-25,Техника,Новосибирск,Корпоратив,7.0,1066.69,7466.83,5022.59,2444.24
4229,2024-04-19,Офис,Екатеринбург,Потребитель,6.0,94.35,566.1,375.14,190.96
4230,2023-06-25,Канцелярия,Санкт-Петербург,Потребитель,6.0,355.93,2135.58,1702.84,432.74
4231,2024-12-06,Техника,Екатеринбург,Потребитель,14.0,418.1,5853.4,3428.35,2425.05
4232,2023-10-26,Техника,Екатеринбург,Потребитель,5.0,179.59,897.95,635.54,262.41
4233,2024-11-25,Дом и сад,Новосибирск,Потребитель,17.0,389.99,6629.83,4795.0,1834.83
4234,2024-06-28,Техника,Москва,Корпоратив,68.0,261.96,17813.28,11523.78,6289.5
4235,2024-08-15,Техника,Самара,Потребитель,13.0,607.83,7901.79,6032.57,1869.22
4236,2024-06-26,Офис,Новосибирск,Потребитель,7.0,384.53,2691.71,1716.73,974.98
4237,2023-03-01,Дом и сад,Санкт-Петербург,Потребитель,28.0,654.28,18319.84,12618.38,5701.46
4238,2023-01-13,Техника,Екатеринбург,Корпоратив,3.0,438.17,1314.51,895.22,419.29
4239,2024-03-21,Дом и сад,Новосибирск,Мелкий опт,3.0,463.07,1389.21,885.95,503.26
4240,2024-04-15,Офис,Новосибирск,Потребитель,17.0,839.22,14266.74,10998.24,3268.5
4241,2024-11-10,Канцелярия,Санкт-Петербург,Потребитель,9.0,99.19,892.71,686.78,205.93
4242,2024-08-04,Дом и сад,Екатеринбург,Корпоратив,32.0,264.0,8448.0,5550.53,2897.47
4243,2024-07-02,Канцелярия,Новосибирск,Корпоратив,16.0,165.07,2641.12,1894.17,746.95
4244,2023-06-06,Техника,Санкт-Петербург,Мелкий опт,10.0,329.61,3296.1,2605.45,690.65
4245,2023-11-22,Техника,Санкт-Петербург,Корпоратив,5.0,344.01,1720.05,1298.55,421.5
4246,2024-09-20,Мебель,Екатеринбург,Потребитель,32.0,174.48,-1.0,4044.61,1538.75
4247,2023-05-19,Дом и сад,Екатеринбург,Потребитель,10.0,415.98,4159.8,2625.76,1534.04
4248,2023-12-29,Мебель,Самара,Корпоратив,1.0,17.97,17.97,11.98,5.99
4249,2023-03-29,Техника,Екатеринбург,Мелкий опт,3.0,733.81,2201.43,1403.05,798.38
4250,2023-12-18,Дом и сад,Самара,Корпоратив,30.0,207.2,6216.0,4746.77,1469.23
4251,2024-03-08,Техника,Екатеринбург,Потребитель,5.0,480.87,2404.35,1873.82,530.53
4252,2024-02-15,Техника,Москва,Потребитель,7.0,271.33,1899.31,1325.2,574.11
4253,2024-04-28,Офис,Москва,Потребитель,11.0,681.81,7499.91,4319.55,3180.36
4254,2024-11-06,Офис,Самара,Корпоратив,16.0,2032.45,32519.2,22213.65,10305.55
4255,2023-06-21,Офис,Самара,Потребитель,10.0,502.36,5023.6,2896.99,2126.61
4256,2024-08-01,Офис,Самара,Мелкий опт,13.0,197.04,2561.52,1842.82,718.7
4257,2024-04-02,Дом и сад,Санкт-Петербург,Потребитель,32.0,554.31,17737.92,10208.68,7529.24
4258,2024-03-18,Офис,Москва,Корпоратив,12.0,1287.97,15455.64,8758.68,6696.96
4259,2023-11-23,Офис,Екатеринбург,Мелкий опт,5.0,450.43,2252.15,1292.01,960.14
4260,2023-11-02,Мебель,Санкт-Петербург,Корпоратив,17.0,276.32,4697.44,3629.49,1067.95
4261,2024-01-23,Канцелярия,Санкт-Петербург,Потребитель,2.0,409.5,819.0,614.14,204.86
4262,2023-03-14,Дом и сад,Екатеринбург,Корпоратив,16.0,393.53,6296.48,4483.06,1813.42
4263,2024-11-19,Канцелярия,Новосибирск,Потребитель,4.0,102.64,410.56,236.63,173.93
4264,2023-12-31,Канцелярия,Самара,Потребитель,1.0,383.97,383.97,261.78,122.19
4265,2024-03-28,Техника,Самара,Потребитель,4.0,342.15,1368.6,767.38,601.22
4266,2024-09-24,Техника,Москва,Потребитель,27.0,656.38,17722.26,10435.04,7287.22
4267,2023-05-12,Техника,Самара,Потребитель,3.0,635.29,1905.87,1499.46,406.41
4268,2023-04-05,Офис,Новосибирск,Мелкий опт,4.0,438.71,1754.84,1397.75,357.09
4269,2024-08-27,Канцелярия,Екатеринбург,Потребитель,6.0,150.73,904.38,578.11,326.27
4270,2023-07-27,Дом и сад,Новосибирск,Мелкий опт,47.0,170.42,8009.74,5769.68,2240.06
4271,2023-10-07,Мебель,Санкт-Петербург,Мелкий опт,4.0,875.16,3500.64,2473.64,1027.0
4272,2024-08-29,Мебель,Екатеринбург,Потребитель,10.0,2318.87,23188.7,12869.95,10318.75
4273,2023-10-06,Техника,Екатеринбург,Потребитель,3.0,824.54,2473.62,1845.61,628.01
4274,2024-12-22,Мебель,Санкт-Петербург,Корпоратив,5.0,1076.92,5384.6,3392.14,1992.46
4275,2024-08-27,Офис,Новосибирск,Потребитель,21.0,1063.37,22330.77,13203.4,9127.37
4276,2023-07-07,Дом и сад,Самара,Мелкий опт,11.0,340.96,3750.56,2577.68,1172.88
4277,2024-11-27,Техника,Новосибирск,Потребитель,3.0,294.08,882.24,685.66,196.58
4278,2024-05-25,Дом и сад,Москва,Корпоратив,16.0,248.43,3974.88,3065.57,909.31
4279,2024-09-21,Офис,Самара,Потребитель,20.0,1163.57,23271.4,13960.23,9311.17
4280,2024-02-10,Канцелярия,Москва,Корпоратив,7.0,325.48,2278.36,1443.04,835.32
4281,2024-03-07,Офис,Москва,Потребитель,4.0,304.6,1218.4,763.9,454.5
4282,2023-01-17,Канцелярия,Самара,Корпоратив,8.0,154.76,1238.08,863.24,374.84
4283,2024-09-10,Мебель,Новосибирск,Потребитель,22.0,552.1,12146.2,9412.21,2733.99
4284,2023-03-15,Канцелярия,Екатеринбург,Корпоратив,4.0,244.97,979.88,756.6,223.28
4285,2024-07-27,Офис,Москва,Потребитель,7.0,391.61,2741.27,1892.11,849.16
4286,2024-09-30,Мебель,Екатеринбург,Потребитель,5.0,489.97,2449.85,1381.05,1068.8
4287,2024-09-02,Мебель,Самара,Корпоратив,4.0,333.4,1333.6,993.35,340.25
4288,2023-12-28,Офис,Москва,Потребитель,3.0,205.62,616.86,474.09,142.77
4289,2023-02-08,Офис,Новосибирск,Мелкий опт,8.0,1840.07,14720.56,10584.01,4136.55
4290,2024-01-15,Канцелярия,Новосибирск,Потребитель,4.0,652.34,2609.36,2041.72,567.64
4291,2023-06-14,Офис,Самара,Корпоратив,1.0,221.32,221.32,156.28,65.04
4292,2023-01-30,Дом и сад,Санкт-Петербург,Корпоратив,4.0,234.59,938.36,750.43,187.93
4293,2024-02-01,Канцелярия,Самара,Потребитель,11.0,411.97,4531.67,3204.13,1327.54
4294,2024-09-01,Дом и сад,Санкт-Петербург,Потребитель,10.0,559.31,5593.1,3903.61,1689.49
4295,2023-02-04,Дом и сад,Екатеринбург,Потребитель,44.0,175.44,7719.36,4968.73,2750.63
4296,2024-09-06,Офис,Самара,Потребитель,11.0,729.22,8021.42,5984.5,2036.92
4297,2023-12-17,Канцелярия,Екатеринбург,Мелкий опт,33.0,529.9,17486.7,10071.72,7414.98
4298,2023-11-30,Канцелярия,Санкт-Петербург,Корпоратив,10.0,224.11,2241.1,1238.94,1002.16
4299,2023-03-10,Канцелярия,Самара,Потребитель,43.0,1090.54,46893.22,31044.7,15848.52
4300,2023-02-02,Офис,Екатеринбург,Корпоратив,13.0,605.72,7874.36,5884.59,1989.77
4301,2024-06-09,Дом и сад,Самара,Корпоратив,21.0,844.39,17732.19,12837.19,4895.0
4302,2024-05-04,Дом и сад,Екатеринбург,Мелкий опт,3.0,196.32,-1.0,332.6,256.36
4303,2023-11-15,Дом и сад,Самара,Корпоратив,13.0,1138.41,14799.33,8889.15,5910.18
4304,2024-01-02,Техника,Санкт-Петербург,Корпоратив,11.0,126.7,1393.7,814.27,579.43
4305,2024-05-01,Канцелярия,Новосибирск,Потребитель,14.0,213.09,2983.26,1760.36,1222.9
4306,2023-04-30,Техника,Новосибирск,Потребитель,9.0,268.36,2415.24,1503.28,911.96
4307,2024-10-31,Мебель,Новосибирск,Потребитель,8.0,229.81,1838.48,1411.83,426.65
4308,2023-04-10,Канцелярия,Самара,Корпоратив,6.0,465.48,2792.88,1731.8,1061.08
4309,2024-07-30,Дом и сад,Санкт-Петербург,Потребитель,5.0,1042.27,5211.35,2948.92,2262.43
4310,2024-03-20,Дом и сад,Новосибирск,Потребитель,11.0,814.06,8954.66,5838.96,3115.7
4311,2024-05-19,Офис,Екатеринбург,Мелкий опт,14.0,2708.24,37915.36,27930.81,9984.55
4312,2023-07-12,Дом и сад,Москва,Потребитель,6.0,571.88,3431.28,2511.95,919.33
4313,2024-08-31,Офис,Новосибирск,Потребитель,13.0,436.95,5680.35,4091.17,1589.18
4314,2024-06-26,Канцелярия,Екатеринбург,Корпоратив,4.0,119.44,477.76,292.64,185.12
4315,2023-02-25,Техника,Москва,Корпоратив,7.0,95.68,669.76,455.71,214.05
4316,2024-03-17,Дом и сад,Екатеринбург,Мелкий опт,21.0,253.74,5328.54,3887.73,1440.81
4317,2023-08-25,Дом и сад,Москва,Корпоратив,1.0,1637.61,1637.61,935.28,702.33
4318,2023-02-06,Техника,Москва,Потребитель,6.0,372.35,2234.1,1529.04,705.06
4319,2024-08-27,Техника,Москва,Потребитель,20.0,322.43,6448.6,4772.14,1676.46
4320,2024-11-09,Дом и сад,Санкт-Петербург,Потребитель,34.0,160.59,5460.06,4067.0,1393.06
4321,2024-08-06,Канцелярия,Санкт-Петербург,Корпоратив,6.0,344.24,2065.44,1564.6,500.84
4322,2023-07-16,Дом и сад,Санкт-Петербург,Корпоратив,8.0,1262.11,10096.88,6638.82,3458.06
4323,2024-01-23,Мебель,Самара,Потребитель,8.0,177.34,1418.72,817.67,601.05
4324,2024-09-19,Канцелярия,Новосибирск,Потребитель,4.0,450.42,1801.68,1065.68,736.0
4325,2024-11-17,Канцелярия,Санкт-Петербург,Мелкий опт,2.0,458.77,917.54,657.65,259.89
4326,2023-12-30,Дом и сад,Москва,Потребитель,8.0,625.21,5001.68,2905.68,2096.0
4327,2024-10-03,Офис,Москва,Потребитель,2.0,592.95,1185.9,908.58,277.32
4328,2024-05-12,Канцелярия,Новосибирск,Потребитель,1.0,508.44,508.44,349.03,159.41
4329,2023-12-02,Канцелярия,Екатеринбург,Потребитель,9.0,206.76,1860.84,1060.18,800.66
4330,2024-10-13,Техника,Санкт-Петербург,Потребитель,1.0,518.75,518.75,296.3,222.45
4331,2023-10-09,Канцелярия,Самара,Потребитель,4.0,584.31,2337.24,1434.26,902.98
4332,2024-03-21,Дом и сад,Самара,Потребитель,13.0,136.51,1774.63,1361.47,413.16
4333,2024-02-03,Офис,Самара,Потребитель,11.0,811.05,8921.55,5357.79,3563.76
4334,2023-09-22,Дом и сад,Самара,Корпоратив,3.0,810.39,2431.17,1699.04,732.13
4335,2024-10-06,Дом и сад,Санкт-Петербург,Корпоратив,40.0,531.32,21252.8,13540.2,7712.6
4336,2023-07-06,Канцелярия,Самара,Потребитель,2.0,575.09,1150.18,841.26,308.92
4337,2024-01-20,Дом и сад,Самара,Корпоратив,30.0,353.05,10591.5,6054.51,4536.99
4338,2024-02-21,Дом и сад,Екатеринбург,Мелкий опт,33.0,1139.79,37613.07,23950.22,13662.85
4339,2023-12-16,Мебель,Москва,Корпоратив,31.0,111.88,3468.28,2768.64,699.64
4340,2023-07-11,Дом и сад,Санкт-Петербург,Корпоратив,4.0,407.9,1631.6,920.63,710.97
4341,2023-11-09,Техника,Екатеринбург,Потребитель,2.0,261.22,522.44,316.12,206.32
4342,2024-03-05,Офис,Новосибирск,Мелкий опт,5.0,412.75,2063.75,1321.02,742.73
4343,2023-07-19,Офис,Новосибирск,Потребитель,13.0,316.51,4114.63,3083.77,1030.86
4344,2024-12-09,Техника,Самара,Корпоратив,,1027.26,19517.94,15406.17,4111.77
4345,2024-05-15,Дом и сад,Санкт-Петербург,Потребитель,5.0,348.05,1740.25,1076.2,664.05
4346,2024-03-29,Дом и сад,Екатеринбург,Потребитель,8.0,613.54,4908.32,3452.76,1455.56
4347,2024-07-01,Дом и сад,Екатеринбург,Мелкий опт,7.0,267.7,1873.9,1236.63,637.27
4348,2024-05-23,Дом и сад,Новосибирск,Потребитель,14.0,156.42,2189.88,1506.68,683.2
4349,2024-07-05,Офис,Екатеринбург,Потребитель,7.0,356.04,2492.28,1477.2,1015.08
4350,2023-07-08,Дом и сад,Самара,Корпоратив,18.0,107.29,1931.22,1088.72,842.5
4351,2023-05-08,Офис,Екатеринбург,Мелкий опт,8.0,272.09,2176.72,1662.11,514.61
4352,2024-06-12,Офис,Санкт-Петербург,Потребитель,46.0,1278.4,58806.4,32826.64,25979.76
4353,2023-11-14,Канцелярия,Екатеринбург,Мелкий опт,6.0,712.89,4277.34,2717.76,1559.58
4354,2024-05-25,Канцелярия,Москва,Потребитель,17.0,2274.93,38673.81,23093.67,15580.14
4355,2024-12-11,Офис,Екатеринбург,Корпоратив,5.0,125.15,625.75,479.08,146.67
4356,2023-10-22,Дом и сад,Самара,Корпоратив,40.0,333.03,13321.2,7459.56,5861.64
4357,2024-03-11,Канцелярия,Екатеринбург,Корпоратив,4.0,313.78,1255.12,989.98,265.14
4358,2024-06-10,Офис,Новосибирск,Потребитель,9.0,892.91,8036.19,5068.97,2967.22
4359,2023-06-16,Дом и сад,Санкт-Петербург,Потребитель,16.0,540.62,8649.92,5166.3,3483.62
4360,2024-10-28,Техника,Санкт-Петербург,Корпоратив,0.0,494.22,0.0,0.0,0.0
4361,2024-10-13,Офис,Москва,Потребитель,8.0,572.26,4578.08,2987.75,1590.33
4362,2023-03-11,Дом и сад,Москва,Потребитель,8.0,452.16,3617.28,2645.59,971.69
4363,2024-05-21,Дом и сад,Екатеринбург,Корпоратив,4.0,1397.27,5589.08,4329.99,1259.09
4364,2023-09-05,Дом и сад,Новосибирск,Потребитель,16.0,276.4,4422.4,3253.26,1169.14
4365,2024-05-13,Техника,Санкт-Петербург,Мелкий опт,10.0,911.7,9117.0,6919.91,2197.09
4366,2023-06-23,Мебель,Санкт-Петербург,Мелкий опт,10.0,575.71,5757.1,3842.97,1914.13
4367,2023-10-15,Офис,Санкт-Петербург,Корпоратив,21.0,248.68,5222.28,3539.34,1682.94
4368,2024-12-09,Техника,Екатеринбург,Корпоратив,15.0,407.33,6109.95,4664.41,1445.54
4369,2023-08-11,Дом и сад,Екатеринбург,Потребитель,0.0,986.8,0.0,0.0,0.0
4370,2023-01-16,Техника,Москва,Корпоратив,3.0,524.9,1574.7,1142.27,432.43
4371,2023-02-26,Техника,Санкт-Петербург,Корпоратив,7.0,196.07,1372.49,1067.61,304.88
4372,2024-10-19,Канцелярия,Москва,Потребитель,2.0,73.43,-1.0,85.52,61.34
4373,2023-09-02,Техника,Санкт-Петербург,Мелкий опт,14.0,1886.11,26405.54,20808.85,5596.69
4374,2024-11-01,Техника,Санкт-Петербург,Мелкий опт,49.0,273.5,13401.5,9547.92,3853.58
4375,2023-12-16,Техника,Новосибирск,Мелкий опт,6.0,403.7,2422.2,1610.66,811.54
4376,2024-01-01,Офис,Самара,Потребитель,5.0,474.41,2372.05,1646.66,725.39
4377,2024-05-18,Техника,Самара,Потребитель,18.0,96.34,1734.12,1063.75,670.37
4378,2023-06-10,Канцелярия,Санкт-Петербург,Потребитель,9.0,123.97,1115.73,690.06,425.67
4379,2024-10-03,Техника,Москва,Корпоратив,13.0,453.32,5893.16,3616.98,2276.18
4380,2024-05-11,Мебель,Санкт-Петербург,Потребитель,8.0,463.68,3709.44,2126.84,1582.6
4381,2024-10-03,Дом и сад,Новосибирск,Потребитель,2.0,364.65,729.3,578.44,150.86
4382,2023-02-27,Мебель,Санкт-Петербург,Мелкий опт,13.0,155.69,2023.97,1426.76,597.21
4383,2024-11-30,Офис,Новосибирск,Мелкий опт,2.0,102.31,204.62,156.31,48.31
4384,2023-10-25,Канцелярия,Новосибирск,Потребитель,6.0,325.83,1954.98,1531.65,423.33
4385,2023-05-30,Мебель,Санкт-Петербург,Мелкий опт,6.0,316.19,1897.14,1318.72,578.42
4386,2023-03-23,Дом и сад,Санкт-Петербург,Потребитель,10.0,226.04,2260.4,1519.73,740.67
4387,2023-05-29,Техника,Самара,Потребитель,11.0,180.04,1980.44,1089.38,891.06
4388,2023-02-01,Канцелярия,Москва,Потребитель,11.0,453.31,4986.41,3266.59,1719.82
4389,2023-09-02,Канцелярия,Самара,Корпоратив,19.0,994.55,18896.45,14353.06,4543.39
4390,2023-08-16,Канцелярия,Москва,Потребитель,6.0,1662.82,9976.92,6992.99,2983.93
4391,2024-01-22,Мебель,Екатеринбург,Потребитель,13.0,446.01,5798.13,4222.18,1575.95
4392,2023-10-04,Офис,Самара,Потребитель,12.0,163.9,1966.8,1536.46,430.34
4393,2024-07-06,Мебель,Екатеринбург,Корпоратив,11.0,205.78,2263.58,1309.49,954.09
4394,2024-07-12,Техника,Новосибирск,Корпоратив,0.0,2400.5,0.0,0.0,0.0
4395,2024-07-05,Техника,Екатеринбург,Корпоратив,2.0,189.33,378.66,219.54,159.12
4396,2023-11-20,Офис,Новосибирск,Потребитель,12.0,595.69,7148.28,4480.37,2667.91
4397,2024-11-09,Офис,Новосибирск,Потребитель,23.0,355.66,8180.18,5503.88,2676.3
4398,2024-08-31,Офис,Москва,Потребитель,11.0,60.1,661.1,391.6,269.5
4399,2024-05-30,Офис,Екатеринбург,Корпоратив,5.0,559.87,2799.35,1698.62,1100.73
4400,2024-10-13,Техника,Екатеринбург,Корпоратив,14.0,615.34,8614.76,6488.91,2125.85
4401,2023-08-12,Офис,Самара,Корпоратив,2.0,3570.78,7141.56,5709.25,1432.31
4402,2024-05-10,Дом и сад,Самара,Потребитель,12.0,346.77,4161.24,3268.22,893.02
4403,2023-10-21,Офис,Самара,Потребитель,13.0,885.01,11505.13,8634.64,2870.49
4404,2023-04-15,Дом и сад,Москва,Потребитель,5.0,156.38,781.9,573.27,208.63
4405,2023-07-20,Офис,Москва,Потребитель,4.0,401.26,1605.04,1099.7,505.34
4406,2023-09-14,Дом и сад,Новосибирск,Потребитель,2.0,165.41,330.82,195.04,135.78
4407,2024-06-16,Мебель,Самара,Потребитель,19.0,275.17,5228.23,4047.93,1180.3
4408,2024-10-23,Канцелярия,Санкт-Петербург,Мелкий опт,56.0,616.82,34541.92,20536.81,14005.11
4409,2023-12-26,Техника,Москва,Корпоратив,8.0,241.14,1929.12,1271.41,657.71
4410,2024-01-24,Дом и сад,Санкт-Петербург,Мелкий опт,5.0,467.22,2336.1,1353.28,982.82
4411,2024-09-16,Мебель,Санкт-Петербург,Потребитель,4.0,197.23,788.92,454.6,334.32
4412,2024-05-30,Дом и сад,Москва,Мелкий опт,10.0,567.35,5673.5,4418.02,1255.48
4413,2023-03-28,Офис,Москва,Корпоратив,5.0,1274.53,6372.65,3511.67,2860.98
4414,2024-11-11,Дом и сад,Москва,Мелкий опт,5.0,180.63,903.15,541.16,361.99
4415,2023-05-19,Мебель,Москва,Потребитель,10.0,573.18,5731.8,4492.69,1239.11
4416,2024-07-28,Мебель,Новосибирск,Корпоратив,24.0,244.63,5871.12,4389.12,1482.0
4417,2023-09-28,Техника,Екатеринбург,Потребитель,1.0,153.51,153.51,90.2,63.31
4418,2024-03-19,Офис,Москва,Потребитель,19.0,416.15,7906.85,5430.96,2475.89
4419,2023-04-06,Офис,Екатеринбург,Потребитель,4.0,229.08,916.32,577.76,338.56
4420,2023-12-17,Офис,Москва,Мелкий опт,14.0,160.25,2243.5,1619.64,623.86
4421,2024-05-28,Дом и сад,Санкт-Петербург,Потребитель,4.0,327.4,1309.6,781.7,527.9
4422,2023-09-15,Дом и сад,Санкт-Петербург,Потребитель,12.0,251.62,3019.44,2059.71,959.73
4423,2023-11-11,Дом и сад,Екатеринбург,Потребитель,4.0,1021.57,4086.28,2567.75,1518.53
4424,2024-11-11,Канцелярия,Самара,Потребитель,19.0,413.41,7854.79,5453.93,2400.86
4425,2024-02-14,Мебель,Екатеринбург,Корпоратив,3.0,405.87,1217.61,710.31,507.3
4426,2023-05-07,Дом и сад,Самара,Мелкий опт,1.0,221.43,221.43,140.25,81.18
4427,2024-10-30,Офис,Екатеринбург,Потребитель,19.0,852.58,16199.02,12509.81,3689.21
4428,2023-09-18,Техника,Москва,Потребитель,3.0,410.87,1232.61,808.53,424.08
4429,2024-02-17,Дом и сад,Екатеринбург,Потребитель,4.0,1363.66,5454.64,3049.56,2405.08
4430,2023-06-28,Дом и сад,Санкт-Петербург,Мелкий опт,,250.32,500.64,383.1,117.54
4431,2024-08-31,Техника,Москва,Корпоратив,5.0,147.96,739.8,410.25,329.55
4432,2023-05-27,Техника,Санкт-Петербург,Потребитель,11.0,266.48,2931.28,1911.31,1019.97
4433,2024-03-10,Техника,Новосибирск,Корпоратив,39.0,185.91,7250.49,4759.37,2491.12
4434,2024-02-22,Канцелярия,Самара,Мелкий опт,13.0,1390.53,18076.89,13451.63,4625.26
4435,2023-12-28,Дом и сад,Самара,Потребитель,7.0,445.1,3115.7,2107.58,1008.12
4436,2023-06-26,Канцелярия,Самара,Мелкий опт,16.0,716.38,11462.08,6652.91,4809.17
4437,2023-02-27,Мебель,Новосибирск,Корпоратив,9.0,342.24,3080.16,2462.53,617.63
4438,2024-03-24,Офис,Екатеринбург,Потребитель,12.0,392.58,4710.96,3726.72,984.24
4439,2024-05-20,Техника,Самара,Потребитель,15.0,461.03,6915.45,4764.48,2150.97
4440,2024-03-01,Офис,Санкт-Петербург,Потребитель,5.0,188.11,940.55,700.14,240.41
4441,2024-09-29,Мебель,Екатеринбург,Корпоратив,25.0,784.84,19621.0,13973.52,5647.48
4442,2024-02-10,Офис,Санкт-Петербург,Мелкий опт,2.0,727.08,1454.16,850.82,603.34
4443,2023-05-03,Офис,Санкт-Петербург,Потребитель,13.0,728.15,9465.95,6016.86,3449.09
4444,2024-01-19,Канцелярия,Самара,Корпоратив,27.0,318.49,8599.23,4989.49,3609.74
4445,2024-12-24,Канцелярия,Екатеринбург,Мелкий опт,24.0,2837.19,68092.56,38352.37,29740.19
4446,2023-07-06,Дом и сад,Новосибирск,Потребитель,5.0,532.02,2660.1,1590.95,1069.15
4447,2024-05-30,Канцелярия,Москва,Корпоратив,10.0,130.03,1300.3,759.84,540.46
4448,2024-09-24,Канцелярия,Москва,Корпоратив,4.0,273.75,1095.0,676.57,418.43
4449,2024-04-29,Офис,Санкт-Петербург,Потребитель,23.0,543.43,12498.89,8342.31,4156.58
4450,2023-06-23,Офис,Самара,Потребитель,1.0,565.02,565.02,393.29,171.73
4451,2023-06-14,Канцелярия,Санкт-Петербург,Мелкий опт,7.0,424.58,2972.06,1723.2,1248.86
4452,2024-10-09,Техника,Москва,Корпоратив,1.0,308.81,308.81,188.02,120.79
4453,2024-12-11,Дом и сад,Москва,Потребитель,29.0,434.48,12599.92,8735.93,3863.99
4454,2023-10-15,Дом и сад,Москва,Мелкий опт,,574.13,2296.52,1542.66,753.86
4455,2023-03-01,Дом и сад,Екатеринбург,Потребитель,43.0,491.73,21144.39,13577.74,7566.65
4456,2023-03-18,Дом и сад,Москва,Потребитель,34.0,889.92,30257.28,22629.43,7627.85
4457,2023-05-29,Дом и сад,Москва,Потребитель,2.0,154.04,308.08,205.05,103.03
4458,2024-12-22,Канцелярия,Самара,Потребитель,7.0,185.33,1297.31,812.22,485.09
4459,2023-11-21,Мебель,Самара,Корпоратив,7.0,98.65,690.55,503.19,187.36
4460,2023-03-22,Дом и сад,Екатеринбург,Потребитель,7.0,655.86,4591.02,3165.11,1425.91
4461,2023-11-03,Канцелярия,Екатеринбург,Потребитель,39.0,858.09,33465.51,20830.85,12634.66
4462,2024-11-22,Офис,Екатеринбург,Потребитель,8.0,705.18,5641.44,4258.0,1383.44
4463,2023-06-24,Канцелярия,Самара,Корпоратив,4.0,670.26,2681.04,2078.61,602.43
4464,2023-12-31,Мебель,Новосибирск,Мелкий опт,7.0,1019.52,7136.64,4657.97,2478.67
4465,2024-02-28,Канцелярия,Санкт-Петербург,Потребитель,8.0,592.28,4738.24,3756.13,982.11
4466,2023-07-29,Дом и сад,Санкт-Петербург,Корпоратив,3.0,522.8,1568.4,1190.75,377.65
4467,2023-01-08,Дом и сад,Санкт-Петербург,Мелкий опт,7.0,1259.13,8813.91,6908.7,1905.21
4468,2024-12-06,Дом и сад,Самара,Потребитель,4.0,238.28,953.12,534.91,418.21
4469,2023-09-02,Офис,Санкт-Петербург,Корпоратив,1.0,301.89,301.89,205.56,96.33
4470,2023-05-01,Канцелярия,Екатеринбург,Корпоратив,15.0,536.97,8054.55,4596.87,3457.68
4471,2024-02-29,Техника,Москва,Потребитель,6.0,2341.94,14051.64,9010.01,5041.63
4472,2023-06-11,Дом и сад,Екатеринбург,Потребитель,3.0,170.93,512.79,307.95,204.84
4473,2024-02-24,Канцелярия,Екатеринбург,Мелкий опт,,401.49,802.98,618.32,184.66
4474,2024-09-11,Дом и сад,Новосибирск,Потребитель,2.0,774.89,-1.0,1182.39,367.39
4475,2024-02-11,Офис,Санкт-Петербург,Потребитель,5.0,291.06,1455.3,1112.39,342.91
4476,2023-10-01,Дом и сад,Екатеринбург,Потребитель,3.0,308.32,924.96,649.77,275.19
4477,2023-05-13,Мебель,Екатеринбург,Корпоратив,32.0,288.11,9219.52,5887.16,3332.36
4478,2024-08-26,Дом и сад,Санкт-Петербург,Потребитель,25.0,1200.69,30017.25,23988.88,6028.37
4479,2024-04-30,Офис,Новосибирск,Потребитель,10.0,155.92,1559.2,1051.38,507.82
4480,2024-01-18,Канцелярия,Санкт-Петербург,Потребитель,2.0,308.49,616.98,486.23,130.75
4481,2024-03-19,Техника,Новосибирск,Потребитель,37.0,262.22,9702.14,6295.79,3406.35
4482,2024-03-27,Канцелярия,Санкт-Петербург,Потребитель,15.0,250.88,3763.2,2816.46,946.74
4483,2024-01-11,Дом и сад,Самара,Корпоратив,12.0,454.61,5455.32,3678.87,1776.45
4484,2023-01-17,Канцелярия,Санкт-Петербург,Корпоратив,25.0,404.66,10116.5,6276.46,3840.04
4485,2023-04-01,Дом и сад,Самара,Потребитель,8.0,695.91,5567.28,3978.5,1588.78
4486,2023-11-16,Техника,Санкт-Петербург,Корпоратив,5.0,1838.41,9192.05,6977.95,2214.1
4487,2024-12-10,Техника,Москва,Корпоратив,13.0,1288.17,16746.21,9583.54,7162.67
4488,2024-03-14,Дом и сад,Санкт-Петербург,Потребитель,7.0,306.53,2145.71,1266.41,879.3
4489,2024-03-19,Дом и сад,Екатеринбург,Потребитель,7.0,205.89,1441.23,953.13,488.1
4490,2024-03-04,Техника,Екатеринбург,Потребитель,8.0,77.54,620.32,480.1,140.22
4491,2024-09-12,Канцелярия,Москва,Мелкий опт,1.0,295.97,295.97,206.29,89.68
4492,2024-10-14,Канцелярия,Санкт-Петербург,Потребитель,4.0,435.83,1743.32,994.74,748.58
4493,2024-05-10,Офис,Екатеринбург,Потребитель,1.0,181.05,181.05,105.39,75.66
4494,2023-02-04,Канцелярия,Новосибирск,Потребитель,1.0,1092.98,1092.98,831.2,261.78
4495,2023-09-24,Офис,Екатеринбург,Корпоратив,6.0,236.0,1416.0,1064.2,351.8
4496,2023-07-12,Офис,Москва,Корпоратив,3.0,177.09,531.27,328.48,202.79
4497,2023-12-04,Офис,Москва,Мелкий опт,1.0,412.67,412.67,232.24,180.43
4498,2024-01-22,Офис,Москва,Мелкий опт,19.0,459.64,8733.16,5740.36,2992.8
4499,2024-03-14,Мебель,Новосибирск,Мелкий опт,23.0,162.88,3746.24,2691.94,1054.3
4500,2023-09-05,Офис,Москва,Корпоратив,9.0,804.72,7242.48,4425.11,2817.37
4501,2023-01-17,Техника,Санкт-Петербург,Мелкий опт,18.0,250.55,4509.9,2612.3,1897.6
4502,2024-12-29,Техника,Санкт-Петербург,Потребитель,3.0,245.89,737.67,563.97,173.7
4503,2023-05-05,Мебель,Москва,Потребитель,2.0,338.24,676.48,472.55,203.93
4504,2024-09-25,Дом и сад,Екатеринбург,Потребитель,4.0,361.81,1447.24,1141.81,305.43
4505,2024-03-06,Мебель,Москва,Корпоратив,12.0,6576.9,78922.8,51372.48,27550.32
4506,2024-07-11,Канцелярия,Москва,Потребитель,3.0,266.48,799.44,480.3,319.14
4507,2023-10-20,Техника,Санкт-Петербург,Потребитель,7.0,267.33,1871.31,1265.45,605.86
4508,2024-10-21,Дом и сад,Самара,Корпоратив,10.0,268.73,2687.3,1513.55,1173.75
4509,2024-06-14,Техника,Новосибирск,Мелкий опт,36.0,287.75,10359.0,8238.91,2120.09
4510,2023-12-30,Офис,Санкт-Петербург,Потребитель,2.0,336.96,673.92,482.88,191.04
4511,2023-11-22,Дом и сад,Санкт-Петербург,Корпоратив,28.0,118.1,3306.8,2632.07,674.73
4512,2023-08-27,Техника,Екатеринбург,Мелкий опт,13.0,546.25,7101.25,5244.04,1857.21
4513,2024-02-18,Дом и сад,Санкт-Петербург,Мелкий опт,7.0,1355.38,9487.66,5824.48,3663.18
4514,2024-03-02,Дом и сад,Новосибирск,Потребитель,4.0,262.71,1050.84,678.85,371.99
4515,2023-02-22,Офис,Новосибирск,Потребитель,9.0,2449.71,22047.39,13618.98,8428.41
4516,2023-07-04,Офис,Самара,Потребитель,15.0,379.53,5692.95,3679.51,2013.44
4517,2023-01-19,Канцелярия,Самара,Корпоратив,4.0,608.65,2434.6,1464.33,970.27
4518,2024-09-18,Канцелярия,Санкт-Петербург,Потребитель,13.0,614.28,7985.64,5430.53,2555.11
4519,2024-01-16,Офис,Екатеринбург,Мелкий опт,15.0,441.94,6629.1,3809.04,2820.06
4520,2024-05-26,Дом и сад,Екатеринбург,Корпоратив,19.0,773.48,14696.12,11597.41,3098.71
4521,2023-07-30,Офис,Санкт-Петербург,Мелкий опт,3.0,555.72,1667.16,1289.66,377.5
4522,2023-02-02,Мебель,Москва,Мелкий опт,1.0,308.35,308.35,207.29,101.06
4523,2023-08-19,Техника,Москва,Потребитель,40.0,321.25,12850.0,8966.45,3883.55
4524,2023-07-03,Канцелярия,Новосибирск,Потребитель,18.0,878.04,15804.72,11899.78,3904.94
4525,2023-12-31,Мебель,Санкт-Петербург,Корпоратив,1.0,1265.55,1265.55,985.18,280.37
4526,2023-05-17,Мебель,Санкт-Петербург,Потребитель,29.0,575.91,16701.39,10232.05,6469.34
4527,2024-08-03,Дом и сад,Екатеринбург,Корпоратив,6.0,232.02,1392.12,1053.32,338.8
4528,2023-08-05,Офис,Екатеринбург,Корпоратив,3.0,225.52,676.56,379.39,297.17
4529,2024-04-05,Техника,Москва,Мелкий опт,9.0,346.25,3116.25,2392.46,723.79
4530,2024-03-02,Мебель,Екатеринбург,Мелкий опт,1.0,245.43,245.43,162.37,83.06
4531,2023-05-17,Офис,Екатеринбург,Потребитель,19.0,936.92,17801.48,9978.99,7822.49
4532,2024-12-25,Техника,Новосибирск,Потребитель,21.0,2150.34,45157.14,30592.22,14564.92
4533,2024-10-27,Канцелярия,Самара,Потребитель,9.0,1150.63,10355.67,7833.15,2522.52
4534,2023-04-08,Дом и сад,Самара,Корпоратив,25.0,692.07,17301.75,13143.95,4157.8
4535,2023-04-20,Техника,Москва,Потребитель,1.0,706.52,706.52,474.29,232.23
4536,2024-04-30,Техника,Екатеринбург,Корпоратив,20.0,828.29,16565.8,12178.82,4386.98
4537,2024-07-10,Офис,Москва,Мелкий опт,2.0,215.42,430.84,280.12,150.72
4538,2023-11-03,Дом и сад,Новосибирск,Мелкий опт,60.0,267.94,-1.0,12473.52,3602.88
4539,2023-03-12,Дом и сад,Санкт-Петербург,Потребитель,11.0,190.52,2095.72,1537.03,558.69
4540,2024-01-11,Техника,Санкт-Петербург,Корпоратив,6.0,1726.72,10360.32,6695.14,3665.18
4541,2024-06-17,Канцелярия,Санкт-Петербург,Потребитель,4.0,129.98,519.92,336.13,183.79
4542,2023-11-05,Офис,Новосибирск,Мелкий опт,24.0,597.82,14347.68,9512.7,4834.98
4543,2023-07-27,Канцелярия,Самара,Корпоратив,35.0,171.18,5991.3,3944.8,2046.5
4544,2023-08-16,Офис,Екатеринбург,Корпоратив,,553.2,19915.2,11231.68,8683.52
4545,2024-06-01,Техника,Москва,Корпоратив,,182.62,730.48,419.62,310.86
4546,2023-09-01,Техника,Екатеринбург,Корпоратив,17.0,760.58,12929.86,7634.24,5295.62
4547,2024-07-06,Дом и сад,Москва,Корпоратив,24.0,877.15,21051.6,13637.76,7413.84
4548,2023-05-03,Канцелярия,Екатеринбург,Потребитель,14.0,1330.85,18631.9,10850.13,7781.77
4549,2024-04-24,Офис,Новосибирск,Корпоратив,14.0,595.97,8343.58,5198.37,3145.21
4550,2023-08-06,Техника,Москва,Корпоратив,106.0,226.74,24034.44,15516.56,8517.88
4551,2024-11-17,Офис,Москва,Потребитель,10.0,313.74,3137.4,1748.42,1388.98
4552,2024-09-12,Мебель,Москва,Корпоратив,5.0,193.49,967.45,644.88,322.57
4553,2023-04-24,Мебель,Самара,Корпоратив,14.0,1600.32,22404.48,17072.64,5331.84
4554,2024-01-14,Офис,Самара,Корпоратив,24.0,529.14,12699.36,9518.5,3180.86
4555,2024-07-01,Мебель,Самара,Корпоратив,4.0,1251.8,5007.2,3597.15,1410.05
4556,2024-12-04,Офис,Санкт-Петербург,Корпоратив,4.0,1203.03,4812.12,3347.68,1464.44
4557,2023-11-30,Канцелярия,Москва,Потребитель,4.0,213.26,853.04,483.97,369.07
4558,2024-06-18,Офис,Москва,Потребитель,5.0,3222.45,16112.25,12448.68,3663.57
4559,2024-07-07,Канцелярия,Самара,Корпоратив,3.0,367.89,1103.67,635.17,468.5
4560,2024-10-16,Мебель,Москва,Потребитель,4.0,424.56,1698.24,1072.28,625.96
4561,2024-01-18,Канцелярия,Самара,Корпоратив,4.0,563.27,2253.08,1662.07,591.01
4562,2024-11-25,Дом и сад,Екатеринбург,Потребитель,6.0,457.56,2745.36,2098.78,646.58
4563,2024-03-25,Офис,Екатеринбург,Потребитель,4.0,239.52,958.08,610.14,347.94
4564,2024-04-10,Мебель,Новосибирск,Потребитель,7.0,170.73,1195.11,680.17,514.94
4565,2023-04-17,Дом и сад,Санкт-Петербург,Потребитель,5.0,178.63,893.15,702.76,190.39
4566,2023-06-11,Дом и сад,Санкт-Петербург,Корпоратив,2.0,1344.44,2688.88,1912.39,776.49
4567,2024-10-16,Техника,Санкт-Петербург,Корпоратив,5.0,288.4,1442.0,1000.82,441.18
4568,2023-10-17,Канцелярия,Новосибирск,Потребитель,18.0,351.44,6325.92,4460.11,1865.81
4569,2023-12-17,Офис,Новосибирск,Корпоратив,5.0,432.71,2163.55,1618.62,544.93
4570,2024-09-11,Офис,Екатеринбург,Потребитель,9.0,392.98,3536.82,2782.99,753.83
4571,2024-04-04,Дом и сад,Москва,Потребитель,6.0,121.4,728.4,417.38,311.02
4572,2024-03-20,Офис,Санкт-Петербург,Потребитель,47.0,571.77,26873.19,15643.62,11229.57
4573,2023-01-02,Дом и сад,Санкт-Петербург,Потребитель,5.0,245.49,1227.45,972.89,254.56
4574,2024-04-13,Дом и сад,Новосибирск,Потребитель,2.0,1031.92,2063.84,1239.24,824.6
4575,2024-03-22,Дом и сад,Москва,Мелкий опт,5.0,945.68,-1.0,3380.63,1347.77
4576,2024-02-17,Техника,Москва,Потребитель,5.0,1052.54,5262.7,3316.36,1946.34
4577,2024-09-02,Дом и сад,Екатеринбург,Потребитель,3.0,376.74,1130.22,650.76,479.46
4578,2024-03-01,Канцелярия,Санкт-Петербург,Мелкий опт,7.0,109.21,764.47,517.44,247.03
4579,2023-03-03,Дом и сад,Екатеринбург,Корпоратив,26.0,1132.81,29453.06,16351.78,13101.28
4580,2024-10-15,Мебель,Самара,Потребитель,10.0,127.54,1275.4,722.76,552.64
4581,2023-04-16,Канцелярия,Санкт-Петербург,Потребитель,23.0,2644.54,60824.42,39222.2,21602.22
4582,2023-01-07,Офис,Новосибирск,Мелкий опт,15.0,102.74,1541.1,947.76,593.34
4583,2024-07-17,Техника,Новосибирск,Корпоратив,15.0,363.15,5447.25,3733.14,1714.11
4584,2024-12-15,Офис,Новосибирск,Потребитель,11.0,1545.55,17001.05,11437.9,5563.15
4585,2024-11-25,Дом и сад,Новосибирск,Потребитель,12.0,189.86,2278.32,1743.95,534.37
4586,2024-06-05,Техника,Москва,Потребитель,7.0,416.19,2913.33,2175.1,738.23
4587,2024-10-05,Дом и сад,Самара,Потребитель,16.0,396.83,6349.28,3715.96,2633.32
4588,2023-09-27,Офис,Екатеринбург,Корпоратив,14.0,910.43,12746.02,8270.26,4475.76
4589,2023-10-19,Мебель,Санкт-Петербург,Потребитель,24.0,871.46,20915.04,14958.16,5956.88
4590,2024-03-05,Техника,Новосибирск,Потребитель,5.0,319.48,1597.4,1000.93,596.47
4591,2024-05-06,Дом и сад,Екатеринбург,Потребитель,14.0,326.81,4575.34,2619.34,1956.0
4592,2023-05-05,Канцелярия,Самара,Потребитель,8.0,1050.91,8407.28,4626.33,3780.95
4593,2024-08-06,Офис,Москва,Потребитель,20.0,336.34,6726.8,3869.37,2857.43
4594,2023-07-24,Мебель,Екатеринбург,Потребитель,4.0,290.96,1163.84,761.48,402.36
4595,2024-01-20,Дом и сад,Самара,Потребитель,20.0,365.49,7309.8,5664.01,1645.79
4596,2023-02-01,Канцелярия,Самара,Корпоратив,4.0,752.04,3008.16,1655.82,1352.34
4597,2024-06-04,Техника,Москва,Корпоратив,13.0,479.66,6235.58,3823.45,2412.13
4598,2023-06-13,Мебель,Москва,Мелкий опт,3.0,1275.85,3827.55,2818.57,1008.98
4599,2023-11-29,Офис,Екатеринбург,Корпоратив,20.0,434.13,8682.6,5818.0,2864.6
4600,2023-11-21,Офис,Новосибирск,Мелкий опт,2.0,401.44,802.88,542.58,260.3
4601,2023-02-05,Мебель,Санкт-Петербург,Потребитель,8.0,804.92,6439.36,3914.45,2524.91
4602,2024-08-23,Дом и сад,Новосибирск,Корпоратив,11.0,204.03,2244.33,1238.12,1006.21
4603,2023-10-08,Канцелярия,Екатеринбург,Мелкий опт,24.0,445.08,10681.92,7633.78,3048.14
4604,2024-11-29,Техника,Санкт-Петербург,Корпоратив,9.0,414.12,3727.08,2134.94,1592.14
4605,2024-07-09,Канцелярия,Екатеринбург,Мелкий опт,34.0,207.43,7052.62,4829.01,2223.61
4606,2024-08-22,Офис,Санкт-Петербург,Мелкий опт,4.0,1651.48,6605.92,4861.09,1744.83
4607,2024-07-14,Дом и сад,Самара,Корпоратив,24.0,334.77,8034.48,4692.09,3342.39
4608,2024-03-24,Техника,Москва,Корпоратив,18.0,989.82,17816.76,11326.41,6490.35
4609,2023-07-13,Дом и сад,Новосибирск,Потребитель,26.0,812.47,21124.22,13843.67,7280.55
4610,2024-08-17,Канцелярия,Новосибирск,Потребитель,27.0,119.52,3227.04,1841.01,1386.03
4611,2024-08-01,Дом и сад,Новосибирск,Корпоратив,15.0,134.65,2019.75,1579.13,440.62
4612,2023-05-31,Техника,Санкт-Петербург,Корпоратив,10.0,582.32,5823.2,4537.44,1285.76
4613,2023-06-12,Канцелярия,Екатеринбург,Потребитель,1.0,270.99,270.99,184.63,86.36
4614,2024-07-24,Мебель,Екатеринбург,Потребитель,19.0,643.01,12217.19,8829.83,3387.36
4615,2023-02-11,Дом и сад,Самара,Потребитель,23.0,836.29,19234.67,12946.54,6288.13
4616,2024-06-02,Техника,Санкт-Петербург,Потребитель,2.0,1116.34,2232.68,1476.51,756.17
4617,2024-07-14,Канцелярия,Санкт-Петербург,Потребитель,46.0,74.27,3416.42,2468.97,947.45
4618,2024-06-29,Офис,Санкт-Петербург,Корпоратив,12.0,347.41,4168.92,2940.37,1228.55
4619,2023-09-03,Мебель,Екатеринбург,Потребитель,12.0,460.23,5522.76,3627.48,1895.28
4620,2023-04-16,Дом и сад,Москва,Потребитель,,359.75,6475.5,4480.3,1995.2
4621,2023-06-12,Канцелярия,Москва,Потребитель,7.0,594.03,4158.21,2537.09,1621.12
4622,2024-11-02,Офис,Самара,Потребитель,4.0,1218.11,4872.44,2738.83,2133.61
4623,2024-04-06,Дом и сад,Москва,Корпоратив,1.0,159.76,159.76,118.21,41.55
4624,2024-08-16,Канцелярия,Новосибирск,Потребитель,7.0,381.61,2671.27,1893.25,778.02
4625,2023-03-27,Дом и сад,Екатеринбург,Потребитель,8.0,229.09,1832.72,1344.13,488.59
4626,2023-04-21,Техника,Екатеринбург,Корпоратив,14.0,315.91,4422.74,2643.85,1778.89
4627,2023-06-24,Техника,Санкт-Петербург,Корпоратив,72.0,213.28,15356.16,8638.21,6717.95
4628,2023-02-23,Офис,Екатеринбург,Потребитель,10.0,507.78,5077.8,3607.21,1470.59
4629,2023-07-06,Мебель,Санкт-Петербург,Потребитель,19.0,563.28,10702.32,6180.52,4521.8
4630,2024-02-25,Канцелярия,Новосибирск,Корпоратив,3.0,551.06,1653.18,1010.86,642.32
4631,2023-03-20,Канцелярия,Екатеринбург,Потребитель,10.0,715.05,7150.5,4970.1,2180.4
4632,2024-08-31,Дом и сад,Новосибирск,Корпоратив,10.0,290.49,2904.9,2276.62,628.28
4633,2023-10-31,Офис,Москва,Корпоратив,12.0,321.51,3858.12,2231.55,1626.57
4634,2024-02-14,Канцелярия,Екатеринбург,Потребитель,9.0,95.03,855.27,484.99,370.28
4635,2023-04-05,Дом и сад,Самара,Корпоратив,5.0,726.74,3633.7,2640.56,993.14
4636,2024-11-10,Офис,Санкт-Петербург,Потребитель,5.0,160.7,803.5,514.81,288.69
4637,2023-04-29,Мебель,Москва,Потребитель,24.0,1106.7,26560.8,20293.12,6267.68
4638,2024-11-13,Офис,Новосибирск,Потребитель,7.0,265.36,1857.52,1201.54,655.98
4639,2023-12-09,Офис,Санкт-Петербург,Потребитель,19.0,233.2,4430.8,3527.41,903.39
4640,2023-04-08,Канцелярия,Санкт-Петербург,Корпоратив,5.0,779.69,3898.45,3060.59,837.86
4641,2023-04-11,Дом и сад,Москва,Потребитель,16.0,840.08,13441.28,8069.82,5371.46
4642,2023-06-05,Дом и сад,Санкт-Петербург,Потребитель,11.0,730.31,8033.41,5235.29,2798.12
4643,2024-09-22,Офис,Самара,Корпоратив,5.0,267.14,1335.7,816.22,519.48
4644,2024-01-18,Офис,Москва,Потребитель,5.0,292.72,1463.6,894.11,569.49
4645,2024-07-23,Офис,Екатеринбург,Корпоратив,9.0,258.54,2326.86,1414.28,912.58
4646,2023-09-24,Канцелярия,Екатеринбург,Потребитель,19.0,1212.39,23035.41,15614.96,7420.45
4647,2024-05-03,Канцелярия,Москва,Потребитель,16.0,1692.47,27079.52,17999.61,9079.91
4648,2023-05-06,Техника,Москва,Корпоратив,2.0,115.67,231.34,166.92,64.42
4649,2024-04-10,Техника,Екатеринбург,Мелкий опт,55.0,134.47,7395.85,4911.32,2484.53
4650,2024-05-23,Дом и сад,Москва,Потребитель,9.0,294.7,2652.3,1765.48,886.82
4651,2024-04-19,Офис,Санкт-Петербург,Корпоратив,9.0,411.56,3704.04,2507.56,1196.48
4652,2023-05-09,Офис,Москва,Корпоратив,5.0,476.12,2380.6,1440.82,939.78
4653,2023-12-10,Офис,Новосибирск,Корпоратив,10.0,562.33,5623.3,4494.41,1128.89
4654,2023-02-02,Мебель,Новосибирск,Корпоратив,14.0,102.79,1439.06,806.56,632.5
4655,2023-03-19,Дом и сад,Санкт-Петербург,Мелкий опт,3.0,192.91,578.73,366.15,212.58
4656,2023-09-24,Мебель,Екатеринбург,Потребитель,2.0,354.89,709.78,563.35,146.43
4657,2023-08-14,Канцелярия,Санкт-Петербург,Корпоратив,2.0,168.07,336.14,268.07,68.07
4658,2024-09-13,Техника,Новосибирск,Потребитель,11.0,178.83,1967.13,1233.78,733.35
4659,2024-02-29,Офис,Екатеринбург,Потребитель,7.0,1713.96,11997.72,7387.88,4609.84
4660,2023-03-20,Дом и сад,Самара,Потребитель,17.0,751.8,12780.6,9446.96,3333.64
4661,2023-11-10,Канцелярия,Новосибирск,Корпоратив,2.0,1597.11,3194.22,1832.81,1361.41
4662,2024-02-14,Канцелярия,Екатеринбург,Потребитель,7.0,141.09,987.63,595.63,392.0
4663,2023-01-08,Мебель,Екатеринбург,Корпоратив,12.0,63.89,766.68,434.46,332.22
4664,2023-08-16,Дом и сад,Москва,Потребитель,12.0,268.02,3216.24,2548.29,667.95
4665,2024-06-27,Дом и сад,Самара,Корпоратив,4.0,406.55,1626.2,1090.47,535.73
4666,2024-09-22,Мебель,Самара,Потребитель,3.0,696.52,2089.56,1647.55,442.01
4667,2024-11-09,Техника,Новосибирск,Потребитель,10.0,1881.31,18813.1,14062.01,4751.09
4668,2023-05-05,Техника,Новосибирск,Потребитель,17.0,423.19,7194.23,5482.57,1711.66
4669,2024-02-22,Офис,Москва,Потребитель,81.0,391.64,31722.84,21544.27,10178.57
4670,2023-04-06,Техника,Екатеринбург,Корпоратив,18.0,304.27,5476.86,3179.27,2297.59
4671,2023-05-26,Техника,Новосибирск,Потребитель,18.0,465.21,8373.78,5198.62,3175.16
4672,2023-05-19,Техника,Екатеринбург,Корпоратив,5.0,892.87,4464.35,3384.68,1079.67
4673,2023-09-21,Канцелярия,Самара,Потребитель,1.0,916.63,916.63,625.47,291.16
4674,2024-12-04,Офис,Москва,Корпоратив,7.0,153.06,1071.42,821.73,249.69
4675,2024-03-09,Офис,Москва,Корпоратив,0.0,335.72,0.0,0.0,0.0
4676,2024-02-08,Дом и сад,Новосибирск,Потребитель,3.0,371.37,1114.11,850.97,263.14
4677,2023-04-14,Офис,Москва,Мелкий опт,16.0,176.21,2819.36,1560.43,1258.93
4678,2024-04-30,Офис,Екатеринбург,Потребитель,15.0,219.75,3296.25,1911.13,1385.12
4679,2024-10-17,Канцелярия,Санкт-Петербург,Потребитель,7.0,430.57,3013.99,2206.37,807.62
4680,2023-08-13,Техника,Москва,Корпоратив,10.0,637.14,6371.4,3623.36,2748.04
4681,2023-03-08,Дом и сад,Новосибирск,Корпоратив,15.0,1315.96,19739.4,15639.55,4099.85
4682,2023-01-17,Канцелярия,Москва,Потребитель,3.0,103.99,311.97,173.29,138.68
4683,2024-04-17,Офис,Санкт-Петербург,Мелкий опт,7.0,462.38,3236.66,2441.37,795.29
4684,2023-10-22,Офис,Санкт-Петербург,Потребитель,3.0,1407.04,4221.12,2925.72,1295.4
4685,2024-12-24,Канцелярия,Самара,Потребитель,20.0,65.62,1312.4,891.39,421.01
4686,2024-02-17,Офис,Санкт-Петербург,Корпоратив,14.0,337.4,4723.6,3407.78,1315.82
4687,2023-07-29,Мебель,Новосибирск,Корпоратив,7.0,857.47,6002.29,4441.91,1560.38
4688,2024-03-11,Техника,Санкт-Петербург,Мелкий опт,2.0,90.4,180.8,132.89,47.91
4689,2024-10-10,Канцелярия,Самара,Корпоратив,,373.94,373.94,210.58,163.36
4690,2024-03-22,Мебель,Новосибирск,Корпоратив,7.0,2173.53,15214.71,8383.35,6831.36
4691,2024-02-03,Дом и сад,Самара,Потребитель,19.0,132.03,2508.57,1458.3,1050.27
4692,2024-03-17,Офис,Санкт-Петербург,Корпоратив,5.0,575.54,2877.7,1935.3,942.4
4693,2023-05-20,Мебель,Москва,Потребитель,3.0,892.91,2678.73,2083.14,595.59
4694,2024-09-29,Техника,Санкт-Петербург,Потребитель,1.0,483.17,483.17,326.07,157.1
4695,2024-07-04,Канцелярия,Санкт-Петербург,Потребитель,3.0,2005.23,6015.69,4593.74,1421.95
4696,2023-02-02,Техника,Санкт-Петербург,Корпоратив,11.0,409.2,4501.2,3210.48,1290.72
4697,2023-08-14,Офис,Санкт-Петербург,Потребитель,15.0,822.69,12340.35,9516.21,2824.14
4698,2024-01-13,Офис,Санкт-Петербург,Потребитель,9.0,1960.05,17640.45,12942.31,4698.14
4699,2023-10-17,Дом и сад,Екатеринбург,Потребитель,16.0,512.9,8206.4,5059.75,3146.65
4700,2023-09-14,Канцелярия,Екатеринбург,Корпоратив,1.0,334.63,334.63,217.19,117.44
4701,2023-10-13,Офис,Екатеринбург,Потребитель,17.0,588.61,10006.37,7698.65,2307.72
4702,2023-10-02,Офис,Самара,Потребитель,20.0,3778.19,75563.8,54256.1,21307.7
4703,2023-07-19,Дом и сад,Москва,Мелкий опт,8.0,219.69,1757.52,1380.42,377.1
4704,2023-06-02,Офис,Санкт-Петербург,Корпоратив,2.0,260.7,521.4,339.34,182.06
4705,2024-05-15,Дом и сад,Санкт-Петербург,Потребитель,26.0,1317.29,34249.54,26230.65,8018.89
4706,2024-11-16,Офис,Самара,Корпоратив,6.0,926.34,5558.04,3749.86,1808.18
4707,2024-07-13,Офис,Самара,Потребитель,0.0,73.72,0.0,0.0,0.0
4708,2024-05-03,Канцелярия,Санкт-Петербург,Потребитель,13.0,820.19,10662.47,6201.09,4461.38
4709,2023-12-28,Дом и сад,Екатеринбург,Корпоратив,7.0,365.64,2559.48,1546.39,1013.09
4710,2024-06-17,Дом и сад,Самара,Потребитель,19.0,954.77,18140.63,12150.28,5990.35
4711,2023-10-12,Дом и сад,Москва,Корпоратив,6.0,505.18,3031.08,2420.34,610.74
4712,2023-12-31,Техника,Екатеринбург,Корпоратив,2.0,169.86,339.72,212.2,127.52
4713,2024-12-15,Дом и сад,Самара,Корпоратив,72.0,481.94,34699.68,25394.12,9305.56
4714,2023-02-01,Мебель,Самара,Потребитель,4.0,220.24,880.96,491.46,389.5
4715,2024-01-27,Канцелярия,Самара,Мелкий опт,2.0,1298.21,2596.42,1715.46,880.96
4716,2024-02-18,Техника,Самара,Потребитель,18.0,484.77,8725.86,6671.24,2054.62
4717,2023-05-24,Техника,Самара,Мелкий опт,3.0,215.14,645.42,510.68,134.74
4718,2023-05-28,Дом и сад,Самара,Потребитель,7.0,678.28,4747.96,2710.18,2037.78
4719,2024-09-10,Дом и сад,Самара,Мелкий опт,24.0,829.78,19914.72,14250.72,5664.0
4720,2023-06-08,Дом и сад,Самара,Потребитель,10.0,254.39,2543.9,1533.71,1010.19
4721,2023-05-07,Канцелярия,Екатеринбург,Корпоратив,5.0,591.24,2956.2,1789.49,1166.71
4722,2024-07-17,Офис,Екатеринбург,Мелкий опт,22.0,389.93,8578.46,6679.45,1899.01
4723,2023-09-24,Офис,Екатеринбург,Потребитель,4.0,401.25,1605.0,989.35,615.65
4724,2023-08-05,Техника,Санкт-Петербург,Корпоратив,44.0,1023.84,45048.96,25922.53,19126.43
4725,2024-07-09,Мебель,Москва,Потребитель,11.0,269.81,2967.91,1806.73,1161.18
4726,2024-06-28,Техника,Новосибирск,Потребитель,2.0,1855.26,3710.52,2450.5,1260.02
4727,2024-02-12,Мебель,Санкт-Петербург,Корпоратив,8.0,499.05,3992.4,2369.84,1622.56
4728,2023-01-18,Офис,Москва,Потребитель,46.0,733.78,33753.88,23253.29,10500.59
4729,2023-02-09,Канцелярия,Санкт-Петербург,Корпоратив,9.0,800.72,7206.48,5524.71,1681.77
4730,2023-03-30,Офис,Новосибирск,Потребитель,15.0,186.08,2791.2,1689.93,1101.27
4731,2023-10-15,Дом и сад,Самара,Корпоратив,23.0,677.43,15580.89,11140.08,4440.81
4732,2024-06-23,Канцелярия,Москва,Корпоратив,11.0,540.03,5940.33,3465.06,2475.27
4733,2023-08-14,Дом и сад,Самара,Потребитель,7.0,405.33,2837.31,1656.45,1180.86
4734,2024-03-11,Канцелярия,Екатеринбург,Потребитель,31.0,768.56,23825.36,18249.6,5575.76
4735,2023-04-03,Дом и сад,Новосибирск,Потребитель,,105.92,105.92,75.86,30.06
4736,2024-01-30,Офис,Самара,Корпоратив,14.0,301.51,4221.14,3163.98,1057.16
4737,2024-07-02,Офис,Москва,Потребитель,2.0,511.27,1022.54,754.49,268.05
4738,2024-02-28,Дом и сад,Екатеринбург,Корпоратив,29.0,439.27,12738.83,7460.3,5278.53
4739,2023-09-04,Дом и сад,Екатеринбург,Потребитель,17.0,510.48,8678.16,6112.85,2565.31
4740,2023-11-20,Дом и сад,Москва,Потребитель,2.0,406.78,813.56,551.67,261.89
4741,2024-12-11,Дом и сад,Санкт-Петербург,Мелкий опт,17.0,137.68,2340.56,1844.68,495.88
4742,2024-06-27,Офис,Санкт-Петербург,Мелкий опт,5.0,752.19,3760.95,2382.69,1378.26
4743,2024-08-29,Техника,Новосибирск,Потребитель,7.0,199.36,1395.52,1062.35,333.17
4744,2024-10-07,Канцелярия,Москва,Корпоратив,4.0,1050.12,4200.48,2437.98,1762.5
4745,2023-07-17,Офис,Самара,Потребитель,12.0,396.55,4758.6,3023.13,1735.47
4746,2023-09-06,Техника,Самара,Потребитель,5.0,184.68,923.4,706.66,216.74
4747,2024-02-23,Офис,Санкт-Петербург,Потребитель,18.0,443.23,7978.14,5085.23,2892.91
4748,2023-03-15,Офис,Санкт-Петербург,Потребитель,10.0,316.89,3168.9,1929.65,1239.25
4749,2024-04-09,Канцелярия,Самара,Потребитель,48.0,289.89,13914.72,9560.16,4354.56
4750,2023-06-26,Техника,Новосибирск,Потребитель,1.0,718.41,718.41,561.26,157.15
4751,2024-09-02,Канцелярия,Екатеринбург,Потребитель,5.0,1001.96,5009.8,3827.82,1181.98
4752,2023-04-16,Дом и сад,Самара,Корпоратив,28.0,602.25,16863.0,11987.77,4875.23
4753,2023-09-18,Дом и сад,Екатеринбург,Корпоратив,1.0,364.05,364.05,262.51,101.54
4754,2024-07-18,Дом и сад,Санкт-Петербург,Потребитель,2.0,788.47,1576.94,997.94,579.0
4755,2023-11-12,Офис,Москва,Потребитель,13.0,207.47,2697.11,1605.03,1092.08
4756,2023-06-18,Канцелярия,Москва,Потребитель,24.0,714.73,17153.52,10163.75,6989.77
4757,2024-10-02,Канцелярия,Новосибирск,Потребитель,25.0,916.01,22900.25,18206.75,4693.5
4758,2024-10-30,Канцелярия,Москва,Корпоратив,3.0,347.94,1043.82,650.19,393.63
4759,2023-09-08,Дом и сад,Москва,Потребитель,4.0,147.22,588.88,389.09,199.79
4760,2024-09-28,Дом и сад,Екатеринбург,Потребитель,3.0,178.42,535.26,314.85,220.41
4761,2023-04-10,Мебель,Москва,Корпоратив,2.0,152.37,304.74,171.76,132.98
4762,2023-10-17,Дом и сад,Санкт-Петербург,Мелкий опт,11.0,159.62,1755.82,1040.59,715.23
4763,2024-06-05,Офис,Санкт-Петербург,Потребитель,4.0,1258.28,5033.12,3870.53,1162.59
4764,2024-01-03,Офис,Екатеринбург,Корпоратив,72.0,227.14,16354.08,11477.65,4876.43
4765,2023-08-14,Мебель,Москва,Потребитель,11.0,1468.35,16151.85,9134.01,7017.84
4766,2023-01-05,Офис,Москва,Потребитель,13.0,166.17,2160.21,1377.83,782.38
4767,2023-05-02,Дом и сад,Новосибирск,Потребитель,35.0,419.35,14677.25,11283.41,3393.84
4768,2024-07-21,Офис,Новосибирск,Потребитель,8.0,1652.33,13218.64,8806.15,4412.49
4769,2023-01-12,Техника,Санкт-Петербург,Потребитель,16.0,124.9,1998.4,1355.31,643.09
4770,2023-06-30,Канцелярия,Самара,Потребитель,9.0,684.16,6157.44,4174.87,1982.57
4771,2023-01-28,Дом и сад,Москва,Корпоратив,13.0,193.88,2520.44,1890.57,629.87
4772,2024-10-04,Мебель,Санкт-Петербург,Потребитель,3.0,123.62,370.86,288.16,82.7
4773,2024-11-14,Техника,Новосибирск,Корпоратив,10.0,446.31,4463.1,2870.64,1592.46
4774,2023-08-13,Дом и сад,Санкт-Петербург,Корпоратив,7.0,637.0,4459.0,2910.55,1548.45
4775,2023-04-24,Офис,Самара,Мелкий опт,15.0,395.92,5938.8,3498.38,2440.42
4776,2023-07-20,Дом и сад,Санкт-Петербург,Потребитель,6.0,275.55,1653.3,1241.3,412.0
4777,2024-06-04,Канцелярия,Екатеринбург,Потребитель,16.0,712.7,11403.2,8595.85,2807.35
4778,2024-12-26,Канцелярия,Самара,Мелкий опт,4.0,1762.49,7049.96,3922.75,3127.21
4779,2023-02-05,Офис,Санкт-Петербург,Потребитель,11.0,688.66,7575.26,4819.49,2755.77
4780,2024-10-20,Канцелярия,Новосибирск,Потребитель,7.0,629.59,4407.13,2431.66,1975.47
4781,2024-10-23,Мебель,Москва,Потребитель,15.0,701.88,10528.2,6308.39,4219.81
4782,2023-12-18,Мебель,Москва,Мелкий опт,3.0,637.69,1913.07,1346.06,567.01
4783,2024-07-30,Дом и сад,Новосибирск,Корпоратив,11.0,814.23,8956.53,5833.92,3122.61
4784,2023-06-27,Канцелярия,Новосибирск,Потребитель,18.0,475.1,8551.8,6249.19,2302.61
4785,2024-12-12,Дом и сад,Самара,Корпоратив,0.0,371.83,0.0,0.0,0.0
4786,2023-10-13,Офис,Санкт-Петербург,Мелкий опт,17.0,381.21,6480.57,5049.56,1431.01
4787,2023-03-08,Мебель,Екатеринбург,Корпоратив,2.0,590.56,1181.12,916.31,264.81
4788,2023-10-05,Техника,Санкт-Петербург,Корпоратив,4.0,508.56,2034.24,1221.58,812.66
4789,2024-08-18,Техника,Санкт-Петербург,Мелкий опт,6.0,2606.99,15641.94,12197.62,3444.32
4790,2024-04-21,Канцелярия,Санкт-Петербург,Потребитель,30.0,267.8,8034.0,4556.01,3477.99
4791,2024-12-03,Офис,Новосибирск,Корпоратив,8.0,122.2,977.6,688.35,289.25
4792,2024-05-31,Техника,Москва,Корпоратив,15.0,567.53,8512.95,6380.97,2131.98
4793,2024-10-12,Техника,Санкт-Петербург,Мелкий опт,3.0,1277.69,3833.07,2830.55,1002.52
4794,2023-10-02,Дом и сад,Самара,Корпоратив,1.0,288.87,288.87,227.08,61.79
4795,2024-02-06,Канцелярия,Москва,Потребитель,16.0,1494.7,23915.2,16298.99,7616.21
4796,2024-09-27,Дом и сад,Новосибирск,Потребитель,12.0,579.29,-1.0,5446.2,1505.28
4797,2024-02-05,Техника,Екатеринбург,Корпоратив,5.0,1278.1,6390.5,4764.64,1625.86
4798,2023-07-29,Офис,Самара,Корпоратив,49.0,353.02,17297.98,9835.3,7462.68
4799,2024-06-14,Офис,Самара,Корпоратив,7.0,249.53,1746.71,996.32,750.39
4800,2024-09-19,Техника,Москва,Потребитель,18.0,532.49,9584.82,6543.21,3041.61
4801,2024-06-16,Дом и сад,Новосибирск,Корпоратив,27.0,235.14,6348.78,3943.36,2405.42
4802,2023-09-13,Дом и сад,Санкт-Петербург,Мелкий опт,24.0,191.5,4596.0,2944.73,1651.27
4803,2024-12-26,Техника,Самара,Потребитель,24.0,232.65,5583.6,4105.8,1477.8
4804,2024-07-09,Мебель,Самара,Мелкий опт,17.0,882.39,15000.63,8551.3,6449.33
4805,2024-06-28,Офис,Новосибирск,Потребитель,24.0,171.46,4115.04,2451.6,1663.44
4806,2024-05-30,Техника,Новосибирск,Корпоратив,17.0,266.18,4525.06,2686.82,1838.24
4807,2023-04-17,Офис,Санкт-Петербург,Потребитель,7.0,481.14,3367.98,2510.82,857.16
4808,2024-02-25,Техника,Екатеринбург,Потребитель,13.0,238.99,3106.87,1778.4,1328.47
4809,2024-10-29,Офис,Санкт-Петербург,Потребитель,7.0,302.96,2120.72,1220.31,900.41
4810,2024-11-23,Офис,Санкт-Петербург,Мелкий опт,5.0,1087.05,5435.25,4082.92,1352.33
4811,2024-08-08,Канцелярия,Санкт-Петербург,Потребитель,1.0,1229.81,1229.81,925.49,304.32
4812,2023-07-16,Техника,Москва,Мелкий опт,15.0,618.93,9283.95,5144.43,4139.52
4813,2024-05-31,Дом и сад,Санкт-Петербург,Потребитель,10.0,464.64,4646.4,3564.94,1081.46
4814,2023-07-14,Мебель,Москва,Мелкий опт,16.0,881.18,14098.88,8524.57,5574.31
4815,2023-10-17,Дом и сад,Санкт-Петербург,Мелкий опт,12.0,258.29,3099.48,1873.44,1226.04
4816,2024-12-23,Мебель,Санкт-Петербург,Мелкий опт,7.0,129.27,904.89,499.73,405.16
4817,2024-02-22,Мебель,Санкт-Петербург,Потребитель,2.0,237.76,475.52,346.56,128.96
4818,2023-06-20,Техника,Москва,Корпоратив,5.0,473.28,2366.4,1724.04,642.36
4819,2024-01-14,Канцелярия,Новосибирск,Мелкий опт,15.0,340.21,5103.15,3340.35,1762.8
4820,2023-02-07,Офис,Новосибирск,Потребитель,12.0,593.76,7125.12,4902.96,2222.16
4821,2024-01-23,Канцелярия,Самара,Мелкий опт,5.0,326.36,1631.8,1097.14,534.66
4822,2024-08-14,Канцелярия,Самара,Мелкий опт,14.0,765.33,10714.62,7924.7,2789.92
4823,2024-04-10,Офис,Москва,Корпоратив,9.0,490.34,4413.06,2875.81,1537.25
4824,2023-03-02,Дом и сад,Екатеринбург,Корпоратив,1.0,232.59,232.59,168.83,63.76
4825,2024-02-15,Дом и сад,Новосибирск,Потребитель,12.0,3173.91,38086.92,21698.37,16388.55
4826,2024-05-10,Дом и сад,Самара,Мелкий опт,12.0,905.16,10861.92,8669.73,2192.19
4827,2023-05-21,Дом и сад,Санкт-Петербург,Корпоратив,31.0,571.66,17721.46,13237.48,4483.98
4828,2023-01-11,Дом и сад,Москва,Корпоратив,32.0,1959.65,62708.8,42052.94,20655.86
4829,2023-02-03,Канцелярия,Екатеринбург,Потребитель,10.0,139.63,1396.3,997.62,398.68
4830,2023-11-01,Канцелярия,Москва,Корпоратив,12.0,432.66,5191.92,2940.21,2251.71
4831,2023-07-14,Мебель,Москва,Потребитель,6.0,199.81,1198.86,897.81,301.05
4832,2023-11-19,Дом и сад,Самара,Потребитель,8.0,1200.83,9606.64,6054.21,3552.43
4833,2023-01-02,Офис,Москва,Корпоратив,9.0,659.02,5931.18,4335.89,1595.29
4834,2023-10-01,Офис,Самара,Потребитель,18.0,539.62,9713.16,6504.19,3208.97
4835,2024-11-29,Дом и сад,Новосибирск,Потребитель,2.0,381.75,763.5,595.49,168.01
4836,2024-12-11,Канцелярия,Санкт-Петербург,Корпоратив,14.0,34.11,477.54,324.68,152.86
4837,2023-10-23,Техника,Новосибирск,Корпоратив,26.0,167.52,4355.52,3246.3,1109.22
4838,2024-08-29,Дом и сад,Москва,Мелкий опт,2.0,353.36,706.72,404.14,302.58
4839,2023-05-18,Дом и сад,Санкт-Петербург,Потребитель,,580.89,8132.46,4556.09,3576.37
4840,2023-10-27,Офис,Санкт-Петербург,Мелкий опт,31.0,3351.72,103903.32,79635.28,24268.04
4841,2023-10-09,Дом и сад,Новосибирск,Потребитель,6.0,1365.38,8192.28,6481.78,1710.5
4842,2024-01-26,Дом и сад,Екатеринбург,Потребитель,9.0,587.89,5291.01,3175.98,2115.03
4843,2024-03-14,Канцелярия,Самара,Корпоратив,3.0,336.17,1008.51,768.78,239.73
4844,2024-05-25,Офис,Москва,Корпоратив,2.0,242.57,485.14,386.94,98.2
4845,2023-03-04,Канцелярия,Москва,Корпоратив,20.0,163.68,3273.6,2080.82,1192.78
4846,2024-11-14,Дом и сад,Санкт-Петербург,Мелкий опт,30.0,451.52,13545.6,8067.12,5478.48
4847,2024-05-24,Офис,Екатеринбург,Потребитель,10.0,839.45,8394.5,4846.36,3548.14
4848,2023-08-01,Канцелярия,Новосибирск,Мелкий опт,7.0,1043.65,7305.55,4061.09,3244.46
4849,2023-08-14,Мебель,Москва,Потребитель,46.0,74.04,3405.84,2271.14,1134.7
4850,2024-07-24,Офис,Москва,Мелкий опт,7.0,159.99,1119.93,682.2,437.73
4851,2024-12-26,Офис,Санкт-Петербург,Потребитель,3.0,1079.84,3239.52,2080.87,1158.65
4852,2024-07-17,Дом и сад,Самара,Потребитель,4.0,174.61,698.44,480.96,217.48
4853,2023-10-25,Офис,Санкт-Петербург,Потребитель,,731.32,2193.96,1286.37,907.59
4854,2024-11-06,Дом и сад,Новосибирск,Потребитель,16.0,230.85,3693.6,2906.07,787.53
4855,2024-03-07,Канцелярия,Москва,Корпоратив,7.0,123.92,867.44,555.02,312.42
4856,2023-04-03,Дом и сад,Москва,Потребитель,3.0,421.65,1264.95,780.83,484.12
4857,2023-11-02,Офис,Новосибирск,Мелкий опт,,302.56,907.68,648.14,259.54
4858,2023-10-25,Дом и сад,Екатеринбург,Потребитель,36.0,967.59,34833.24,21627.2,13206.04
4859,2023-10-17,Дом и сад,Екатеринбург,Потребитель,8.0,710.24,5681.92,4371.73,1310.19
4860,2023-02-13,Мебель,Самара,Потребитель,5.0,623.06,3115.3,2183.27,932.03
4861,2023-01-20,Дом и сад,Санкт-Петербург,Потребитель,8.0,64.62,516.96,299.98,216.98
4862,2024-06-12,Канцелярия,Самара,Потребитель,2.0,133.36,266.72,173.72,93.0
4863,2023-11-01,Дом и сад,Екатеринбург,Потребитель,16.0,146.7,2347.2,1616.12,731.08
4864,2023-09-22,Дом и сад,Самара,Мелкий опт,6.0,228.63,1371.78,1051.36,320.42
4865,2023-08-10,Техника,Санкт-Петербург,Потребитель,15.0,1295.34,19430.1,13511.1,5919.0
4866,2024-07-02,Канцелярия,Москва,Потребитель,3.0,91.03,273.09,155.01,118.08
4867,2023-09-03,Дом и сад,Новосибирск,Потребитель,16.0,443.85,7101.6,4277.98,2823.62
4868,2023-12-26,Техника,Санкт-Петербург,Потребитель,18.0,1267.78,22820.04,13205.79,9614.25
4869,2023-01-12,Мебель,Санкт-Петербург,Потребитель,13.0,183.63,2387.19,1552.88,834.31
4870,2023-01-29,Канцелярия,Санкт-Петербург,Потребитель,11.0,1337.16,14708.76,8619.06,6089.7
4871,2023-12-13,Дом и сад,Екатеринбург,Корпоратив,46.0,832.19,38280.74,25592.14,12688.6
4872,2024-08-07,Дом и сад,Новосибирск,Потребитель,10.0,638.29,6382.9,4482.63,1900.27
4873,2024-08-31,Дом и сад,Москва,Корпоратив,7.0,849.33,5945.31,3905.46,2039.85
4874,2024-11-14,Техника,Самара,Потребитель,20.0,168.04,3360.8,2221.8,1139.0
4875,2024-11-17,Мебель,Екатеринбург,Корпоратив,14.0,611.76,8564.64,5381.72,3182.92
4876,2023-09-19,Канцелярия,Москва,Мелкий опт,24.0,1098.86,26372.64,16602.18,9770.46
4877,2023-12-05,Мебель,Самара,Мелкий опт,21.0,487.33,10233.93,7113.37,3120.56
4878,2024-12-21,Дом и сад,Новосибирск,Потребитель,14.0,1720.46,24086.44,17236.22,6850.22
4879,2023-09-13,Мебель,Самара,Корпоратив,26.0,382.41,9942.66,5500.62,4442.04
4880,2023-01-02,Офис,Санкт-Петербург,Потребитель,4.0,433.79,1735.16,1128.95,606.21
4881,2023-01-06,Офис,Новосибирск,Корпоратив,22.0,241.07,5303.54,3001.93,2301.61
4882,2024-05-09,Дом и сад,Москва,Потребитель,4.0,32.34,129.36,87.81,41.55
4883,2023-07-31,Офис,Самара,Мелкий опт,2.0,202.51,405.02,236.12,168.9
4884,2023-11-05,Офис,Москва,Потребитель,1.0,1689.46,1689.46,1056.81,632.65
4885,2024-02-26,Мебель,Москва,Потребитель,6.0,177.24,1063.44,826.95,236.49
4886,2024-08-21,Дом и сад,Самара,Мелкий опт,33.0,113.32,3739.56,2768.25,971.31
4887,2024-02-10,Мебель,Новосибирск,Мелкий опт,13.0,316.08,4109.04,2969.07,1139.97
4888,2024-12-28,Мебель,Екатеринбург,Потребитель,1.0,712.52,712.52,392.97,319.55
4889,2023-09-21,Мебель,Новосибирск,Потребитель,5.0,460.21,2301.05,1495.12,805.93
4890,2023-11-07,Техника,Москва,Потребитель,15.0,247.05,3705.75,2205.47,1500.28
4891,2024-08-11,Дом и сад,Екатеринбург,Потребитель,53.0,168.69,8940.57,5513.66,3426.91
4892,2023-05-09,Канцелярия,Москва,Корпоратив,25.0,39.83,995.75,754.35,241.4
4893,2023-04-01,Канцелярия,Екатеринбург,Корпоратив,41.0,255.27,10466.07,7938.5,2527.57
4894,2023-02-18,Мебель,Москва,Потребитель,4.0,1039.59,4158.36,2733.01,1425.35
4895,2023-02-28,Мебель,Самара,Мелкий опт,3.0,333.3,999.9,763.44,236.46
4896,2023-02-03,Техника,Самара,Потребитель,6.0,1325.53,7953.18,5926.36,2026.82
4897,2024-12-23,Канцелярия,Екатеринбург,Корпоратив,4.0,542.67,2170.68,1415.0,755.68
4898,2023-06-25,Мебель,Москва,Мелкий опт,5.0,1258.83,6294.15,4394.11,1900.04
4899,2023-08-02,Офис,Самара,Потребитель,1.0,523.77,523.77,403.12,120.65
4900,2024-05-14,Дом и сад,Санкт-Петербург,Мелкий опт,83.0,369.39,30659.37,21938.45,8720.92
4901,2024-06-29,Мебель,Екатеринбург,Мелкий опт,2.0,231.05,462.1,261.09,201.01
4902,2024-08-10,Канцелярия,Новосибирск,Мелкий опт,10.0,95.85,958.5,707.49,251.01
4903,2023-04-25,Канцелярия,Санкт-Петербург,Корпоратив,23.0,376.51,8659.73,5603.37,3056.36
4904,2023-04-13,Дом и сад,Москва,Потребитель,12.0,145.74,1748.88,1304.7,444.18
4905,2024-02-14,Канцелярия,Самара,Потребитель,2.0,528.92,1057.84,638.61,419.23
4906,2023-01-28,Дом и сад,Новосибирск,Потребитель,23.0,911.88,20973.24,14252.66,6720.58
4907,2023-08-07,Канцелярия,Санкт-Петербург,Мелкий опт,4.0,139.07,556.28,392.21,164.07
4908,2023-02-18,Офис,Новосибирск,Потребитель,21.0,964.41,20252.61,13257.46,6995.15
4909,2023-03-14,Дом и сад,Екатеринбург,Корпоратив,15.0,1305.53,19582.95,13690.0,5892.95
4910,2023-05-05,Офис,Самара,Мелкий опт,3.0,6024.16,18072.48,11955.47,6117.01
4911,2023-06-16,Офис,Москва,Потребитель,1.0,657.55,657.55,467.55,190.0
4912,2023-10-06,Дом и сад,Москва,Потребитель,10.0,340.35,3403.5,2633.85,769.65
4913,2023-12-19,Офис,Самара,Корпоратив,16.0,268.88,4302.08,3158.56,1143.52
4914,2023-10-30,Канцелярия,Москва,Корпоратив,4.0,495.15,1980.6,1305.0,675.6
4915,2024-09-17,Мебель,Самара,Корпоратив,9.0,363.62,3272.58,2247.93,1024.65
4916,2023-12-06,Канцелярия,Новосибирск,Мелкий опт,9.0,1385.74,12471.66,9602.7,2868.96
4917,2023-06-12,Дом и сад,Санкт-Петербург,Корпоратив,4.0,189.18,756.72,602.93,153.79
4918,2024-11-15,Техника,Санкт-Петербург,Потребитель,2.0,339.74,679.48,399.73,279.75
4919,2024-05-12,Дом и сад,Санкт-Петербург,Мелкий опт,2.0,1209.52,2419.04,1505.52,913.52
4920,2023-01-24,Дом и сад,Москва,Потребитель,37.0,917.73,33956.01,26316.99,7639.02
4921,2024-11-08,Мебель,Новосибирск,Потребитель,9.0,499.35,4494.15,2539.71,1954.44
4922,2024-01-15,Дом и сад,Новосибирск,Потребитель,4.0,452.51,1810.04,1075.66,734.38
4923,2024-12-11,Офис,Екатеринбург,Корпоратив,6.0,1577.99,9467.94,6853.32,2614.62
4924,2024-02-08,Канцелярия,Санкт-Петербург,Корпоратив,6.0,134.67,808.02,582.45,225.57
4925,2024-07-03,Канцелярия,Самара,Корпоратив,29.0,1175.86,34099.94,23209.8,10890.14
4926,2024-06-19,Канцелярия,Екатеринбург,Потребитель,15.0,545.06,8175.9,5973.92,2201.98
4927,2023-12-02,Канцелярия,Екатеринбург,Мелкий опт,15.0,582.77,8741.55,6076.38,2665.17
4928,2024-08-27,Офис,Санкт-Петербург,Потребитель,6.0,290.56,1743.36,1014.6,728.76
4929,2023-04-24,Техника,Санкт-Петербург,Потребитель,14.0,402.41,5633.74,3749.53,1884.21
4930,2024-01-11,Офис,Санкт-Петербург,Корпоратив,5.0,107.76,538.8,361.02,177.78
4931,2024-01-13,Мебель,Москва,Корпоратив,6.0,462.56,2775.36,1607.56,1167.8
4932,2024-12-20,Дом и сад,Самара,Корпоратив,3.0,1861.32,5583.96,4451.01,1132.95
4933,2024-01-07,Мебель,Москва,Потребитель,5.0,346.07,1730.35,979.79,750.56
4934,2024-11-15,Дом и сад,Новосибирск,Корпоратив,95.0,808.64,76820.8,55454.85,21365.95
4935,2024-05-07,Дом и сад,Санкт-Петербург,Потребитель,2.0,1100.34,2200.68,1351.25,849.43
4936,2023-12-14,Мебель,Москва,Корпоратив,9.0,280.21,2521.89,1644.63,877.26
4937,2024-02-16,Канцелярия,Москва,Потребитель,6.0,471.75,2830.5,1822.69,1007.81
4938,2023-01-16,Мебель,Самара,Потребитель,10.0,99.5,995.0,599.12,395.88
4939,2023-07-13,Техника,Самара,Потребитель,,982.85,4914.25,3790.06,1124.19
4940,2024-03-10,Офис,Санкт-Петербург,Потребитель,3.0,774.82,2324.46,1641.34,683.12
4941,2024-01-02,Канцелярия,Самара,Мелкий опт,9.0,196.25,1766.25,1212.36,553.89
4942,2023-12-10,Дом и сад,Санкт-Петербург,Корпоратив,5.0,331.1,1655.5,1171.61,483.89
4943,2023-10-11,Офис,Москва,Потребитель,7.0,158.04,1106.28,749.79,356.49
4944,2023-02-15,Дом и сад,Самара,Потребитель,10.0,352.05,3520.5,2418.28,1102.22
4945,2023-04-19,Канцелярия,Новосибирск,Корпоратив,12.0,725.28,8703.36,6885.09,1818.27
4946,2024-12-25,Канцелярия,Новосибирск,Потребитель,4.0,655.2,2620.8,1664.65,956.15
4947,2024-11-26,Канцелярия,Самара,Корпоратив,4.0,446.53,1786.12,1086.68,699.44
4948,2023-05-14,Дом и сад,Москва,Потребитель,6.0,294.2,1765.2,1339.58,425.62
4949,2023-06-04,Дом и сад,Екатеринбург,Потребитель,4.0,452.17,1808.68,1005.44,803.24
4950,2023-10-01,Офис,Самара,Потребитель,11.0,622.91,6852.01,5210.72,1641.29
4951,2024-12-04,Дом и сад,Екатеринбург,Потребитель,7.0,362.96,2540.72,1952.96,587.76
4952,2023-10-16,Техника,Новосибирск,Корпоратив,8.0,935.26,7482.08,4862.85,2619.23
4953,2024-07-04,Техника,Новосибирск,Потребитель,6.0,1166.11,6996.66,4429.68,2566.98
4954,2024-05-19,Техника,Москва,Мелкий опт,4.0,503.84,2015.36,1430.88,584.48
4955,2023-06-26,Офис,Самара,Потребитель,4.0,731.04,2924.16,2311.16,613.0
4956,2023-11-10,Офис,Санкт-Петербург,Потребитель,5.0,338.69,1693.45,963.16,730.29
4957,2023-11-12,Мебель,Самара,Мелкий опт,25.0,1978.68,49467.0,30281.76,19185.24
4958,2023-11-30,Офис,Санкт-Петербург,Потребитель,35.0,278.69,9754.15,5779.0,3975.15
4959,2024-01-21,Канцелярия,Москва,Потребитель,4.0,331.8,1327.2,761.19,566.01
4960,2024-05-05,Дом и сад,Самара,Корпоратив,1.0,850.65,850.65,543.48,307.17
4961,2024-11-27,Мебель,Самара,Корпоратив,1.0,92.44,92.44,72.0,20.44
4962,2023-05-02,Канцелярия,Новосибирск,Потребитель,,2889.52,75127.52,41984.89,33142.63
4963,2023-12-08,Офис,Москва,Корпоратив,86.0,203.76,17523.36,13213.03,4310.33
4964,2024-11-02,Канцелярия,Новосибирск,Потребитель,3.0,2295.03,6885.09,5452.7,1432.39
4965,2024-06-03,Дом и сад,Новосибирск,Корпоратив,10.0,554.42,5544.2,3133.39,2410.81
4966,2024-10-22,Дом и сад,Москва,Корпоратив,23.0,493.33,11346.59,6426.23,4920.36
4967,2024-07-21,Дом и сад,Самара,Потребитель,35.0,467.63,16367.05,12558.45,3808.6
4968,2023-11-25,Офис,Екатеринбург,Корпоратив,8.0,1325.15,10601.2,5925.38,4675.82
4969,2023-05-08,Дом и сад,Москва,Потребитель,0.0,621.77,0.0,0.0,0.0
4970,2024-12-14,Офис,Новосибирск,Корпоратив,3.0,360.47,1081.41,776.07,305.34
4971,2024-10-29,Мебель,Самара,Потребитель,14.0,143.69,2011.66,1283.79,727.87
4972,2024-01-24,Дом и сад,Екатеринбург,Мелкий опт,73.0,74.18,5415.14,3904.34,1510.8
4973,2024-04-28,Техника,Санкт-Петербург,Корпоратив,12.0,362.74,4352.88,3349.13,1003.75
4974,2023-07-13,Мебель,Новосибирск,Мелкий опт,6.0,225.48,1352.88,951.96,400.92
4975,2024-10-08,Канцелярия,Самара,Корпоратив,15.0,727.55,10913.25,7022.09,3891.16
4976,2024-07-23,Дом и сад,Самара,Корпоратив,22.0,1231.44,27091.68,14901.85,12189.83
4977,2024-09-07,Офис,Новосибирск,Потребитель,12.0,320.64,3847.68,2652.38,1195.3
4978,2023-05-24,Дом и сад,Санкт-Петербург,Потребитель,43.0,473.72,20369.96,12411.52,7958.44
4979,2023-06-29,Канцелярия,Самара,Мелкий опт,26.0,272.46,7083.96,5282.03,1801.93
4980,2023-04-05,Дом и сад,Москва,Потребитель,23.0,106.0,2438.0,1831.27,606.73
4981,2023-09-26,Канцелярия,Санкт-Петербург,Потребитель,16.0,357.68,5722.88,4248.25,1474.63
4982,2024-07-31,Канцелярия,Екатеринбург,Мелкий опт,7.0,192.24,1345.68,905.69,439.99
4983,2023-07-11,Канцелярия,Санкт-Петербург,Потребитель,6.0,824.15,4944.9,3694.92,1249.98
4984,2023-01-10,Дом и сад,Санкт-Петербург,Потребитель,19.0,381.77,7253.63,4766.5,2487.13
4985,2024-05-07,Офис,Новосибирск,Корпоратив,20.0,414.1,8282.0,6094.43,2187.57
4986,2023-10-12,Техника,Екатеринбург,Потребитель,3.0,286.46,859.38,655.55,203.83
4987,2023-10-31,Техника,Санкт-Петербург,Корпоратив,4.0,1795.06,7180.24,5669.49,1510.75
4988,2023-03-07,Дом и сад,Москва,Потребитель,5.0,571.41,2857.05,2048.43,808.62
4989,2023-02-10,Канцелярия,Екатеринбург,Потребитель,9.0,655.0,5895.0,4404.1,1490.9
4990,2024-03-04,Офис,Самара,Корпоратив,2.0,131.38,262.76,168.34,94.42
4991,2024-07-03,Канцелярия,Екатеринбург,Корпоратив,5.0,1106.78,5533.9,3306.06,2227.84
4992,2024-09-28,Мебель,Москва,Потребитель,4.0,470.67,1882.68,1068.97,813.71
4993,2024-03-12,Канцелярия,Новосибирск,Корпоратив,8.0,681.0,5448.0,3728.55,1719.45
4994,2023-08-06,Офис,Самара,Потребитель,9.0,136.57,1229.13,964.98,264.15
4995,2024-09-22,Канцелярия,Екатеринбург,Потребитель,21.0,562.04,11802.84,8301.17,3501.67
4996,2024-12-02,Мебель,Самара,Потребитель,11.0,243.23,2675.53,1987.24,688.29
4997,2024-04-24,Мебель,Екатеринбург,Потребитель,6.0,285.3,1711.8,1348.55,363.25
4998,2023-01-01,Канцелярия,Санкт-Петербург,Корпоратив,49.0,257.41,12613.09,8447.44,4165.65
4999,2023-08-15,Офис,Санкт-Петербург,Потребитель,2.0,842.39,-1.0,1326.08,358.7
5000,2023-12-03,Офис,Санкт-Петербург,Корпоратив,25.0,265.4,6635.0,3767.37,2867.63
5001,2024-01-03,Мебель,Самара,Потребитель,7.0,607.82,4254.74,2800.07,1454.67
5002,2024-09-21,Дом и сад,Самара,Потребитель,18.0,185.7,3342.6,2358.44,984.16
5003,2024-04-01,Техника,Самара,Корпоратив,9.0,424.49,3820.41,2201.84,1618.57
5004,2024-07-31,Дом и сад,Самара,Потребитель,12.0,240.2,2882.4,2028.61,853.79
5005,2023-07-13,Техника,Екатеринбург,Корпоратив,24.0,402.92,9670.08,5806.78,3863.3
5006,2024-03-01,Офис,Новосибирск,Потребитель,36.0,983.66,35411.76,22685.76,12726.0
5007,2024-02-09,Канцелярия,Новосибирск,Потребитель,6.0,2319.33,13915.98,9821.74,4094.24
5008,2023-01-13,Техника,Санкт-Петербург,Корпоратив,13.0,864.81,11242.53,6861.77,4380.76
5009,2024-06-28,Канцелярия,Екатеринбург,Потребитель,3.0,246.31,738.93,504.01,234.92
5010,2023-02-08,Офис,Новосибирск,Корпоратив,46.0,151.5,6969.0,4507.1,2461.9
5011,2023-08-19,Канцелярия,Новосибирск,Корпоратив,5.0,392.29,1961.45,1562.06,399.39
5012,2024-11-25,Техника,Москва,Потребитель,9.0,256.73,2310.57,1370.05,940.52
5013,2023-04-11,Офис,Новосибирск,Корпоратив,1.0,1027.3,1027.3,820.35,206.95
5014,2024-01-16,Техника,Самара,Корпоратив,7.0,153.93,1077.51,859.45,218.06
5015,2024-12-21,Дом и сад,Санкт-Петербург,Корпоратив,22.0,1538.56,33848.32,25900.88,7947.44
5016,2024-05-21,Офис,Новосибирск,Мелкий опт,4.0,254.97,1019.88,622.29,397.59
5017,2024-01-22,Дом и сад,Екатеринбург,Потребитель,5.0,558.74,2793.7,2145.05,648.65
5018,2023-04-10,Офис,Санкт-Петербург,Потребитель,10.0,271.75,2717.5,1908.46,809.04
5019,2024-11-08,Канцелярия,Новосибирск,Потребитель,16.0,297.11,4753.76,3289.01,1464.75
5020,2023-08-01,Техника,Санкт-Петербург,Корпоратив,34.0,365.27,12419.18,8964.89,3454.29
5021,2024-09-14,Дом и сад,Самара,Корпоратив,5.0,408.86,2044.3,1511.89,532.41
5022,2024-04-13,Дом и сад,Новосибирск,Потребитель,6.0,223.31,1339.86,809.43,530.43
5023,2023-12-24,Офис,Москва,Корпоратив,5.0,1289.84,6449.2,4598.5,1850.7
5024,2023-06-05,Дом и сад,Москва,Потребитель,5.0,127.78,638.9,382.21,256.69
5025,2024-09-10,Дом и сад,Москва,Потребитель,8.0,247.08,1976.64,1580.21,396.43
5026,2024-10-23,Канцелярия,Москва,Потребитель,7.0,300.2,2101.4,1459.24,642.16
5027,2024-02-23,Канцелярия,Новосибирск,Корпоратив,15.0,268.29,4024.35,2572.42,1451.93
5028,2023-04-17,Канцелярия,Самара,Корпоратив,1.0,308.04,308.04,207.05,100.99
5029,2024-12-28,Канцелярия,Екатеринбург,Мелкий опт,32.0,947.75,30328.0,24069.19,6258.81
5030,2023-11-27,Канцелярия,Москва,Потребитель,27.0,89.6,2419.2,1603.18,816.02
5031,2023-02-20,Техника,Новосибирск,Потребитель,76.0,228.85,17392.6,12978.18,4414.42
5032,2024-11-15,Канцелярия,Екатеринбург,Потребитель,11.0,564.88,6213.68,4928.8,1284.88
5033,2024-01-25,Дом и сад,Новосибирск,Мелкий опт,22.0,509.25,11203.5,7846.42,3357.08
5034,2024-09-18,Техника,Новосибирск,Корпоратив,11.0,1541.67,16958.37,11686.61,5271.76
5035,2023-09-22,Дом и сад,Екатеринбург,Потребитель,12.0,357.24,4286.88,2362.15,1924.73
5036,2023-07-01,Канцелярия,Екатеринбург,Потребитель,0.0,1008.51,0.0,0.0,0.0
5037,2023-05-16,Дом и сад,Санкт-Петербург,Корпоратив,3.0,760.95,2282.85,1358.54,924.31
5038,2024-08-18,Канцелярия,Самара,Мелкий опт,25.0,186.88,4672.0,3564.73,1107.27
5039,2024-07-07,Техника,Санкт-Петербург,Потребитель,10.0,276.13,2761.3,1800.3,961.0
5040,2023-08-27,Офис,Москва,Корпоратив,10.0,361.68,3616.8,2818.88,797.92
5041,2024-07-23,Мебель,Москва,Корпоратив,14.0,258.86,3624.04,2824.2,799.84
5042,2023-08-03,Офис,Новосибирск,Мелкий опт,12.0,232.55,2790.6,2100.09,690.51
5043,2023-11-16,Дом и сад,Екатеринбург,Потребитель,5.0,315.61,1578.05,1143.44,434.61
5044,2023-01-16,Техника,Новосибирск,Потребитель,26.0,895.68,23287.68,14062.17,9225.51
5045,2024-05-13,Канцелярия,Самара,Потребитель,3.0,505.0,1515.0,954.67,560.33
5046,2023-04-08,Канцелярия,Москва,Мелкий опт,15.0,341.12,5116.8,2981.27,2135.53
5047,2023-02-26,Офис,Санкт-Петербург,Потребитель,10.0,182.05,1820.5,1200.71,619.79
5048,2024-07-22,Офис,Самара,Потребитель,8.0,512.15,4097.2,2342.15,1755.05
5049,2024-04-11,Мебель,Новосибирск,Потребитель,1.0,140.76,140.76,77.59,63.17
5050,2023-04-06,Офис,Новосибирск,Корпоратив,4.0,665.47,2661.88,2125.07,536.81
5051,2023-01-22,Канцелярия,Екатеринбург,Мелкий опт,33.0,798.08,26336.64,17187.59,9149.05
5052,2024-09-02,Канцелярия,Москва,Корпоратив,5.0,497.0,2485.0,1761.41,723.59
5053,2024-11-20,Дом и сад,Санкт-Петербург,Потребитель,11.0,257.61,2833.71,2011.33,822.38
5054,2023-08-04,Офис,Санкт-Петербург,Потребитель,12.0,386.97,4643.64,2799.72,1843.92
5055,2023-05-06,Канцелярия,Москва,Корпоратив,17.0,258.92,4401.64,3456.45,945.19
5056,2024-08-08,Канцелярия,Самара,Корпоратив,12.0,35.47,425.64,306.32,119.32
5057,2024-06-29,Техника,Санкт-Петербург,Корпоратив,4.0,224.38,897.52,539.05,358.47
5058,2024-09-22,Техника,Екатеринбург,Корпоратив,12.0,239.54,2874.48,1785.54,1088.94
5059,2023-03-18,Техника,Самара,Потребитель,27.0,406.12,10965.24,7733.26,3231.98
5060,2023-09-19,Мебель,Самара,Корпоратив,13.0,96.77,1258.01,931.66,326.35
5061,2023-08-04,Офис,Самара,Корпоратив,1.0,120.97,120.97,78.2,42.77
5062,2024-01-13,Дом и сад,Москва,Потребитель,20.0,294.41,5888.2,3343.07,2545.13
5063,2023-11-15,Канцелярия,Санкт-Петербург,Потребитель,91.0,109.41,9956.31,7874.32,2081.99
5064,2023-04-12,Офис,Самара,Корпоратив,24.0,618.53,14844.72,11339.27,3505.45
5065,2023-11-17,Дом и сад,Самара,Потребитель,36.0,200.65,7223.4,5287.67,1935.73
5066,2023-03-13,Канцелярия,Санкт-Петербург,Мелкий опт,2.0,265.7,531.4,353.19,178.21
5067,2023-07-17,Техника,Екатеринбург,Мелкий опт,36.0,195.94,7053.84,5105.66,1948.18
5068,2024-11-06,Канцелярия,Екатеринбург,Потребитель,4.0,399.52,1598.08,1127.15,470.93
5069,2024-03-06,Офис,Новосибирск,Потребитель,3.0,321.95,965.85,554.43,411.42
5070,2023-08-12,Канцелярия,Новосибирск,Потребитель,23.0,343.25,7894.75,6090.77,1803.98
5071,2023-07-18,Дом и сад,Москва,Корпоратив,18.0,155.99,2807.82,1990.8,817.02
5072,2024-07-12,Дом и сад,Екатеринбург,Корпоратив,3.0,82.68,248.04,190.91,57.13
5073,2023-08-20,Канцелярия,Санкт-Петербург,Потребитель,6.0,1092.57,6555.42,3872.23,2683.19
5074,2024-01-03,Офис,Москва,Корпоратив,,257.36,3860.4,2472.84,1387.56
5075,2023-01-15,Офис,Новосибирск,Корпоратив,7.0,190.82,1335.74,892.68,443.06
5076,2024-05-02,Канцелярия,Самара,Потребитель,13.0,373.9,4860.7,3053.28,1807.42
5077,2023-04-20,Техника,Самара,Корпоратив,19.0,245.0,4655.0,3323.69,1331.31
5078,2023-12-22,Дом и сад,Москва,Мелкий опт,27.0,766.22,20687.94,15324.87,5363.07
5079,2023-11-18,Техника,Самара,Потребитель,4.0,156.66,626.64,378.7,247.94
5080,2023-09-07,Техника,Самара,Мелкий опт,,136.4,1091.2,621.27,469.93
5081,2024-10-18,Офис,Москва,Потребитель,3.0,225.04,675.12,518.29,156.83
5082,2024-02-14,Техника,Москва,Мелкий опт,8.0,568.51,4548.08,3148.56,1399.52
5083,2023-12-29,Дом и сад,Екатеринбург,Потребитель,8.0,1034.42,8275.36,6044.41,2230.95
5084,2023-11-16,Офис,Новосибирск,Потребитель,3.0,620.06,1860.18,1106.77,753.41
5085,2023-11-15,Офис,Новосибирск,Корпоратив,23.0,373.4,8588.2,6492.22,2095.98
5086,2024-05-29,Мебель,Новосибирск,Потребитель,18.0,968.95,17441.1,9868.77,7572.33
5087,2024-11-27,Дом и сад,Санкт-Петербург,Корпоратив,11.0,560.74,6168.14,3836.07,2332.07
5088,2023-08-10,Канцелярия,Новосибирск,Мелкий опт,12.0,484.64,5815.68,4416.49,1399.19
5089,2023-04-17,Канцелярия,Москва,Потребитель,13.0,454.44,5907.72,4119.3,1788.42
5090,2023-05-20,Канцелярия,Самара,Потребитель,10.0,1242.84,12428.4,9848.85,2579.55
5091,2024-02-17,Техника,Москва,Потребитель,3.0,1068.07,3204.21,2440.49,763.72
5092,2024-12-09,Дом и сад,Санкт-Петербург,Потребитель,7.0,744.58,5212.06,4156.44,1055.62
5093,2023-03-17,Техника,Самара,Мелкий опт,22.0,299.34,6585.48,4543.77,2041.71
5094,2023-08-23,Канцелярия,Новосибирск,Потребитель,3.0,367.23,1101.69,816.56,285.13
5095,2024-05-31,Офис,Новосибирск,Корпоратив,6.0,232.82,1396.92,936.57,460.35
5096,2024-01-05,Дом и сад,Санкт-Петербург,Корпоратив,36.0,673.11,24231.96,18965.64,5266.32
5097,2024-07-04,Канцелярия,Самара,Потребитель,6.0,338.23,2029.38,1190.17,839.21
5098,2023-02-17,Дом и сад,Самара,Мелкий опт,7.0,353.53,2474.71,1547.62,927.09
5099,2023-03-13,Канцелярия,Новосибирск,Мелкий опт,11.0,675.27,7427.97,4561.8,2866.17
5100,2024-10-21,Офис,Новосибирск,Корпоратив,9.0,186.48,1678.32,1082.67,595.65
5101,2023-12-14,Офис,Новосибирск,Корпоратив,9.0,700.32,6302.88,4253.84,2049.04
5102,2024-06-05,Офис,Санкт-Петербург,Корпоратив,20.0,144.0,2880.0,1732.06,1147.94
5103,2024-12-25,Офис,Москва,Потребитель,3.0,683.11,2049.33,1479.52,569.81
5104,2024-08-05,Дом и сад,Санкт-Петербург,Потребитель,11.0,203.76,2241.36,1313.12,928.24
5105,2024-10-02,Мебель,Екатеринбург,Потребитель,19.0,506.86,9630.34,6080.94,3549.4
5106,2023-05-10,Офис,Екатеринбург,Потребитель,21.0,252.65,5305.65,2939.19,2366.46
5107,2023-09-03,Мебель,Москва,Мелкий опт,12.0,202.04,2424.48,1577.06,847.42
5108,2023-12-31,Офис,Москва,Потребитель,1.0,457.14,457.14,284.88,172.26
5109,2023-07-21,Дом и сад,Москва,Потребитель,2.0,297.57,595.14,354.25,240.89
5110,2023-03-25,Дом и сад,Екатеринбург,Потребитель,11.0,128.42,1412.62,960.85,451.77
5111,2023-08-06,Техника,Санкт-Петербург,Потребитель,9.0,352.79,3175.11,2521.2,653.91
5112,2024-06-29,Мебель,Москва,Потребитель,4.0,129.59,518.36,412.6,105.76
5113,2023-07-02,Техника,Новосибирск,Потребитель,54.0,794.75,42916.5,28513.75,14402.75
5114,2024-07-26,Офис,Санкт-Петербург,Потребитель,3.0,291.25,873.75,598.15,275.6
5115,2024-11-15,Мебель,Москва,Потребитель,6.0,360.23,2161.38,1548.77,612.61
5116,2024-10-07,Канцелярия,Санкт-Петербург,Корпоратив,5.0,258.07,1290.35,866.61,423.74
5117,2024-04-21,Дом и сад,Екатеринбург,Корпоратив,23.0,1040.8,23938.4,13205.03,10733.37
5118,2024-04-04,Дом и сад,Самара,Корпоратив,3.0,223.61,670.83,455.3,215.53
5119,2023-12-23,Техника,Екатеринбург,Потребитель,11.0,159.64,1756.04,1058.31,697.73
5120,2023-05-08,Канцелярия,Санкт-Петербург,Потребитель,5.0,157.75,788.75,544.73,244.02
5121,2023-07-19,Мебель,Екатеринбург,Корпоратив,30.0,582.83,17484.9,13726.01,3758.89
5122,2023-08-15,Техника,Санкт-Петербург,Мелкий опт,7.0,946.89,6628.23,4031.36,2596.87
5123,2024-05-03,Техника,Екатеринбург,Потребитель,15.0,201.84,3027.6,1852.4,1175.2
5124,2023-06-28,Дом и сад,Екатеринбург,Потребитель,2.0,963.18,1926.36,1399.38,526.98
5125,2023-03-01,Дом и сад,Екатеринбург,Потребитель,11.0,266.42,2930.62,1743.7,1186.92
5126,2024-07-02,Канцелярия,Екатеринбург,Потребитель,14.0,395.61,5538.54,3616.75,1921.79
5127,2023-10-08,Дом и сад,Екатеринбург,Корпоратив,10.0,311.33,3113.3,2477.18,636.12
5128,2023-02-21,Техника,Москва,Потребитель,12.0,321.26,3855.12,3066.26,788.86
5129,2024-09-08,Мебель,Москва,Потребитель,20.0,212.19,4243.8,2685.08,1558.72
5130,2024-11-02,Мебель,Новосибирск,Потребитель,1.0,307.49,307.49,219.35,88.14
5131,2024-10-27,Канцелярия,Екатеринбург,Корпоратив,21.0,86.65,1819.65,1384.0,435.65
5132,2023-03-22,Офис,Санкт-Петербург,Потребитель,5.0,302.39,1511.95,1147.0,364.95
5133,2024-05-06,Офис,Екатеринбург,Потребитель,20.0,2656.53,53130.6,34518.46,18612.14
5134,2024-08-27,Канцелярия,Екатеринбург,Мелкий опт,8.0,1420.11,11360.88,7780.37,3580.51
5135,2023-09-18,Канцелярия,Москва,Потребитель,5.0,213.17,1065.85,676.95,388.9
5136,2023-05-31,Канцелярия,Москва,Мелкий опт,8.0,1201.9,9615.2,5611.95,4003.25
5137,2023-12-12,Офис,Санкт-Петербург,Потребитель,41.0,560.55,22982.55,15294.89,7687.66
5138,2023-09-24,Техника,Екатеринбург,Корпоратив,49.0,570.06,27932.94,15761.63,12171.31
5139,2024-08-20,Офис,Санкт-Петербург,Корпоратив,5.0,98.63,493.15,335.71,157.44
5140,2024-09-23,Техника,Самара,Потребитель,3.0,105.45,316.35,181.84,134.51
5141,2024-07-16,Канцелярия,Самара,Потребитель,10.0,423.6,4236.0,2839.84,1396.16
5142,2024-03-01,Офис,Новосибирск,Мелкий опт,10.0,674.88,6748.8,5214.33,1534.47
5143,2023-10-22,Дом и сад,Санкт-Петербург,Потребитель,11.0,227.38,2501.18,1746.7,754.48
5144,2024-08-29,Техника,Екатеринбург,Мелкий опт,10.0,36.22,362.2,221.42,140.78
5145,2024-12-12,Дом и сад,Екатеринбург,Потребитель,22.0,333.65,7340.3,4724.2,2616.1
5146,2024-11-20,Канцелярия,Москва,Корпоратив,54.0,153.16,8270.64,6084.04,2186.6
5147,2024-01-14,Офис,Новосибирск,Мелкий опт,3.0,298.86,896.58,703.84,192.74
5148,2024-01-07,Дом и сад,Санкт-Петербург,Потребитель,17.0,795.14,13517.38,8965.25,4552.13
5149,2024-10-26,Офис,Москва,Потребитель,12.0,434.41,5212.92,4091.65,1121.27
5150,2023-07-12,Мебель,Санкт-Петербург,Потребитель,14.0,170.84,2391.76,1716.22,675.54
5151,2023-01-27,Мебель,Самара,Потребитель,10.0,972.95,9729.5,7202.19,2527.31
5152,2024-05-25,Офис,Екатеринбург,Мелкий опт,26.0,347.4,9032.4,5524.51,3507.89
5153,2023-06-28,Офис,Екатеринбург,Потребитель,27.0,208.31,5624.37,3152.92,2471.45
5154,2023-04-04,Мебель,Москва,Мелкий опт,13.0,197.22,2563.86,1806.1,757.76
5155,2024-05-28,Мебель,Новосибирск,Мелкий опт,6.0,203.49,1220.94,710.67,510.27
5156,2024-10-19,Офис,Самара,Потребитель,3.0,296.43,889.29,665.87,223.42
5157,2024-05-06,Дом и сад,Самара,Потребитель,5.0,1044.04,5220.2,3384.03,1836.17
5158,2024-07-29,Офис,Санкт-Петербург,Мелкий опт,5.0,647.78,3238.9,1913.73,1325.17
5159,2023-11-01,Офис,Новосибирск,Корпоратив,40.0,1302.37,52094.8,34030.44,18064.36
5160,2024-02-10,Канцелярия,Екатеринбург,Потребитель,2.0,646.72,1293.44,782.45,510.99
5161,2024-08-17,Канцелярия,Москва,Корпоратив,,97.92,0.0,0.0,0.0
5162,2024-03-05,Офис,Санкт-Петербург,Корпоратив,6.0,462.65,2775.9,2164.53,611.37
5163,2024-12-19,Мебель,Санкт-Петербург,Корпоратив,19.0,469.25,8915.75,5548.25,3367.5
5164,2023-04-09,Техника,Новосибирск,Потребитель,11.0,498.26,5480.86,3827.68,1653.18
5165,2024-08-01,Офис,Самара,Потребитель,34.0,502.92,17099.28,10626.35,6472.93
5166,2024-12-31,Офис,Самара,Корпоратив,6.0,692.19,4153.14,2449.61,1703.53
5167,2023-05-19,Канцелярия,Санкт-Петербург,Потребитель,16.0,529.65,8474.4,4915.36,3559.04
5168,2023-07-23,Канцелярия,Самара,Мелкий опт,26.0,280.86,7302.36,4038.48,3263.88
5169,2024-01-27,Мебель,Екатеринбург,Потребитель,24.0,864.25,20742.0,12824.7,7917.3
5170,2024-08-13,Офис,Москва,Мелкий опт,9.0,268.89,2420.01,1796.41,623.6
5171,2023-04-02,Офис,Самара,Потребитель,3.0,876.94,2630.82,1720.61,910.21
5172,2024-02-25,Офис,Самара,Мелкий опт,7.0,407.98,2855.86,1996.13,859.73
5173,2023-07-19,Дом и сад,Самара,Корпоратив,15.0,1217.78,18266.7,10509.97,7756.73
5174,2023-06-24,Канцелярия,Санкт-Петербург,Корпоратив,8.0,576.64,4613.12,2686.26,1926.86
5175,2023-06-22,Офис,Москва,Потребитель,37.0,653.96,24196.52,16321.07,7875.45
5176,2023-05-08,Техника,Самара,Мелкий опт,104.0,834.85,86824.4,68169.63,18654.77
5177,2023-04-19,Офис,Самара,Корпоратив,,1394.65,1394.65,1096.34,298.31
5178,2023-12-28,Техника,Самара,Потребитель,8.0,118.06,944.48,671.93,272.55
5179,2023-11-08,Техника,Самара,Мелкий опт,8.0,200.34,1602.72,992.97,609.75
5180,2024-07-06,Дом и сад,Санкт-Петербург,Потребитель,16.0,320.84,5133.44,3685.89,1447.55
5181,2024-11-18,Техника,Новосибирск,Потребитель,7.0,271.06,1897.42,1396.71,500.71
5182,2023-07-16,Канцелярия,Новосибирск,Потребитель,5.0,433.34,2166.7,1431.94,734.76
5183,2023-08-12,Мебель,Самара,Потребитель,19.0,1131.38,21496.22,13512.56,7983.66
5184,2023-05-21,Дом и сад,Санкт-Петербург,Потребитель,40.0,1198.41,47936.4,27852.87,20083.53
5185,2023-08-23,Дом и сад,Екатеринбург,Корпоратив,7.0,437.84,3064.88,2355.66,709.22
5186,2023-11-24,Дом и сад,Новосибирск,Корпоратив,2.0,1090.74,2181.48,1374.82,806.66
5187,2024-05-15,Техника,Екатеринбург,Потребитель,7.0,338.39,2368.73,1793.39,575.34
5188,2023-06-24,Мебель,Санкт-Петербург,Мелкий опт,8.0,601.56,4812.48,3465.72,1346.76
5189,2024-02-19,Дом и сад,Москва,Мелкий опт,9.0,378.57,3407.13,2400.8,1006.33
5190,2023-08-22,Офис,Екатеринбург,Потребитель,,149.27,3433.21,2010.73,1422.48
5191,2023-10-24,Канцелярия,Москва,Потребитель,2.0,597.49,1194.98,900.61,294.37
5192,2023-01-06,Офис,Москва,Корпоратив,4.0,269.79,1079.16,634.61,444.55
5193,2024-06-03,Дом и сад,Самара,Потребитель,6.0,261.93,-1.0,1225.47,346.11
5194,2023-10-16,Дом и сад,Самара,Потребитель,9.0,468.27,4214.43,3188.16,1026.27
5195,2024-11-11,Техника,Новосибирск,Потребитель,4.0,664.83,2659.32,1496.96,1162.36
5196,2024-12-04,Офис,Самара,Мелкий опт,4.0,977.29,3909.16,2328.74,1580.42
5197,2024-12-03,Техника,Самара,Корпоратив,6.0,224.36,1346.16,838.3,507.86
5198,2024-07-26,Техника,Москва,Корпоратив,5.0,1291.21,6456.05,5148.85,1307.2
5199,2024-03-30,Офис,Новосибирск,Потребитель,3.0,104.52,313.56,227.4,86.16
5200,2024-03-14,Офис,Санкт-Петербург,Корпоратив,19.0,246.41,4681.79,3156.04,1525.75
5201,2024-06-01,Офис,Екатеринбург,Корпоратив,3.0,361.53,1084.59,751.34,333.25
5202,2024-05-26,Дом и сад,Новосибирск,Мелкий опт,,519.43,3636.01,2613.9,1022.11
5203,2023-02-17,Канцелярия,Самара,Потребитель,4.0,437.24,1748.96,969.41,779.55
5204,2024-08-16,Мебель,Екатеринбург,Корпоратив,5.0,584.2,2921.0,2062.36,858.64
5205,2024-11-23,Мебель,Санкт-Петербург,Потребитель,6.0,519.37,3116.22,2102.29,1013.93
5206,2024-04-18,Техника,Екатеринбург,Потребитель,36.0,1548.05,55729.8,39942.91,15786.89
5207,2024-04-24,Офис,Санкт-Петербург,Корпоратив,3.0,339.41,1018.23,683.38,334.85
5208,2023-10-17,Канцелярия,Екатеринбург,Корпоратив,13.0,195.67,2543.71,1473.05,1070.66
5209,2023-12-28,Дом и сад,Санкт-Петербург,Потребитель,22.0,764.94,16828.68,13070.54,3758.14
5210,2024-03-08,Офис,Екатеринбург,Потребитель,8.0,272.95,2183.6,1680.5,503.1
5211,2023-04-09,Техника,Екатеринбург,Мелкий опт,21.0,160.11,3362.31,2383.87,978.44
5212,2023-06-09,Дом и сад,Самара,Мелкий опт,8.0,169.74,1357.92,951.25,406.67
5213,2023-03-24,Канцелярия,Санкт-Петербург,Корпоратив,5.0,123.02,-1.0,348.35,266.75
5214,2023-09-26,Дом и сад,Екатеринбург,Мелкий опт,14.0,177.88,2490.32,1940.0,550.32
5215,2023-05-11,Офис,Екатеринбург,Потребитель,5.0,185.96,929.8,643.3,286.5
5216,2023-11-02,Офис,Москва,Потребитель,6.0,1157.47,6944.82,5441.38,1503.44
5217,2023-10-03,Мебель,Москва,Потребитель,2.0,129.2,258.4,145.91,112.49
5218,2024-07-07,Техника,Екатеринбург,Мелкий опт,,158.77,3016.63,1895.4,1121.23
5219,2023-03-11,Дом и сад,Москва,Корпоратив,11.0,547.09,6017.99,3995.8,2022.19
5220,2023-03-14,Техника,Екатеринбург,Потребитель,10.0,586.16,5861.6,3259.82,2601.78
5221,2023-11-10,Офис,Самара,Потребитель,9.0,591.36,-1.0,2992.66,2329.58
5222,2024-11-25,Дом и сад,Самара,Потребитель,11.0,669.35,7362.85,5446.82,1916.03
5223,2024-07-25,Техника,Новосибирск,Мелкий опт,2.0,393.2,786.4,515.69,270.71
5224,2024-01-13,Канцелярия,Новосибирск,Потребитель,27.0,1341.42,36218.34,26504.52,9713.82
5225,2024-01-01,Дом и сад,Новосибирск,Потребитель,4.0,465.97,1863.88,1137.74,726.14
5226,2024-01-19,Дом и сад,Самара,Мелкий опт,9.0,206.34,1857.06,1365.31,491.75
5227,2023-08-25,Канцелярия,Самара,Потребитель,4.0,464.67,1858.68,1398.97,459.71
5228,2024-01-19,Канцелярия,Санкт-Петербург,Потребитель,2.0,219.79,439.58,301.15,138.43
5229,2023-01-03,Офис,Новосибирск,Потребитель,5.0,385.56,1927.8,1403.48,524.32
5230,2023-05-19,Техника,Самара,Потребитель,4.0,509.35,2037.4,1134.71,902.69
5231,2023-09-02,Техника,Екатеринбург,Мелкий опт,28.0,576.25,16135.0,9924.97,6210.03
5232,2023-02-21,Техника,Самара,Потребитель,30.0,1480.89,44426.7,30560.48,13866.22
5233,2024-12-16,Канцелярия,Новосибирск,Корпоратив,37.0,504.65,18672.05,11864.2,6807.85
5234,2023-07-16,Канцелярия,Новосибирск,Потребитель,3.0,244.9,734.7,535.5,199.2
5235,2023-06-16,Канцелярия,Екатеринбург,Корпоратив,2.0,198.46,396.92,262.51,134.41
5236,2024-05-06,Канцелярия,Самара,Корпоратив,6.0,477.03,2862.18,2098.6,763.58
5237,2024-10-03,Канцелярия,Новосибирск,Корпоратив,2.0,1209.11,2418.22,1928.15,490.07
5238,2023-11-26,Мебель,Москва,Потребитель,4.0,390.55,1562.2,1113.29,448.91
5239,2024-01-19,Техника,Новосибирск,Потребитель,27.0,532.24,14370.48,10192.72,4177.76
5240,2023-12-23,Техника,Екатеринбург,Потребитель,11.0,806.9,8875.9,5375.32,3500.58
5241,2024-06-10,Мебель,Екатеринбург,Потребитель,7.0,92.73,649.11,381.6,267.51
5242,2024-01-17,Техника,Екатеринбург,Корпоратив,5.0,598.04,2990.2,2336.84,653.36
5243,2023-01-06,Офис,Екатеринбург,Потребитель,14.0,605.75,8480.5,5848.19,2632.31
5244,2024-04-13,Дом и сад,Москва,Мелкий опт,33.0,587.54,19388.82,11238.16,8150.66
5245,2024-01-21,Техника,Санкт-Петербург,Потребитель,2.0,863.99,1727.98,1354.05,373.93
5246,2024-08-11,Офис,Самара,Потребитель,1.0,875.27,875.27,552.81,322.46
5247,2023-10-02,Дом и сад,Екатеринбург,Потребитель,4.0,1145.47,4581.88,3422.98,1158.9
5248,2023-12-20,Дом и сад,Самара,Потребитель,3.0,491.48,1474.44,1126.91,347.53
5249,2023-12-02,Техника,Санкт-Петербург,Мелкий опт,12.0,814.16,9769.92,5976.31,3793.61
5250,2024-07-15,Канцелярия,Москва,Потребитель,12.0,410.66,4927.92,3739.01,1188.91
5251,2023-02-15,Дом и сад,Москва,Корпоратив,3.0,284.39,853.17,552.12,301.05
5252,2024-08-23,Мебель,Москва,Корпоратив,8.0,204.95,1639.6,1175.04,464.56
5253,2024-05-03,Мебель,Самара,Мелкий опт,1.0,170.24,170.24,117.24,53.0
5254,2023-06-29,Дом и сад,Новосибирск,Потребитель,6.0,543.7,3262.2,2572.12,690.08
5255,2024-07-31,Дом и сад,Санкт-Петербург,Потребитель,11.0,411.98,4531.78,3302.7,1229.08
5256,2024-02-03,Техника,Новосибирск,Потребитель,17.0,187.38,3185.46,2545.92,639.54
5257,2024-01-05,Техника,Москва,Потребитель,9.0,369.2,3322.8,1944.86,1377.94
5258,2023-05-10,Мебель,Санкт-Петербург,Корпоратив,4.0,943.4,3773.6,2687.75,1085.85
5259,2023-09-15,Канцелярия,Новосибирск,Потребитель,17.0,484.75,8240.75,5027.37,3213.38
5260,2023-09-22,Техника,Самара,Мелкий опт,3.0,1090.53,3271.59,2438.13,833.46
5261,2023-08-16,Канцелярия,Новосибирск,Корпоратив,11.0,212.47,2337.17,1849.44,487.73
5262,2024-02-25,Канцелярия,Санкт-Петербург,Потребитель,17.0,551.51,9375.67,5177.07,4198.6
5263,2024-01-02,Техника,Екатеринбург,Корпоратив,7.0,1022.33,7156.31,4040.49,3115.82
5264,2023-03-30,Офис,Санкт-Петербург,Потребитель,2.0,373.03,746.06,485.46,260.6
5265,2023-12-14,Дом и сад,Екатеринбург,Потребитель,15.0,849.1,12736.5,7448.98,5287.52
5266,2024-10-31,Дом и сад,Новосибирск,Мелкий опт,0.0,159.34,0.0,0.0,0.0
5267,2024-04-21,Дом и сад,Самара,Потребитель,2.0,206.21,412.42,322.23,90.19
5268,2023-03-30,Дом и сад,Екатеринбург,Корпоратив,13.0,451.81,5873.53,4390.27,1483.26
5269,2024-07-09,Дом и сад,Екатеринбург,Мелкий опт,12.0,629.92,7559.04,5839.18,1719.86
5270,2023-02-13,Техника,Екатеринбург,Корпоратив,4.0,630.08,2520.32,1624.59,895.73
5271,2024-11-04,Офис,Санкт-Петербург,Потребитель,5.0,619.73,3098.65,1920.59,1178.06
5272,2023-06-10,Мебель,Новосибирск,Потребитель,14.0,194.95,2729.3,1649.78,1079.52
5273,2023-03-25,Дом и сад,Екатеринбург,Потребитель,5.0,547.96,2739.8,1926.3,813.5
5274,2023-10-11,Офис,Самара,Потребитель,6.0,279.01,1674.06,1153.27,520.79
5275,2023-11-06,Дом и сад,Самара,Потребитель,28.0,686.39,19218.92,12117.87,7101.05
5276,2024-02-22,Мебель,Москва,Потребитель,3.0,422.64,1267.92,1011.77,256.15
5277,2023-08-10,Канцелярия,Санкт-Петербург,Потребитель,5.0,198.04,990.2,556.95,433.25
5278,2023-08-24,Техника,Санкт-Петербург,Потребитель,44.0,303.89,13371.16,10115.02,3256.14
5279,2024-03-30,Техника,Новосибирск,Потребитель,17.0,329.45,5600.65,4479.87,1120.78
5280,2024-02-25,Канцелярия,Новосибирск,Потребитель,5.0,681.1,3405.5,2167.17,1238.33
5281,2023-06-28,Мебель,Москва,Потребитель,52.0,802.04,41706.08,26046.8,15659.28
5282,2023-07-28,Дом и сад,Москва,Потребитель,8.0,183.75,1470.0,1136.0,334.0
5283,2023-07-14,Офис,Москва,Потребитель,10.0,548.88,5488.8,3106.17,2382.63
5284,2023-08-17,Канцелярия,Москва,Потребитель,49.0,1112.22,54498.78,32760.3,21738.48
5285,2024-05-18,Канцелярия,Самара,Потребитель,17.0,682.03,11594.51,9044.58,2549.93
5286,2023-08-31,Канцелярия,Екатеринбург,Корпоратив,4.0,256.89,1027.56,746.55,281.01
5287,2023-10-18,Мебель,Санкт-Петербург,Корпоратив,10.0,637.94,6379.4,4166.83,2212.57
5288,2024-01-28,Дом и сад,Новосибирск,Потребитель,25.0,922.24,23056.0,13480.26,9575.74
5289,2023-11-20,Канцелярия,Екатеринбург,Корпоратив,4.0,1419.08,5676.32,4181.02,1495.3
5290,2023-06-01,Офис,Москва,Корпоратив,2.0,776.18,1552.36,1038.37,513.99
5291,2024-08-30,Мебель,Екатеринбург,Потребитель,14.0,417.83,5849.62,4610.45,1239.17
5292,2023-01-23,Мебель,Екатеринбург,Корпоратив,8.0,503.11,4024.88,2912.79,1112.09
5293,2023-11-13,Мебель,Санкт-Петербург,Мелкий опт,5.0,256.66,1283.3,1025.19,258.11
5294,2024-12-10,Офис,Санкт-Петербург,Корпоратив,28.0,533.82,14946.96,11725.16,3221.8
5295,2023-01-04,Техника,Санкт-Петербург,Мелкий опт,22.0,1052.68,23158.96,14237.87,8921.09
5296,2024-05-31,Техника,Новосибирск,Потребитель,12.0,1246.72,14960.64,10194.14,4766.5
5297,2024-07-14,Дом и сад,Санкт-Петербург,Потребитель,12.0,136.09,1633.08,1234.59,398.49
5298,2023-12-05,Офис,Санкт-Петербург,Корпоратив,9.0,279.89,2519.01,1891.27,627.74
5299,2024-01-16,Дом и сад,Екатеринбург,Корпоратив,33.0,621.38,20505.54,12985.53,7520.01
5300,2023-10-12,Техника,Новосибирск,Корпоратив,14.0,646.79,9055.06,6660.8,2394.26
5301,2024-01-21,Мебель,Новосибирск,Корпоратив,39.0,1193.99,46565.61,31030.08,15535.53
5302,2024-03-12,Техника,Екатеринбург,Корпоратив,6.0,1204.5,7227.0,4958.3,2268.7
5303,2024-12-04,Техника,Санкт-Петербург,Потребитель,28.0,345.62,9677.36,7142.32,2535.04
5304,2024-10-30,Мебель,Санкт-Петербург,Корпоратив,5.0,251.92,1259.6,847.31,412.29
5305,2023-05-23,Дом и сад,Новосибирск,Потребитель,4.0,186.49,745.96,448.34,297.62
5306,2023-03-28,Дом и сад,Екатеринбург,Корпоратив,8.0,152.29,1218.32,835.6,382.72
5307,2023-01-23,Канцелярия,Новосибирск,Корпоратив,1.0,720.55,720.55,481.24,239.31
5308,2024-07-27,Офис,Санкт-Петербург,Потребитель,8.0,481.12,3848.96,2206.97,1641.99
5309,2023-08-31,Офис,Самара,Мелкий опт,18.0,280.25,5044.5,3599.84,1444.66
5310,2023-12-27,Офис,Екатеринбург,Потребитель,,397.41,4371.51,2767.99,1603.52
5311,2023-03-07,Техника,Новосибирск,Потребитель,4.0,937.17,3748.68,2349.87,1398.81
5312,2024-04-12,Канцелярия,Москва,Потребитель,,106.51,106.51,70.33,36.18
5313,2023-06-15,Офис,Москва,Потребитель,22.0,463.58,10198.76,7006.47,3192.29
5314,2024-02-22,Дом и сад,Самара,Корпоратив,5.0,1055.1,5275.5,3182.47,2093.03
5315,2024-03-03,Офис,Новосибирск,Потребитель,13.0,1551.81,20173.53,15456.74,4716.79
5316,2024-12-18,Дом и сад,Москва,Потребитель,10.0,1271.92,12719.2,8958.59,3760.61
5317,2024-03-23,Офис,Новосибирск,Корпоратив,21.0,1148.39,24116.19,19102.09,5014.1
5318,2024-05-17,Канцелярия,Санкт-Петербург,Потребитель,12.0,369.54,4434.48,3161.24,1273.24
5319,2023-01-04,Офис,Самара,Потребитель,16.0,375.25,6004.0,4192.73,1811.27
5320,2024-01-08,Канцелярия,Новосибирск,Корпоратив,24.0,837.52,20100.48,13136.03,6964.45
5321,2024-07-10,Техника,Москва,Потребитель,11.0,2090.14,22991.54,15053.43,7938.11
5322,2023-11-13,Дом и сад,Москва,Мелкий опт,2.0,583.56,-1.0,727.19,439.93
5323,2024-09-23,Дом и сад,Москва,Потребитель,16.0,206.65,3306.4,2390.91,915.49
5324,2024-05-28,Офис,Самара,Мелкий опт,3.0,484.01,1452.03,927.22,524.81
5325,2024-03-25,Офис,Санкт-Петербург,Потребитель,5.0,434.29,2171.45,1343.09,828.36
5326,2023-08-28,Мебель,Самара,Корпоратив,17.0,314.22,5341.74,3271.32,2070.42
5327,2023-07-13,Техника,Москва,Потребитель,9.0,565.11,5085.99,2924.14,2161.85
5328,2024-09-08,Офис,Новосибирск,Корпоратив,59.0,260.79,15386.61,11895.74,3490.87
5329,2024-09-13,Дом и сад,Екатеринбург,Мелкий опт,7.0,266.64,1866.48,1418.88,447.6
5330,2024-05-14,Канцелярия,Новосибирск,Мелкий опт,1.0,864.86,864.86,579.42,285.44
5331,2024-10-24,Канцелярия,Новосибирск,Потребитель,11.0,1045.98,11505.78,6748.29,4757.49
5332,2023-06-22,Канцелярия,Новосибирск,Корпоратив,14.0,437.74,6128.36,4562.06,1566.3
5333,2023-07-22,Техника,Москва,Потребитель,6.0,375.07,2250.42,1301.91,948.51
5334,2024-11-01,Дом и сад,Самара,Потребитель,7.0,278.98,1952.86,1381.81,571.05
5335,2024-08-22,Дом и сад,Самара,Потребитель,7.0,144.3,1010.1,646.69,363.41
5336,2023-09-06,Офис,Екатеринбург,Потребитель,18.0,519.79,9356.22,5591.18,3765.04
5337,2024-08-12,Канцелярия,Екатеринбург,Потребитель,13.0,1385.5,18011.5,10701.83,7309.67
5338,2024-06-01,Техника,Самара,Потребитель,41.0,488.65,20034.65,15892.08,4142.57
5339,2024-04-01,Канцелярия,Санкт-Петербург,Мелкий опт,6.0,402.68,2416.08,1354.25,1061.83
5340,2023-12-05,Дом и сад,Екатеринбург,Потребитель,9.0,1054.82,9493.38,6033.18,3460.2
5341,2024-12-26,Офис,Екатеринбург,Корпоратив,6.0,1234.71,7408.26,5336.42,2071.84
5342,2023-11-30,Дом и сад,Новосибирск,Потребитель,9.0,74.53,670.77,525.01,145.76
5343,2024-11-01,Дом и сад,Новосибирск,Корпоратив,11.0,296.11,3257.21,2170.07,1087.14
5344,2024-07-12,Техника,Новосибирск,Потребитель,12.0,1967.36,23608.32,13134.06,10474.26
5345,2023-04-07,Канцелярия,Самара,Корпоратив,26.0,288.2,7493.2,5301.78,2191.42
5346,2023-05-15,Мебель,Санкт-Петербург,Потребитель,0.0,279.86,0.0,0.0,0.0
5347,2024-08-27,Офис,Екатеринбург,Корпоратив,4.0,459.52,1838.08,1251.49,586.59
5348,2023-09-30,Дом и сад,Екатеринбург,Потребитель,4.0,302.25,1209.0,933.52,275.48
5349,2023-02-07,Мебель,Новосибирск,Потребитель,16.0,217.35,3477.6,2542.44,935.16
5350,2023-10-03,Техника,Москва,Потребитель,24.0,1170.83,28099.92,19936.87,8163.05
5351,2024-08-04,Мебель,Самара,Корпоратив,6.0,550.86,3305.16,2113.86,1191.3
5352,2024-05-03,Техника,Москва,Потребитель,4.0,230.16,920.64,520.49,400.15
5353,2023-01-24,Офис,Санкт-Петербург,Потребитель,7.0,145.64,1019.48,645.78,373.7
5354,2024-03-03,Техника,Екатеринбург,Мелкий опт,5.0,526.2,2631.0,1737.91,893.09
5355,2023-12-12,Дом и сад,Москва,Потребитель,1.0,226.6,226.6,137.53,89.07
5356,2024-06-23,Дом и сад,Новосибирск,Потребитель,22.0,331.47,7292.34,4954.51,2337.83
5357,2024-11-03,Техника,Самара,Корпоратив,4.0,657.99,2631.96,1693.34,938.62
5358,2023-07-27,Канцелярия,Екатеринбург,Потребитель,4.0,122.31,489.24,278.85,210.39
5359,2024-08-04,Канцелярия,Санкт-Петербург,Мелкий опт,20.0,1162.3,23246.0,18396.4,4849.6
5360,2024-09-04,Мебель,Санкт-Петербург,Потребитель,13.0,299.87,3898.31,3102.56,795.75
5361,2023-08-08,Канцелярия,Екатеринбург,Корпоратив,3.0,244.14,732.42,415.85,316.57
5362,2023-01-09,Канцелярия,Екатеринбург,Потребитель,11.0,438.83,-1.0,3452.74,1374.39
5363,2024-11-22,Дом и сад,Москва,Потребитель,3.0,738.91,2216.73,1484.44,732.29
5364,2023-01-07,Дом и сад,Москва,Потребитель,16.0,790.43,12646.88,9894.3,2752.58
5365,2024-01-16,Дом и сад,Екатеринбург,Мелкий опт,9.0,394.6,3551.4,2445.55,1105.85
5366,2023-10-24,Офис,Санкт-Петербург,Потребитель,2.0,254.13,508.26,395.3,112.96
5367,2023-04-08,Дом и сад,Самара,Мелкий опт,6.0,110.01,660.06,415.87,244.19
5368,2024-03-25,Дом и сад,Москва,Потребитель,5.0,245.29,1226.45,938.36,288.09
5369,2024-01-30,Канцелярия,Санкт-Петербург,Корпоратив,5.0,84.53,422.65,262.44,160.21
5370,2023-04-21,Дом и сад,Москва,Корпоратив,16.0,974.79,15596.64,10535.95,5060.69
5371,2024-04-07,Канцелярия,Самара,Потребитель,3.0,2473.55,7420.65,4633.8,2786.85
5372,2023-02-02,Офис,Екатеринбург,Корпоратив,1.0,998.67,998.67,676.46,322.21
5373,2023-05-09,Офис,Новосибирск,Потребитель,6.0,325.41,1952.46,1258.3,694.16
5374,2023-03-14,Мебель,Новосибирск,Мелкий опт,12.0,355.3,4263.6,3409.64,853.96
5375,2023-11-18,Дом и сад,Екатеринбург,Мелкий опт,49.0,1729.97,84768.53,64216.32,20552.21
5376,2023-05-26,Техника,Новосибирск,Мелкий опт,27.0,339.62,9169.74,6328.43,2841.31
5377,2024-08-08,Дом и сад,Санкт-Петербург,Корпоратив,2.0,949.76,1899.52,1136.82,762.7
5378,2024-11-17,Офис,Самара,Корпоратив,16.0,534.2,8547.2,5831.45,2715.75
5379,2024-01-19,Офис,Екатеринбург,Потребитель,8.0,185.07,1480.56,1126.19,354.37
5380,2023-06-11,Дом и сад,Москва,Потребитель,11.0,329.64,3626.04,2059.26,1566.78
5381,2024-04-27,Дом и сад,Самара,Потребитель,7.0,414.14,2898.98,1783.03,1115.95
5382,2023-10-08,Техника,Самара,Корпоратив,7.0,1072.43,7507.01,5676.08,1830.93
5383,2023-12-25,Дом и сад,Санкт-Петербург,Потребитель,3.0,1335.03,4005.09,2583.84,1421.25
5384,2023-09-29,Канцелярия,Санкт-Петербург,Корпоратив,7.0,1531.53,10720.71,7107.58,3613.13
5385,2024-05-15,Мебель,Москва,Потребитель,2.0,928.38,1856.76,1229.49,627.27
5386,2024-01-30,Дом и сад,Новосибирск,Потребитель,10.0,525.87,5258.7,4021.46,1237.24
5387,2023-04-22,Дом и сад,Санкт-Петербург,Потребитель,14.0,154.62,2164.68,1519.93,644.75
5388,2023-01-03,Канцелярия,Москва,Корпоратив,6.0,1248.6,7491.6,5016.89,2474.71
5389,2024-12-08,Канцелярия,Санкт-Петербург,Потребитель,3.0,325.52,976.56,764.95,211.61
5390,2023-04-30,Мебель,Санкт-Петербург,Корпоратив,3.0,137.72,413.16,274.41,138.75
5391,2023-06-03,Офис,Санкт-Петербург,Потребитель,52.0,394.53,20515.56,13238.77,7276.79
5392,2024-05-09,Мебель,Самара,Потребитель,22.0,774.51,17039.22,11284.23,5754.99
5393,2023-11-03,Дом и сад,Москва,Мелкий опт,4.0,1379.46,5517.84,3210.45,2307.39
5394,2023-08-06,Офис,Москва,Потребитель,11.0,304.94,3354.34,2311.57,1042.77
5395,2023-08-12,Офис,Екатеринбург,Потребитель,4.0,540.74,2162.96,1563.27,599.69
5396,2023-07-17,Дом и сад,Екатеринбург,Потребитель,16.0,703.34,11253.44,8312.32,2941.12
5397,2023-12-17,Канцелярия,Самара,Корпоратив,22.0,182.44,4013.68,2828.05,1185.63
5398,2024-12-18,Техника,Екатеринбург,Мелкий опт,10.0,342.44,3424.4,2607.72,816.68
5399,2023-12-27,Техника,Новосибирск,Мелкий опт,23.0,97.41,2240.43,1704.51,535.92
5400,2023-09-17,Офис,Самара,Корпоратив,12.0,621.73,7460.76,5048.02,2412.74
5401,2024-07-15,Офис,Новосибирск,Потребитель,9.0,1226.1,11034.9,8552.61,2482.29
5402,2024-04-11,Дом и сад,Москва,Потребитель,3.0,135.56,406.68,238.61,168.07
5403,2023-05-26,Дом и сад,Самара,Мелкий опт,15.0,108.41,1626.15,1181.48,444.67
5404,2024-11-28,Канцелярия,Москва,Потребитель,26.0,564.49,14676.74,11268.96,3407.78
5405,2023-03-24,Техника,Самара,Мелкий опт,9.0,315.43,2838.87,2056.71,782.16
5406,2024-06-09,Дом и сад,Новосибирск,Потребитель,3.0,490.14,1470.42,1126.41,344.01
5407,2024-12-16,Канцелярия,Самара,Потребитель,6.0,101.25,607.5,334.72,272.78
5408,2023-07-03,Офис,Самара,Потребитель,38.0,871.68,33123.84,21784.93,11338.91
5409,2024-09-22,Канцелярия,Самара,Потребитель,3.0,271.25,813.75,615.8,197.95
5410,2024-12-08,Дом и сад,Самара,Потребитель,13.0,226.26,2941.38,1939.41,1001.97
5411,2023-10-16,Техника,Самара,Корпоратив,7.0,555.8,3890.6,2311.53,1579.07
5412,2024-02-11,Офис,Самара,Потребитель,8.0,1213.32,9706.56,7365.8,2340.76
5413,2024-11-26,Дом и сад,Екатеринбург,Корпоратив,6.0,122.81,736.86,532.2,204.66
5414,2023-11-07,Дом и сад,Самара,Корпоратив,18.0,970.88,17475.84,11047.39,6428.45
5415,2023-05-22,Техника,Екатеринбург,Потребитель,17.0,1053.67,17912.39,12438.61,5473.78
5416,2024-09-01,Дом и сад,Екатеринбург,Потребитель,31.0,1135.53,35201.43,25711.2,9490.23
5417,2024-10-13,Техника,Москва,Потребитель,5.0,468.29,-1.0,1548.43,793.02
5418,2024-12-13,Дом и сад,Новосибирск,Корпоратив,17.0,790.84,13444.28,10123.21,3321.07
5419,2024-05-22,Канцелярия,Самара,Потребитель,12.0,238.64,2863.68,2112.77,750.91
5420,2024-03-06,Дом и сад,Москва,Мелкий опт,41.0,234.99,9634.59,6873.49,2761.1
5421,2024-03-13,Техника,Новосибирск,Потребитель,4.0,114.12,456.48,262.12,194.36
5422,2023-04-23,Офис,Москва,Потребитель,27.0,246.81,6663.87,4980.97,1682.9
5423,2024-03-31,Мебель,Екатеринбург,Корпоратив,9.0,347.36,3126.24,2278.03,848.21
5424,2024-08-02,Дом и сад,Новосибирск,Корпоратив,24.0,222.7,5344.8,3440.63,1904.17
5425,2024-10-31,Техника,Новосибирск,Потребитель,8.0,1001.19,8009.52,6300.55,1708.97
5426,2023-02-18,Дом и сад,Самара,Потребитель,11.0,549.6,6045.6,4091.51,1954.09
5427,2024-01-25,Техника,Москва,Корпоратив,22.0,387.64,8528.08,6235.3,2292.78
5428,2024-12-18,Дом и сад,Москва,Корпоратив,30.0,380.2,11406.0,8915.13,2490.87
5429,2024-01-11,Дом и сад,Москва,Потребитель,37.0,888.23,32864.51,18376.86,14487.65
5430,2023-06-18,Дом и сад,Екатеринбург,Корпоратив,6.0,389.73,2338.38,1781.51,556.87
5431,2023-12-31,Мебель,Самара,Потребитель,5.0,1923.53,9617.65,5693.67,3923.98
5432,2023-08-03,Мебель,Санкт-Петербург,Потребитель,8.0,150.21,1201.68,862.31,339.37
5433,2023-10-12,Мебель,Санкт-Петербург,Потребитель,8.0,91.66,733.28,448.2,285.08
5434,2023-07-21,Дом и сад,Санкт-Петербург,Потребитель,13.0,219.1,2848.3,2085.7,762.6
5435,2024-04-21,Канцелярия,Санкт-Петербург,Потребитель,33.0,612.12,20199.96,11618.7,8581.26
5436,2023-05-23,Офис,Москва,Потребитель,59.0,377.51,22273.09,17784.61,4488.48
5437,2024-10-05,Офис,Новосибирск,Потребитель,8.0,546.69,-1.0,3496.02,877.5
5438,2024-12-23,Канцелярия,Москва,Корпоратив,6.0,332.69,1996.14,1593.23,402.91
5439,2024-02-17,Дом и сад,Новосибирск,Потребитель,5.0,547.0,2735.0,2141.08,593.92
5440,2023-05-11,Техника,Москва,Потребитель,11.0,463.5,5098.5,3487.47,1611.03
5441,2024-06-24,Дом и сад,Новосибирск,Мелкий опт,26.0,2241.02,58266.52,45172.38,13094.14
5442,2023-04-23,Техника,Санкт-Петербург,Потребитель,17.0,659.96,11219.32,8555.52,2663.8
5443,2023-03-21,Дом и сад,Санкт-Петербург,Потребитель,3.0,431.96,1295.88,990.19,305.69
5444,2023-05-02,Дом и сад,Москва,Потребитель,8.0,284.81,2278.48,1377.59,900.89
5445,2024-01-22,Офис,Новосибирск,Мелкий опт,16.0,742.63,11882.08,8639.45,3242.63
5446,2024-09-18,Офис,Новосибирск,Потребитель,10.0,483.56,4835.6,2691.68,2143.92
5447,2024-07-17,Канцелярия,Самара,Потребитель,2.0,413.72,827.44,467.45,359.99
5448,2023-02-24,Дом и сад,Самара,Корпоратив,5.0,198.85,994.25,625.61,368.64
5449,2023-09-01,Дом и сад,Самара,Мелкий опт,2.0,330.41,660.82,455.96,204.86
5450,2023-11-27,Офис,Екатеринбург,Корпоратив,6.0,339.79,2038.74,1446.96,591.78
5451,2023-03-08,Техника,Санкт-Петербург,Корпоратив,10.0,355.73,3557.3,2667.7,889.6
5452,2024-03-11,Мебель,Самара,Корпоратив,10.0,408.28,4082.8,2849.37,1233.43
5453,2023-04-16,Техника,Москва,Потребитель,7.0,322.72,2259.04,1472.47,786.57
5454,2023-03-07,Канцелярия,Екатеринбург,Потребитель,9.0,135.63,1220.67,919.05,301.62
5455,2024-03-18,Канцелярия,Москва,Корпоратив,16.0,317.82,5085.12,3178.57,1906.55
5456,2023-01-02,Техника,Новосибирск,Мелкий опт,5.0,666.9,3334.5,2577.89,756.61
5457,2024-04-03,Мебель,Санкт-Петербург,Потребитель,18.0,196.36,3534.48,2601.79,932.69
5458,2024-09-05,Канцелярия,Москва,Потребитель,7.0,834.79,5843.53,4245.37,1598.16
5459,2023-12-25,Техника,Екатеринбург,Потребитель,17.0,805.15,13687.55,7605.41,6082.14
5460,2023-03-25,Канцелярия,Новосибирск,Корпоратив,1.0,929.56,929.56,719.43,210.13
5461,2024-02-08,Дом и сад,Санкт-Петербург,Потребитель,4.0,177.8,711.2,418.2,293.0
5462,2023-11-21,Офис,Новосибирск,Потребитель,32.0,168.52,5392.64,4295.4,1097.24
5463,2023-10-09,Техника,Новосибирск,Потребитель,3.0,319.04,957.12,765.44,191.68
5464,2024-07-08,Техника,Москва,Потребитель,4.0,214.4,857.6,571.46,286.14
5465,2023-02-24,Мебель,Екатеринбург,Корпоратив,5.0,1091.99,5459.95,3736.3,1723.65
5466,2024-05-09,Офис,Самара,Потребитель,5.0,244.04,1220.2,724.34,495.86
5467,2024-08-03,Канцелярия,Москва,Потребитель,7.0,366.32,2564.24,1841.99,722.25
5468,2023-08-03,Техника,Москва,Потребитель,7.0,584.48,4091.36,2777.19,1314.17
5469,2024-03-14,Дом и сад,Новосибирск,Корпоратив,8.0,156.38,1251.04,815.89,435.15
5470,2023-09-14,Дом и сад,Москва,Потребитель,3.0,311.3,933.9,586.14,347.76
5471,2024-03-21,Канцелярия,Екатеринбург,Потребитель,8.0,592.9,4743.2,3587.47,1155.73
5472,2023-02-18,Канцелярия,Новосибирск,Мелкий опт,17.0,1299.79,22096.43,12306.41,9790.02
5473,2023-06-21,Техника,Новосибирск,Корпоратив,6.0,1032.87,6197.22,3957.26,2239.96
5474,2024-03-21,Дом и сад,Екатеринбург,Потребитель,42.0,183.15,7692.3,4883.14,2809.16
5475,2023-10-29,Техника,Москва,Потребитель,39.0,1042.44,40655.16,22854.65,17800.51
5476,2023-07-03,Мебель,Екатеринбург,Мелкий опт,23.0,1217.49,28002.27,20606.84,7395.43
5477,2023-10-14,Дом и сад,Санкт-Петербург,Корпоратив,8.0,358.96,2871.68,1600.55,1271.13
5478,2024-12-10,Техника,Самара,Потребитель,11.0,827.16,9098.76,6278.73,2820.03
5479,2024-02-18,Канцелярия,Самара,Потребитель,5.0,793.1,3965.5,2873.1,1092.4
5480,2024-01-31,Техника,Екатеринбург,Потребитель,13.0,117.82,1531.66,1187.84,343.82
5481,2023-04-03,Мебель,Санкт-Петербург,Потребитель,2.0,168.58,337.16,233.03,104.13
5482,2023-08-12,Офис,Самара,Корпоратив,86.0,436.73,37558.78,29449.8,8108.98
5483,2023-02-06,Офис,Санкт-Петербург,Корпоратив,14.0,860.06,12040.84,7072.85,4967.99
5484,2024-04-12,Офис,Санкт-Петербург,Мелкий опт,5.0,140.24,701.2,437.16,264.04
5485,2024-01-31,Дом и сад,Самара,Потребитель,30.0,924.9,27747.0,20638.7,7108.3
5486,2023-05-29,Дом и сад,Новосибирск,Потребитель,17.0,670.98,11406.66,8706.45,2700.21
5487,2024-06-12,Офис,Самара,Потребитель,13.0,2976.86,38699.18,30755.75,7943.43
5488,2023-04-29,Канцелярия,Екатеринбург,Потребитель,6.0,1007.44,6044.64,4763.18,1281.46
5489,2023-08-17,Канцелярия,Самара,Потребитель,2.0,170.85,341.7,247.33,94.37
5490,2024-07-01,Офис,Новосибирск,Мелкий опт,39.0,514.55,20067.45,13565.04,6502.41
5491,2024-10-13,Канцелярия,Санкт-Петербург,Корпоратив,8.0,455.19,3641.52,2449.79,1191.73
5492,2024-12-10,Дом и сад,Новосибирск,Потребитель,13.0,909.87,11828.31,7754.22,4074.09
5493,2023-12-06,Дом и сад,Екатеринбург,Потребитель,5.0,139.48,697.4,436.95,260.45
5494,2024-04-13,Дом и сад,Самара,Потребитель,2.0,341.37,682.74,541.89,140.85
5495,2024-11-16,Офис,Самара,Потребитель,31.0,1650.9,51177.9,32663.22,18514.68
5496,2023-12-09,Дом и сад,Екатеринбург,Потребитель,7.0,317.79,2224.53,1435.63,788.9
5497,2024-03-04,Канцелярия,Санкт-Петербург,Потребитель,22.0,117.27,2579.94,1487.3,1092.64
5498,2023-01-02,Канцелярия,Новосибирск,Корпоратив,30.0,80.01,2400.3,1614.95,785.35
5499,2023-04-06,Дом и сад,Москва,Потребитель,31.0,443.85,13759.35,9807.25,3952.1
5500,2024-03-21,Канцелярия,Самара,Потребитель,3.0,1839.51,5518.53,4396.04,1122.49
5501,2023-12-08,Мебель,Санкт-Петербург,Корпоратив,33.0,1233.96,40720.68,23606.74,17113.94
5502,2023-02-18,Канцелярия,Санкт-Петербург,Потребитель,26.0,230.6,5995.6,4153.09,1842.51
5503,2023-07-02,Техника,Новосибирск,Потребитель,2.0,258.91,517.82,376.54,141.28
5504,2024-09-22,Техника,Санкт-Петербург,Потребитель,9.0,664.13,5977.17,3828.34,2148.83
5505,2023-03-02,Канцелярия,Самара,Корпоратив,15.0,649.69,9745.35,5639.34,4106.01
5506,2023-08-28,Дом и сад,Екатеринбург,Потребитель,1.0,191.09,191.09,151.59,39.5
5507,2024-06-20,Техника,Москва,Потребитель,23.0,495.41,11394.43,8917.77,2476.66
5508,2024-01-15,Мебель,Новосибирск,Потребитель,20.0,2806.18,56123.6,36982.26,19141.34
5509,2023-06-08,Дом и сад,Новосибирск,Потребитель,5.0,130.69,653.45,442.3,211.15
5510,2024-05-12,Офис,Екатеринбург,Потребитель,6.0,580.69,3484.14,2651.19,832.95
5511,2024-03-21,Офис,Санкт-Петербург,Потребитель,11.0,555.14,6106.54,4543.01,1563.53
5512,2023-04-17,Дом и сад,Самара,Корпоратив,7.0,211.47,1480.29,864.9,615.39
5513,2023-01-25,Офис,Екатеринбург,Корпоратив,10.0,289.73,2897.3,2298.48,598.82
5514,2024-08-28,Мебель,Санкт-Петербург,Мелкий опт,5.0,387.76,1938.8,1192.89,745.91
5515,2023-01-10,Канцелярия,Екатеринбург,Потребитель,8.0,217.07,1736.56,1237.11,499.45
5516,2024-12-23,Канцелярия,Самара,Потребитель,,293.69,881.07,656.92,224.15
5517,2023-05-07,Офис,Москва,Мелкий опт,15.0,398.19,5972.85,3917.35,2055.5
5518,2024-09-21,Мебель,Санкт-Петербург,Потребитель,8.0,372.06,2976.48,1695.37,1281.11
5519,2024-12-10,Дом и сад,Санкт-Петербург,Потребитель,19.0,547.48,10402.12,6124.92,4277.2
5520,2023-01-05,Дом и сад,Самара,Корпоратив,7.0,756.49,5295.43,3464.76,1830.67
5521,2023-06-15,Дом и сад,Екатеринбург,Потребитель,5.0,429.3,2146.5,1355.05,791.45
5522,2023-08-23,Офис,Москва,Потребитель,12.0,377.54,4530.48,3259.16,1271.32
5523,2024-03-19,Техника,Москва,Корпоратив,11.0,368.62,4054.82,3120.41,934.41
5524,2023-12-03,Канцелярия,Москва,Потребитель,12.0,476.67,5720.04,4095.44,1624.6
5525,2023-09-02,Мебель,Санкт-Петербург,Потребитель,15.0,119.72,1795.8,1182.28,613.52
5526,2024-10-18,Офис,Екатеринбург,Потребитель,2.0,282.9,565.8,431.4,134.4
5527,2023-04-23,Дом и сад,Новосибирск,Корпоратив,3.0,330.66,991.98,738.19,253.79
5528,2023-10-02,Мебель,Москва,Потребитель,12.0,201.68,2420.16,1902.69,517.47
5529,2024-11-23,Офис,Санкт-Петербург,Корпоратив,6.0,736.65,4419.9,2727.75,1692.15
5530,2023-11-13,Дом и сад,Новосибирск,Мелкий опт,21.0,208.46,4377.66,3209.58,1168.08
5531,2023-03-25,Дом и сад,Самара,Корпоратив,17.0,741.28,12601.76,7731.85,4869.91
5532,2023-04-20,Дом и сад,Москва,Корпоратив,1.0,138.95,138.95,104.55,34.4
5533,2023-06-18,Техника,Санкт-Петербург,Потребитель,5.0,140.01,700.05,550.53,149.52
5534,2024-07-21,Офис,Санкт-Петербург,Корпоратив,2.0,1318.17,2636.34,1924.78,711.56
5535,2023-10-11,Канцелярия,Самара,Корпоратив,9.0,514.43,4629.87,2700.81,1929.06
5536,2023-07-15,Канцелярия,Екатеринбург,Корпоратив,16.0,155.49,2487.84,1805.19,682.65
5537,2023-08-15,Канцелярия,Москва,Мелкий опт,7.0,521.9,3653.3,2824.87,828.43
5538,2024-04-26,Мебель,Москва,Потребитель,15.0,356.85,5352.75,4187.15,1165.6
5539,2023-07-22,Техника,Санкт-Петербург,Мелкий опт,3.0,257.32,771.96,428.79,343.17
5540,2023-05-17,Канцелярия,Самара,Потребитель,24.0,439.27,10542.48,6060.85,4481.63
5541,2024-11-14,Дом и сад,Новосибирск,Потребитель,6.0,325.38,1952.28,1543.9,408.38
5542,2024-09-15,Техника,Санкт-Петербург,Корпоратив,33.0,291.39,9615.87,7161.88,2453.99
5543,2023-05-06,Офис,Самара,Корпоратив,25.0,461.51,11537.75,9051.55,2486.2
5544,2024-01-16,Офис,Москва,Потребитель,3.0,565.06,1695.18,1190.76,504.42
5545,2024-10-30,Мебель,Москва,Потребитель,35.0,1144.72,40065.2,23975.94,16089.26
5546,2024-01-19,Дом и сад,Новосибирск,Потребитель,21.0,724.83,15221.43,10613.74,4607.69
5547,2023-03-09,Дом и сад,Екатеринбург,Потребитель,7.0,185.78,1300.46,934.63,365.83
5548,2024-04-04,Канцелярия,Москва,Потребитель,8.0,399.06,3192.48,2102.39,1090.09
5549,2024-01-14,Канцелярия,Новосибирск,Мелкий опт,13.0,246.14,3199.82,2242.75,957.07
5550,2023-06-25,Офис,Самара,Потребитель,7.0,648.41,4538.87,3586.31,952.56
5551,2024-02-28,Офис,Самара,Корпоратив,10.0,572.54,5725.4,4384.84,1340.56
5552,2023-05-03,Дом и сад,Самара,Потребитель,5.0,558.43,2792.15,2090.91,701.24
5553,2024-12-12,Канцелярия,Екатеринбург,Мелкий опт,1.0,486.04,486.04,308.99,177.05
5554,2024-12-27,Канцелярия,Екатеринбург,Потребитель,12.0,221.02,2652.24,1925.86,726.38
5555,2024-08-22,Дом и сад,Санкт-Петербург,Потребитель,2.0,222.58,445.16,265.21,179.95
5556,2023-08-06,Мебель,Санкт-Петербург,Потребитель,4.0,355.11,1420.44,975.0,445.44
5557,2024-03-22,Офис,Самара,Потребитель,5.0,361.46,1807.3,1066.19,741.11
5558,2024-06-10,Канцелярия,Самара,Потребитель,7.0,1621.63,11351.41,8137.0,3214.41
5559,2023-10-11,Канцелярия,Самара,Потребитель,5.0,956.34,4781.7,2747.02,2034.68
5560,2023-07-01,Офис,Самара,Потребитель,30.0,98.8,2964.0,1749.76,1214.24
5561,2023-10-27,Канцелярия,Москва,Потребитель,11.0,90.3,993.3,698.79,294.51
5562,2024-09-18,Канцелярия,Екатеринбург,Потребитель,6.0,122.85,737.1,464.63,272.47
5563,2024-10-20,Дом и сад,Санкт-Петербург,Мелкий опт,7.0,542.1,3794.7,2590.09,1204.61
5564,2024-03-26,Канцелярия,Самара,Мелкий опт,9.0,185.01,1665.09,942.28,722.81
5565,2024-07-11,Офис,Санкт-Петербург,Корпоратив,13.0,572.54,7443.02,4758.07,2684.95
5566,2024-03-07,Мебель,Екатеринбург,Потребитель,6.0,818.23,4909.38,3869.78,1039.6
5567,2024-06-17,Дом и сад,Екатеринбург,Потребитель,22.0,1163.06,25587.32,16109.14,9478.18
5568,2024-05-19,Техника,Екатеринбург,Корпоратив,1.0,1152.59,1152.59,639.58,513.01
5569,2023-05-03,Офис,Новосибирск,Потребитель,7.0,384.84,2693.88,1790.29,903.59
5570,2024-10-31,Мебель,Новосибирск,Потребитель,10.0,229.4,2294.0,1317.73,976.27
5571,2024-07-01,Канцелярия,Москва,Корпоратив,4.0,405.24,1620.96,1043.83,577.13
5572,2024-10-09,Техника,Санкт-Петербург,Корпоратив,3.0,870.32,2610.96,1620.91,990.05
5573,2024-08-21,Дом и сад,Новосибирск,Потребитель,2.0,157.17,314.34,176.71,137.63
5574,2023-02-28,Техника,Санкт-Петербург,Мелкий опт,54.0,1798.76,97133.04,75473.39,21659.65
5575,2024-09-12,Офис,Санкт-Петербург,Мелкий опт,19.0,169.66,3223.54,1971.48,1252.06
5576,2023-09-18,Мебель,Санкт-Петербург,Мелкий опт,1.0,765.65,765.65,463.94,301.71
5577,2024-10-02,Дом и сад,Москва,Потребитель,6.0,45.3,271.8,195.97,75.83
5578,2023-06-13,Техника,Самара,Мелкий опт,42.0,232.4,9760.8,6571.15,3189.65
5579,2023-12-31,Техника,Самара,Мелкий опт,7.0,175.12,1225.84,817.6,408.24
5580,2024-05-27,Канцелярия,Новосибирск,Мелкий опт,4.0,1226.66,4906.64,3390.58,1516.06
5581,2024-08-10,Дом и сад,Москва,Потребитель,1.0,430.35,430.35,339.87,90.48
5582,2024-09-18,Офис,Екатеринбург,Потребитель,4.0,1319.7,5278.8,4009.81,1268.99
5583,2024-07-07,Офис,Екатеринбург,Потребитель,36.0,335.91,12092.76,9021.41,3071.35
5584,2023-11-22,Техника,Самара,Мелкий опт,6.0,373.09,2238.54,1445.7,792.84
5585,2024-12-26,Канцелярия,Санкт-Петербург,Корпоратив,4.0,896.36,3585.44,2107.47,1477.97
5586,2023-02-23,Дом и сад,Санкт-Петербург,Мелкий опт,12.0,360.32,4323.84,2495.22,1828.62
5587,2024-01-02,Дом и сад,Санкт-Петербург,Потребитель,2.0,114.08,228.16,133.3,94.86
5588,2023-08-04,Дом и сад,Москва,Потребитель,36.0,359.41,12938.76,9316.71,3622.05
5589,2023-02-12,Канцелярия,Новосибирск,Потребитель,9.0,497.83,4480.47,3270.38,1210.09
5590,2024-09-23,Дом и сад,Самара,Корпоратив,57.0,534.33,30456.81,22004.18,8452.63
5591,2023-10-01,Дом и сад,Санкт-Петербург,Мелкий опт,,216.97,10848.5,7861.3,2987.2
5592,2024-02-20,Дом и сад,Екатеринбург,Потребитель,5.0,749.41,3747.05,2994.77,752.28
5593,2023-01-20,Дом и сад,Санкт-Петербург,Потребитель,32.0,338.15,10820.8,8597.84,2222.96
5594,2023-02-26,Техника,Москва,Потребитель,5.0,460.29,2301.45,1347.47,953.98
5595,2024-07-09,Дом и сад,Санкт-Петербург,Корпоратив,2.0,1446.87,2893.74,2141.32,752.42
5596,2023-02-10,Дом и сад,Санкт-Петербург,Корпоратив,6.0,780.64,4683.84,3594.16,1089.68
5597,2023-11-01,Офис,Екатеринбург,Потребитель,10.0,407.56,4075.6,2250.61,1824.99
5598,2023-04-03,Техника,Москва,Потребитель,,85.86,5065.74,3039.32,2026.42
5599,2024-08-09,Канцелярия,Самара,Мелкий опт,10.0,1437.27,14372.7,8395.03,5977.67
5600,2024-11-17,Техника,Новосибирск,Потребитель,15.0,241.77,3626.55,2407.08,1219.47
5601,2024-11-18,Мебель,Екатеринбург,Потребитель,2.0,202.3,404.6,284.91,119.69
5602,2024-10-27,Канцелярия,Самара,Корпоратив,6.0,271.52,1629.12,1176.02,453.1
5603,2023-02-14,Дом и сад,Новосибирск,Потребитель,13.0,766.26,9961.38,7806.39,2154.99
5604,2024-07-11,Мебель,Москва,Потребитель,4.0,529.99,2119.96,1553.32,566.64
5605,2023-12-05,Дом и сад,Самара,Корпоратив,5.0,659.78,3298.9,2542.15,756.75
5606,2024-08-12,Офис,Москва,Потребитель,35.0,138.63,4852.05,3200.81,1651.24
5607,2023-09-05,Дом и сад,Самара,Потребитель,19.0,287.93,5470.67,3705.39,1765.28
5608,2024-04-01,Офис,Санкт-Петербург,Потребитель,6.0,919.33,5515.98,4295.6,1220.38
5609,2023-12-25,Дом и сад,Самара,Потребитель,15.0,354.38,5315.7,3046.95,2268.75
5610,2024-11-19,Дом и сад,Санкт-Петербург,Потребитель,8.0,313.28,2506.24,1419.38,1086.86
5611,2024-08-06,Дом и сад,Самара,Потребитель,42.0,900.18,37807.56,22807.14,15000.42
5612,2024-03-01,Офис,Новосибирск,Корпоратив,45.0,492.76,22174.2,16627.33,5546.87
5613,2024-10-02,Техника,Новосибирск,Корпоратив,,85.89,1374.24,801.12,573.12
5614,2024-04-09,Дом и сад,Новосибирск,Корпоратив,8.0,1214.23,9713.84,5959.26,3754.58
5615,2024-09-25,Канцелярия,Новосибирск,Потребитель,7.0,1682.49,11777.43,7824.26,3953.17
5616,2024-10-09,Техника,Новосибирск,Потребитель,6.0,414.17,2485.02,1550.12,934.9
5617,2023-05-13,Мебель,Екатеринбург,Потребитель,45.0,525.29,23638.05,16846.19,6791.86
5618,2024-03-07,Офис,Новосибирск,Корпоратив,0.0,226.28,0.0,0.0,0.0
5619,2023-01-23,Дом и сад,Самара,Потребитель,23.0,708.69,16299.87,11639.78,4660.09
5620,2024-10-27,Мебель,Самара,Корпоратив,13.0,70.87,921.31,519.52,401.79
5621,2023-09-09,Дом и сад,Новосибирск,Корпоратив,30.0,150.19,4505.7,3160.36,1345.34
5622,2023-02-02,Офис,Новосибирск,Потребитель,9.0,236.06,-1.0,1444.66,679.88
5623,2024-06-30,Техника,Москва,Потребитель,2.0,151.42,302.84,239.36,63.48
5624,2023-07-26,Мебель,Екатеринбург,Потребитель,1.0,373.4,373.4,286.12,87.28
5625,2024-09-05,Дом и сад,Санкт-Петербург,Корпоратив,4.0,473.18,1892.72,1091.03,801.69
5626,2023-12-13,Канцелярия,Санкт-Петербург,Потребитель,24.0,351.99,8447.76,5165.45,3282.31
5627,2024-06-01,Мебель,Санкт-Петербург,Потребитель,43.0,1093.57,47023.51,30542.37,16481.14
5628,2024-12-05,Офис,Самара,Потребитель,9.0,805.11,7245.99,5243.45,2002.54
5629,2023-01-06,Офис,Москва,Корпоратив,10.0,212.18,2121.8,1186.98,934.82
5630,2023-02-28,Мебель,Санкт-Петербург,Корпоратив,6.0,245.96,1475.76,1060.24,415.52
5631,2024-03-19,Канцелярия,Самара,Корпоратив,1.0,1028.08,1028.08,718.5,309.58
5632,2023-06-30,Мебель,Самара,Потребитель,6.0,601.73,3610.38,2119.76,1490.62
5633,2023-10-02,Дом и сад,Самара,Мелкий опт,13.0,472.47,6142.11,3812.62,2329.49
5634,2024-06-04,Дом и сад,Санкт-Петербург,Потребитель,2.0,171.76,343.52,244.03,99.49
5635,2023-02-27,Канцелярия,Москва,Корпоратив,17.0,299.42,5090.14,3621.68,1468.46
5636,2024-06-20,Канцелярия,Екатеринбург,Корпоратив,12.0,97.95,1175.4,703.74,471.66
5637,2024-08-21,Мебель,Новосибирск,Корпоратив,27.0,242.25,6540.75,4970.49,1570.26
5638,2023-07-17,Дом и сад,Санкт-Петербург,Потребитель,5.0,379.8,1899.0,1249.33,649.67
5639,2024-11-07,Канцелярия,Санкт-Петербург,Корпоратив,12.0,731.06,8772.72,6260.52,2512.2
5640,2023-08-05,Офис,Екатеринбург,Потребитель,19.0,289.89,5507.91,3691.49,1816.42
5641,2023-12-30,Дом и сад,Самара,Потребитель,5.0,223.19,1115.95,838.29,277.66
5642,2023-03-03,Дом и сад,Санкт-Петербург,Потребитель,17.0,468.12,7958.04,5173.96,2784.08
5643,2023-06-19,Дом и сад,Самара,Корпоратив,8.0,177.19,1417.52,795.76,621.76
5644,2024-01-17,Канцелярия,Москва,Корпоратив,2.0,180.08,360.16,250.93,109.23
5645,2023-10-14,Офис,Санкт-Петербург,Корпоратив,14.0,316.6,4432.4,3545.1,887.3
5646,2023-11-01,Дом и сад,Новосибирск,Потребитель,22.0,737.73,16230.06,9626.85,6603.21
5647,2024-04-13,Офис,Самара,Потребитель,62.0,468.98,29076.76,19280.25,9796.51
5648,2023-06-16,Дом и сад,Екатеринбург,Корпоратив,7.0,345.92,2421.44,1379.73,1041.71
5649,2024-10-28,Мебель,Екатеринбург,Мелкий опт,1.0,591.12,591.12,392.88,198.24
5650,2023-12-08,Офис,Санкт-Петербург,Потребитель,14.0,140.03,1960.42,1537.91,422.51
5651,2024-06-25,Дом и сад,Новосибирск,Корпоратив,0.0,603.62,0.0,0.0,0.0
5652,2024-01-11,Канцелярия,Самара,Мелкий опт,16.0,222.92,3566.72,2347.6,1219.12
5653,2023-07-06,Техника,Москва,Потребитель,8.0,290.5,2324.0,1384.19,939.81
5654,2023-03-31,Техника,Москва,Мелкий опт,4.0,188.7,754.8,517.39,237.41
5655,2023-11-16,Дом и сад,Москва,Потребитель,8.0,263.11,2104.88,1193.27,911.61
5656,2024-10-09,Канцелярия,Екатеринбург,Корпоратив,3.0,2136.96,6410.88,4329.4,2081.48
5657,2024-01-01,Техника,Екатеринбург,Корпоратив,11.0,464.64,5111.04,3883.58,1227.46
5658,2024-10-19,Канцелярия,Москва,Потребитель,7.0,170.25,1191.75,928.73,263.02
5659,2024-08-05,Офис,Москва,Потребитель,7.0,417.66,2923.62,1793.08,1130.54
5660,2023-11-14,Офис,Екатеринбург,Потребитель,7.0,255.03,1785.21,1336.69,448.52
5661,2024-07-07,Техника,Новосибирск,Мелкий опт,2.0,543.89,1087.78,838.61,249.17
5662,2024-06-19,Мебель,Самара,Корпоратив,3.0,202.13,606.39,385.57,220.82
5663,2023-04-25,Дом и сад,Екатеринбург,Потребитель,3.0,733.59,2200.77,1270.98,929.79
5664,2024-04-26,Техника,Санкт-Петербург,Потребитель,1.0,450.59,450.59,254.49,196.1
5665,2023-03-27,Дом и сад,Новосибирск,Потребитель,23.0,153.52,3530.96,2218.82,1312.14
5666,2023-09-22,Техника,Самара,Корпоратив,6.0,336.65,2019.9,1187.4,832.5
5667,2023-04-20,Дом и сад,Санкт-Петербург,Мелкий опт,31.0,1521.03,47151.93,30895.98,16255.95
5668,2024-02-22,Дом и сад,Новосибирск,Корпоратив,11.0,267.58,2943.38,2020.49,922.89
5669,2024-11-02,Канцелярия,Самара,Потребитель,3.0,392.5,1177.5,750.36,427.14
5670,2024-10-20,Канцелярия,Екатеринбург,Мелкий опт,,282.11,1128.44,897.01,231.43
5671,2024-11-03,Канцелярия,Самара,Корпоратив,6.0,876.19,5257.14,3398.64,1858.5
5672,2024-02-08,Офис,Новосибирск,Мелкий опт,27.0,320.59,8655.93,6082.65,2573.28
5673,2024-06-13,Дом и сад,Санкт-Петербург,Корпоратив,1.0,1025.6,1025.6,749.66,275.94
5674,2023-05-21,Дом и сад,Санкт-Петербург,Мелкий опт,4.0,1118.58,4474.32,3470.9,1003.42
5675,2023-05-15,Офис,Новосибирск,Потребитель,2.0,370.18,740.36,435.73,304.63
5676,2023-03-19,Дом и сад,Екатеринбург,Потребитель,41.0,1248.85,51202.85,31379.77,19823.08
5677,2024-05-18,Офис,Новосибирск,Корпоратив,4.0,774.01,3096.04,2052.12,1043.92
5678,2023-06-28,Мебель,Новосибирск,Корпоратив,11.0,96.62,1062.82,721.8,341.02
5679,2023-07-13,Офис,Новосибирск,Корпоратив,3.0,641.75,1925.25,1449.72,475.53
5680,2023-07-20,Канцелярия,Самара,Потребитель,5.0,324.01,1620.05,1081.4,538.65
5681,2023-06-30,Офис,Новосибирск,Потребитель,32.0,393.91,12605.12,8293.49,4311.63
5682,2024-08-18,Офис,Новосибирск,Потребитель,20.0,701.82,14036.4,11156.54,2879.86
5683,2024-04-17,Офис,Екатеринбург,Потребитель,9.0,233.58,2102.22,1311.26,790.96
5684,2023-12-08,Дом и сад,Москва,Потребитель,7.0,877.5,6142.5,4390.22,1752.28
5685,2023-12-02,Техника,Самара,Мелкий опт,4.0,327.71,1310.84,955.15,355.69
5686,2023-04-30,Офис,Москва,Потребитель,37.0,217.99,8065.63,4974.19,3091.44
5687,2023-06-06,Канцелярия,Самара,Мелкий опт,37.0,436.6,16154.2,10463.75,5690.45
5688,2023-09-17,Канцелярия,Екатеринбург,Корпоратив,12.0,358.8,4305.6,2987.7,1317.9
5689,2024-09-09,Дом и сад,Москва,Корпоратив,7.0,200.67,1404.69,1019.77,384.92
5690,2023-12-16,Канцелярия,Екатеринбург,Корпоратив,4.0,922.11,3688.44,2342.27,1346.17
5691,2023-01-21,Офис,Екатеринбург,Потребитель,5.0,611.22,3056.1,2324.4,731.7
5692,2024-07-21,Канцелярия,Самара,Потребитель,5.0,811.96,4059.8,2357.53,1702.27
5693,2023-05-12,Канцелярия,Москва,Корпоратив,7.0,1571.3,10999.1,8213.78,2785.32
5694,2023-11-24,Офис,Екатеринбург,Потребитель,3.0,469.95,1409.85,1042.08,367.77
5695,2024-08-09,Мебель,Самара,Потребитель,2.0,563.42,1126.84,646.93,479.91
5696,2023-03-30,Мебель,Москва,Корпоратив,8.0,1800.72,14405.76,9564.99,4840.77
5697,2024-04-04,Офис,Санкт-Петербург,Потребитель,15.0,312.97,4694.55,3689.82,1004.73
5698,2023-10-16,Дом и сад,Санкт-Петербург,Мелкий опт,68.0,129.4,8799.2,6971.81,1827.39
5699,2024-04-04,Дом и сад,Новосибирск,Корпоратив,23.0,255.69,5880.87,4181.33,1699.54
5700,2024-07-11,Офис,Екатеринбург,Потребитель,8.0,292.58,2340.64,1552.3,788.34
5701,2024-11-15,Дом и сад,Москва,Потребитель,5.0,616.96,3084.8,2361.73,723.07
5702,2023-10-08,Техника,Санкт-Петербург,Потребитель,5.0,225.61,1128.05,830.99,297.06
5703,2024-04-08,Мебель,Санкт-Петербург,Потребитель,4.0,183.03,732.12,489.5,242.62
5704,2024-06-04,Офис,Екатеринбург,Корпоратив,3.0,186.2,558.6,374.37,184.23
5705,2024-12-08,Дом и сад,Москва,Корпоратив,5.0,94.77,473.85,366.46,107.39
5706,2023-07-23,Офис,Москва,Корпоратив,14.0,1009.29,14130.06,11081.23,3048.83
5707,2023-10-01,Канцелярия,Новосибирск,Корпоратив,2.0,148.2,296.4,174.65,121.75
5708,2023-11-04,Канцелярия,Новосибирск,Корпоратив,2.0,1834.48,3668.96,2674.71,994.25
5709,2024-01-22,Мебель,Москва,Потребитель,2.0,116.19,232.38,150.31,82.07
5710,2024-09-28,Техника,Екатеринбург,Потребитель,12.0,106.15,1273.8,836.11,437.69
5711,2023-05-04,Дом и сад,Екатеринбург,Корпоратив,16.0,175.51,2808.16,1680.74,1127.42
5712,2024-10-27,Дом и сад,Екатеринбург,Потребитель,18.0,225.03,4050.54,2236.2,1814.34
5713,2023-04-26,Дом и сад,Санкт-Петербург,Корпоратив,2.0,221.12,-1.0,305.69,136.55
5714,2023-06-12,Офис,Екатеринбург,Потребитель,7.0,320.72,2245.04,1713.8,531.24
5715,2024-05-07,Дом и сад,Москва,Корпоратив,10.0,642.11,6421.1,4201.45,2219.65
5716,2024-06-26,Офис,Новосибирск,Потребитель,9.0,589.56,5306.04,2933.76,2372.28
5717,2023-01-26,Канцелярия,Екатеринбург,Корпоратив,23.0,362.06,8327.38,5213.81,3113.57
5718,2024-03-28,Техника,Самара,Потребитель,9.0,375.11,3375.99,2468.77,907.22
5719,2024-04-30,Канцелярия,Москва,Потребитель,4.0,298.58,1194.32,721.58,472.74
5720,2023-07-14,Канцелярия,Санкт-Петербург,Потребитель,18.0,400.32,7205.76,5212.64,1993.12
5721,2023-08-14,Дом и сад,Самара,Потребитель,8.0,493.3,3946.4,2969.25,977.15
5722,2023-05-21,Дом и сад,Самара,Корпоратив,5.0,816.82,4084.1,2579.9,1504.2
5723,2024-02-11,Техника,Новосибирск,Корпоратив,13.0,192.38,2500.94,1503.12,997.82
5724,2024-07-18,Офис,Новосибирск,Корпоратив,1.0,430.63,430.63,310.97,119.66
5725,2024-04-26,Офис,Екатеринбург,Мелкий опт,10.0,464.38,4643.8,3507.69,1136.11
5726,2023-09-29,Офис,Самара,Корпоратив,14.0,394.41,5521.74,3716.57,1805.17
5727,2024-08-23,Дом и сад,Екатеринбург,Потребитель,8.0,303.06,2424.48,1505.98,918.5
5728,2023-03-28,Дом и сад,Самара,Потребитель,,2135.68,14949.76,11116.61,3833.15
5729,2024-06-25,Дом и сад,Санкт-Петербург,Потребитель,1.0,125.72,125.72,82.52,43.2
5730,2023-12-08,Техника,Москва,Потребитель,10.0,292.19,2921.9,2083.79,838.11
5731,2023-09-30,Офис,Новосибирск,Мелкий опт,4.0,625.9,2503.6,1723.66,779.94
5732,2024-01-26,Мебель,Екатеринбург,Потребитель,31.0,273.6,8481.6,6241.76,2239.84
5733,2024-07-31,Техника,Новосибирск,Потребитель,5.0,179.81,899.05,606.17,292.88
5734,2023-04-01,Техника,Самара,Потребитель,4.0,1027.14,4108.56,2302.52,1806.04
5735,2023-03-20,Офис,Санкт-Петербург,Корпоратив,23.0,330.91,7610.93,4769.98,2840.95
5736,2024-09-27,Офис,Новосибирск,Корпоратив,2.0,161.64,323.28,234.04,89.24
5737,2024-06-08,Офис,Санкт-Петербург,Корпоратив,22.0,1619.56,35630.32,21966.49,13663.83
5738,2024-11-27,Техника,Москва,Корпоратив,7.0,1548.92,10842.44,7664.62,3177.82
5739,2024-10-08,Дом и сад,Новосибирск,Потребитель,76.0,865.27,65760.52,50882.94,14877.58
5740,2023-09-02,Офис,Санкт-Петербург,Потребитель,8.0,320.77,2566.16,1795.18,770.98
5741,2023-07-14,Дом и сад,Санкт-Петербург,Потребитель,1.0,438.28,438.28,279.76,158.52
5742,2023-10-07,Техника,Санкт-Петербург,Корпоратив,14.0,446.46,6250.44,4395.36,1855.08
5743,2024-06-25,Дом и сад,Новосибирск,Мелкий опт,25.0,428.82,10720.5,6511.78,4208.72
5744,2024-03-18,Мебель,Самара,Потребитель,9.0,1464.76,13182.84,9283.9,3898.94
5745,2024-09-24,Техника,Новосибирск,Потребитель,6.0,319.21,1915.26,1253.39,661.87
5746,2023-06-06,Дом и сад,Новосибирск,Корпоратив,13.0,401.93,5225.09,3724.91,1500.18
5747,2024-06-23,Офис,Самара,Потребитель,26.0,247.68,6439.68,4391.74,2047.94
5748,2023-01-22,Канцелярия,Санкт-Петербург,Потребитель,13.0,1415.07,18395.91,10674.61,7721.3
5749,2023-07-31,Техника,Москва,Мелкий опт,10.0,66.98,669.8,455.36,214.44
5750,2023-08-24,Мебель,Москва,Потребитель,,346.42,1385.68,853.52,532.16
5751,2023-07-28,Мебель,Санкт-Петербург,Потребитель,16.0,313.42,5014.72,3397.61,1617.11
5752,2023-01-11,Техника,Новосибирск,Потребитель,12.0,226.61,2719.32,1877.64,841.68
5753,2023-04-28,Техника,Екатеринбург,Потребитель,1.0,481.84,481.84,334.43,147.41
5754,2023-02-15,Дом и сад,Новосибирск,Потребитель,98.0,258.93,25375.14,16758.71,8616.43
5755,2024-03-31,Дом и сад,Санкт-Петербург,Потребитель,4.0,683.25,2733.0,1880.19,852.81
5756,2023-06-27,Дом и сад,Екатеринбург,Потребитель,7.0,1012.6,7088.2,4966.51,2121.69
5757,2023-08-09,Офис,Санкт-Петербург,Потребитель,24.0,773.97,18575.28,13102.11,5473.17
5758,2024-01-14,Дом и сад,Новосибирск,Мелкий опт,5.0,714.34,3571.7,2458.91,1112.79
5759,2023-12-10,Мебель,Санкт-Петербург,Корпоратив,12.0,348.42,4181.04,2675.0,1506.04
5760,2024-11-26,Мебель,Екатеринбург,Потребитель,4.0,1750.56,7002.24,5061.11,1941.13
5761,2023-07-29,Офис,Москва,Потребитель,11.0,690.61,7596.71,5038.66,2558.05
5762,2024-03-08,Техника,Москва,Потребитель,9.0,377.27,3395.43,2498.17,897.26
5763,2024-01-04,Дом и сад,Самара,Корпоратив,5.0,971.46,4857.3,3676.86,1180.44
5764,2023-01-25,Мебель,Екатеринбург,Мелкий опт,3.0,241.78,725.34,493.98,231.36
5765,2024-06-25,Дом и сад,Екатеринбург,Потребитель,5.0,927.28,4636.4,3167.59,1468.81
5766,2023-05-03,Дом и сад,Санкт-Петербург,Потребитель,1.0,565.84,565.84,357.39,208.45
5767,2024-05-13,Офис,Санкт-Петербург,Мелкий опт,8.0,806.73,6453.84,4501.22,1952.62
5768,2023-10-15,Техника,Санкт-Петербург,Мелкий опт,3.0,534.22,1602.66,884.56,718.1
5769,2023-04-29,Дом и сад,Самара,Корпоратив,9.0,1368.49,12316.41,9130.53,3185.88
5770,2023-05-13,Офис,Санкт-Петербург,Мелкий опт,7.0,131.41,919.87,506.81,413.06
5771,2023-08-10,Офис,Самара,Мелкий опт,3.0,225.28,675.84,451.36,224.48
5772,2024-10-01,Канцелярия,Санкт-Петербург,Потребитель,23.0,427.35,9829.05,5430.46,4398.59
5773,2024-01-02,Офис,Самара,Корпоратив,,130.18,911.26,718.44,192.82
5774,2024-08-03,Офис,Санкт-Петербург,Потребитель,15.0,1532.44,22986.6,15570.42,7416.18
5775,2023-05-22,Офис,Новосибирск,Потребитель,4.0,314.53,1258.12,727.87,530.25
5776,2024-01-23,Офис,Новосибирск,Корпоратив,7.0,291.79,2042.53,1188.15,854.38
5777,2024-12-13,Офис,Новосибирск,Потребитель,53.0,383.77,20339.81,13678.96,6660.85
5778,2023-10-14,Дом и сад,Москва,Мелкий опт,2.0,407.53,815.06,626.6,188.46
5779,2024-09-30,Техника,Санкт-Петербург,Потребитель,5.0,268.53,1342.65,996.51,346.14
5780,2023-01-10,Канцелярия,Санкт-Петербург,Мелкий опт,6.0,193.5,1161.0,843.71,317.29
5781,2024-04-02,Офис,Новосибирск,Потребитель,13.0,540.74,7029.62,4629.01,2400.61
5782,2023-10-21,Канцелярия,Москва,Корпоратив,15.0,112.61,1689.15,1078.13,611.02
5783,2024-07-23,Техника,Новосибирск,Потребитель,19.0,222.22,4222.18,2378.85,1843.33
5784,2023-02-04,Техника,Новосибирск,Потребитель,6.0,182.49,1094.94,694.52,400.42
5785,2023-06-03,Мебель,Москва,Корпоратив,12.0,239.2,2870.4,2223.98,646.42
5786,2023-04-08,Техника,Санкт-Петербург,Потребитель,11.0,499.95,5499.45,4337.38,1162.07
5787,2023-01-23,Дом и сад,Санкт-Петербург,Потребитель,12.0,287.29,3447.48,2552.83,894.65
5788,2024-12-31,Техника,Москва,Корпоратив,8.0,331.64,2653.12,1636.49,1016.63
5789,2023-10-19,Техника,Санкт-Петербург,Корпоратив,34.0,1238.83,42120.22,33226.2,8894.02
5790,2023-01-22,Техника,Екатеринбург,Корпоратив,40.0,208.89,8355.6,6527.83,1827.77
5791,2024-12-12,Дом и сад,Москва,Корпоратив,2.0,441.02,882.04,680.48,201.56
5792,2024-02-25,Техника,Новосибирск,Потребитель,5.0,475.99,2379.95,1620.34,759.61
5793,2023-11-24,Офис,Санкт-Петербург,Потребитель,14.0,187.24,2621.36,1649.36,972.0
5794,2023-12-15,Техника,Новосибирск,Потребитель,4.0,151.09,604.36,395.46,208.9
5795,2024-11-03,Дом и сад,Новосибирск,Мелкий опт,5.0,324.62,1623.1,1023.31,599.79
5796,2024-10-09,Дом и сад,Самара,Корпоратив,6.0,254.21,1525.26,950.06,575.2
5797,2024-01-14,Дом и сад,Новосибирск,Потребитель,9.0,137.58,1238.22,988.58,249.64
5798,2024-07-19,Техника,Москва,Потребитель,4.0,393.5,1574.0,942.99,631.01
5799,2024-08-24,Дом и сад,Новосибирск,Корпоратив,4.0,405.5,1622.0,1221.58,400.42
5800,2023-11-13,Офис,Москва,Потребитель,32.0,340.68,10901.76,8131.08,2770.68
5801,2023-05-20,Дом и сад,Екатеринбург,Корпоратив,9.0,37.28,335.52,218.23,117.29
5802,2023-02-03,Офис,Самара,Корпоратив,28.0,929.74,26032.72,15463.83,10568.89
5803,2024-11-28,Канцелярия,Москва,Потребитель,6.0,538.28,3229.68,2183.69,1045.99
5804,2024-11-10,Канцелярия,Екатеринбург,Потребитель,9.0,632.22,5689.98,3719.19,1970.79
5805,2024-09-29,Техника,Самара,Потребитель,2.0,458.96,917.92,700.23,217.69
5806,2024-12-12,Канцелярия,Самара,Мелкий опт,24.0,389.83,9355.92,6769.91,2586.01
5807,2024-04-19,Офис,Самара,Корпоратив,,1104.39,5521.95,3906.13,1615.82
5808,2023-07-14,Канцелярия,Екатеринбург,Потребитель,4.0,122.17,488.68,384.81,103.87
5809,2024-12-26,Дом и сад,Самара,Мелкий опт,21.0,803.84,16880.64,12027.87,4852.77
5810,2024-08-16,Канцелярия,Екатеринбург,Потребитель,7.0,1104.85,7733.95,4933.2,2800.75
5811,2023-06-26,Дом и сад,Санкт-Петербург,Потребитель,2.0,75.75,151.5,121.14,30.36
5812,2023-07-17,Дом и сад,Самара,Корпоратив,33.0,489.34,16148.22,9998.39,6149.83
5813,2024-04-07,Мебель,Санкт-Петербург,Потребитель,11.0,444.21,4886.31,3478.97,1407.34
5814,2023-05-10,Техника,Самара,Потребитель,3.0,1576.95,4730.85,2971.45,1759.4
5815,2023-06-20,Офис,Новосибирск,Потребитель,2.0,757.32,1514.64,1079.56,435.08
5816,2024-11-28,Канцелярия,Самара,Потребитель,3.0,1248.72,3746.16,2902.98,843.18
5817,2023-02-07,Дом и сад,Екатеринбург,Корпоратив,7.0,315.92,2211.44,1627.8,583.64
5818,2024-01-16,Мебель,Самара,Мелкий опт,3.0,1246.3,3738.9,2760.97,977.93
5819,2023-02-20,Дом и сад,Новосибирск,Потребитель,12.0,241.36,2896.32,1596.69,1299.63
5820,2023-06-26,Мебель,Екатеринбург,Потребитель,2.0,123.79,247.58,142.4,105.18
5821,2023-12-08,Офис,Москва,Мелкий опт,30.0,329.15,9874.5,7272.74,2601.76
5822,2023-11-23,Офис,Москва,Потребитель,14.0,236.36,3309.04,2633.52,675.52
5823,2024-08-12,Техника,Новосибирск,Корпоратив,38.0,382.48,14534.24,10997.52,3536.72
5824,2023-02-14,Техника,Санкт-Петербург,Потребитель,2.0,701.93,1403.86,1078.69,325.17
5825,2024-08-22,Канцелярия,Новосибирск,Потребитель,8.0,80.67,645.36,369.36,276.0
5826,2023-01-19,Дом и сад,Санкт-Петербург,Потребитель,12.0,990.09,11881.08,7482.23,4398.85
5827,2024-05-12,Мебель,Москва,Корпоратив,13.0,401.69,5221.97,3593.12,1628.85
5828,2024-03-11,Техника,Екатеринбург,Потребитель,28.0,557.98,15623.44,12478.75,3144.69
5829,2024-03-23,Офис,Новосибирск,Потребитель,1.0,688.73,688.73,534.95,153.78
5830,2023-04-29,Офис,Москва,Потребитель,3.0,635.83,1907.49,1346.86,560.63
5831,2023-04-29,Дом и сад,Москва,Потребитель,2.0,319.17,638.34,439.1,199.24
5832,2024-06-05,Канцелярия,Москва,Корпоратив,9.0,1002.8,9025.2,6303.56,2721.64
5833,2023-08-04,Канцелярия,Москва,Мелкий опт,3.0,484.64,1453.92,950.51,503.41
5834,2024-06-14,Техника,Новосибирск,Корпоратив,25.0,1844.06,46101.5,34683.27,11418.23
5835,2023-09-12,Офис,Самара,Корпоратив,6.0,431.33,2587.98,1505.62,1082.36
5836,2024-08-05,Офис,Санкт-Петербург,Потребитель,8.0,908.87,7270.96,4908.08,2362.88
5837,2023-02-12,Дом и сад,Новосибирск,Корпоратив,21.0,449.34,9436.14,5298.81,4137.33
5838,2024-05-07,Техника,Екатеринбург,Потребитель,13.0,1280.08,16641.04,10097.02,6544.02
5839,2024-01-04,Канцелярия,Екатеринбург,Потребитель,26.0,464.77,12084.02,7335.93,4748.09
5840,2024-05-02,Техника,Екатеринбург,Потребитель,6.0,106.91,641.46,425.44,216.02
5841,2024-06-23,Мебель,Санкт-Петербург,Корпоратив,17.0,345.49,5873.33,4585.2,1288.13
5842,2024-02-10,Дом и сад,Санкт-Петербург,Корпоратив,65.0,865.63,56265.95,38851.31,17414.64
5843,2023-04-26,Дом и сад,Санкт-Петербург,Потребитель,9.0,280.13,2521.17,1404.36,1116.81
5844,2023-02-03,Дом и сад,Самара,Потребитель,6.0,314.43,1886.58,1109.46,777.12
5845,2023-04-11,Мебель,Новосибирск,Корпоратив,7.0,233.37,1633.59,947.59,686.0
5846,2024-11-25,Офис,Санкт-Петербург,Потребитель,4.0,1416.71,5666.84,4350.74,1316.1
5847,2023-07-02,Дом и сад,Новосибирск,Потребитель,9.0,311.86,2806.74,1828.37,978.37
5848,2023-11-28,Дом и сад,Москва,Потребитель,30.0,218.7,6561.0,3918.65,2642.35
5849,2024-05-16,Офис,Екатеринбург,Потребитель,11.0,3681.99,40501.89,27337.62,13164.27
5850,2023-01-08,Мебель,Екатеринбург,Корпоратив,10.0,1895.67,18956.7,14806.64,4150.06
5851,2023-09-06,Техника,Москва,Потребитель,11.0,413.67,4550.37,3555.65,994.72
5852,2023-03-08,Техника,Москва,Мелкий опт,15.0,50.19,752.85,553.76,199.09
5853,2023-09-17,Дом и сад,Москва,Потребитель,30.0,338.09,10142.7,6966.95,3175.75
5854,2023-03-16,Дом и сад,Москва,Корпоратив,4.0,804.66,3218.64,2129.37,1089.27
5855,2024-05-02,Мебель,Санкт-Петербург,Потребитель,11.0,424.4,4668.4,3569.22,1099.18
5856,2023-07-11,Мебель,Санкт-Петербург,Потребитель,4.0,329.86,1319.44,798.56,520.88
5857,2023-06-22,Техника,Новосибирск,Мелкий опт,10.0,670.34,6703.4,3914.22,2789.18
5858,2024-10-21,Офис,Москва,Потребитель,6.0,295.21,1771.26,1047.33,723.93
5859,2024-06-14,Канцелярия,Санкт-Петербург,Потребитель,8.0,459.52,3676.16,2877.43,798.73
5860,2023-03-16,Техника,Самара,Мелкий опт,9.0,237.24,2135.16,1656.82,478.34
5861,2024-02-08,Канцелярия,Новосибирск,Мелкий опт,2.0,315.78,631.56,392.99,238.57
5862,2024-11-02,Дом и сад,Москва,Потребитель,22.0,401.51,8833.22,6831.09,2002.13
5863,2023-01-26,Техника,Новосибирск,Мелкий опт,3.0,597.97,1793.91,1303.46,490.45
5864,2024-01-02,Техника,Самара,Корпоратив,2.0,568.15,1136.3,638.4,497.9
5865,2023-11-09,Канцелярия,Самара,Корпоратив,9.0,269.99,2429.91,1739.69,690.22
5866,2023-09-15,Офис,Екатеринбург,Потребитель,8.0,687.64,5501.12,3441.15,2059.97
5867,2024-08-20,Мебель,Москва,Потребитель,23.0,256.78,5905.94,3966.31,1939.63
5868,2024-02-09,Канцелярия,Новосибирск,Корпоратив,14.0,176.21,2466.94,1526.2,940.74
5869,2024-07-12,Техника,Новосибирск,Потребитель,7.0,337.69,-1.0,1784.35,579.48
5870,2023-12-10,Мебель,Новосибирск,Корпоратив,7.0,221.4,1549.8,1238.72,311.08
5871,2023-01-12,Офис,Санкт-Петербург,Потребитель,3.0,258.18,774.54,500.27,274.27
5872,2024-02-16,Техника,Санкт-Петербург,Мелкий опт,7.0,659.27,4614.89,3601.57,1013.32
5873,2023-09-19,Техника,Екатеринбург,Потребитель,20.0,339.54,6790.8,4669.58,2121.22
5874,2023-01-16,Канцелярия,Санкт-Петербург,Потребитель,13.0,244.63,3180.19,2186.65,993.54
5875,2023-03-30,Мебель,Самара,Потребитель,9.0,901.54,8113.86,4862.74,3251.12
5876,2023-04-19,Офис,Екатеринбург,Потребитель,14.0,211.78,2964.92,2069.42,895.5
5877,2024-11-20,Техника,Новосибирск,Потребитель,3.0,159.42,478.26,268.7,209.56
5878,2024-02-24,Офис,Екатеринбург,Потребитель,20.0,147.56,2951.2,1870.4,1080.8
5879,2023-05-10,Мебель,Самара,Мелкий опт,12.0,885.9,10630.8,6223.69,4407.11
5880,2024-12-28,Офис,Самара,Потребитель,4.0,642.32,2569.28,1868.47,700.81
5881,2023-07-01,Мебель,Новосибирск,Потребитель,17.0,173.36,2947.12,2231.61,715.51
5882,2023-01-29,Техника,Новосибирск,Потребитель,10.0,322.26,3222.6,2309.16,913.44
5883,2024-11-27,Офис,Москва,Потребитель,8.0,116.4,931.2,709.76,221.44
5884,2024-12-08,Дом и сад,Екатеринбург,Потребитель,15.0,1315.29,19729.35,12012.44,7716.91
5885,2024-12-14,Канцелярия,Москва,Потребитель,6.0,636.36,3818.16,2640.18,1177.98
5886,2024-04-08,Техника,Москва,Корпоратив,22.0,837.21,18418.62,13124.76,5293.86
5887,2023-10-07,Канцелярия,Москва,Потребитель,16.0,302.58,4841.28,3106.25,1735.03
5888,2024-07-22,Техника,Екатеринбург,Корпоратив,8.0,132.59,1060.72,772.86,287.86
5889,2024-05-06,Канцелярия,Новосибирск,Корпоратив,12.0,230.71,2768.52,1600.41,1168.11
5890,2023-05-14,Канцелярия,Новосибирск,Мелкий опт,10.0,339.26,3392.6,1886.24,1506.36
5891,2024-04-07,Офис,Москва,Потребитель,17.0,223.18,3794.06,3006.57,787.49
5892,2024-06-15,Канцелярия,Самара,Потребитель,23.0,1226.7,28214.1,16026.06,12188.04
5893,2023-02-28,Техника,Самара,Потребитель,4.0,369.93,1479.72,1065.72,414.0
5894,2024-01-06,Техника,Санкт-Петербург,Потребитель,22.0,203.05,4467.1,3117.58,1349.52
5895,2023-11-11,Мебель,Москва,Корпоратив,2.0,921.98,1843.96,1178.35,665.61
5896,2023-02-16,Офис,Москва,Мелкий опт,7.0,882.0,6174.0,4825.08,1348.92
5897,2023-05-08,Техника,Екатеринбург,Корпоратив,6.0,608.85,3653.1,2163.66,1489.44
5898,2024-08-23,Дом и сад,Екатеринбург,Потребитель,13.0,714.59,9289.67,5544.99,3744.68
5899,2023-05-15,Офис,Новосибирск,Потребитель,3.0,328.96,986.88,604.3,382.58
5900,2023-11-17,Офис,Москва,Корпоратив,8.0,851.6,6812.8,4085.46,2727.34
5901,2023-10-12,Канцелярия,Екатеринбург,Корпоратив,8.0,245.11,1960.88,1187.38,773.5
5902,2024-01-30,Канцелярия,Екатеринбург,Потребитель,6.0,142.92,857.52,648.55,208.97
5903,2023-12-24,Техника,Самара,Потребитель,85.0,206.42,17545.7,10122.01,7423.69
5904,2024-09-24,Офис,Москва,Потребитель,7.0,245.01,1715.07,1311.06,404.01
5905,2023-05-02,Канцелярия,Новосибирск,Потребитель,34.0,522.6,17768.4,10610.49,7157.91
5906,2024-10-26,Мебель,Москва,Мелкий опт,5.0,722.33,3611.65,2263.98,1347.67
5907,2023-07-24,Дом и сад,Екатеринбург,Потребитель,2.0,262.16,524.32,397.88,126.44
5908,2023-03-26,Мебель,Самара,Потребитель,13.0,173.08,2250.04,1359.86,890.18
5909,2024-04-05,Офис,Екатеринбург,Мелкий опт,8.0,111.59,892.72,621.86,270.86
5910,2023-04-06,Дом и сад,Самара,Потребитель,7.0,123.42,863.94,541.24,322.7
5911,2024-05-28,Техника,Санкт-Петербург,Потребитель,6.0,1421.19,8527.14,4994.0,3533.14
5912,2023-10-26,Канцелярия,Екатеринбург,Потребитель,9.0,273.17,2458.53,1831.17,627.36
5913,2024-12-04,Мебель,Самара,Потребитель,12.0,168.53,2022.36,1176.53,845.83
5914,2023-09-12,Канцелярия,Санкт-Петербург,Потребитель,8.0,1943.89,15551.12,11893.34,3657.78
5915,2024-12-20,Мебель,Екатеринбург,Потребитель,10.0,340.59,3405.9,2218.75,1187.15
5916,2023-09-15,Канцелярия,Москва,Корпоратив,5.0,1192.11,5960.55,3766.11,2194.44
5917,2024-12-10,Дом и сад,Самара,Потребитель,2.0,728.02,-1.0,892.54,563.5
5918,2023-11-16,Дом и сад,Самара,Потребитель,9.0,1480.96,13328.64,10251.83,3076.81
5919,2024-11-20,Офис,Самара,Корпоратив,9.0,1215.81,10942.29,6078.15,4864.14
5920,2024-07-08,Офис,Москва,Потребитель,14.0,712.97,9981.58,5773.44,4208.14
5921,2024-11-03,Мебель,Новосибирск,Потребитель,10.0,767.97,7679.7,4491.05,3188.65
5922,2023-10-08,Мебель,Екатеринбург,Корпоратив,10.0,215.57,2155.7,1193.5,962.2
5923,2024-06-13,Мебель,Екатеринбург,Мелкий опт,14.0,517.29,7242.06,4396.46,2845.6
5924,2023-03-01,Офис,Екатеринбург,Корпоратив,8.0,65.88,-1.0,361.64,165.4
5925,2023-03-15,Мебель,Екатеринбург,Потребитель,26.0,532.98,13857.48,10305.87,3551.61
5926,2024-05-15,Офис,Самара,Потребитель,3.0,540.02,1620.06,1055.53,564.53
5927,2024-01-02,Офис,Новосибирск,Корпоратив,3.0,431.53,1294.59,982.55,312.04
5928,2024-02-02,Офис,Екатеринбург,Потребитель,9.0,1483.49,13351.41,7742.54,5608.87
5929,2024-02-11,Офис,Санкт-Петербург,Корпоратив,6.0,607.39,3644.34,2332.41,1311.93
5930,2023-08-25,Канцелярия,Новосибирск,Корпоратив,6.0,767.16,4602.96,3019.99,1582.97
5931,2023-02-11,Дом и сад,Санкт-Петербург,Корпоратив,17.0,638.52,10854.84,6285.48,4569.36
5932,2024-12-30,Дом и сад,Екатеринбург,Потребитель,8.0,234.32,1874.56,1161.96,712.6
5933,2023-04-18,Дом и сад,Москва,Корпоратив,12.0,219.24,2630.88,1623.13,1007.75
5934,2023-03-01,Техника,Санкт-Петербург,Потребитель,5.0,215.97,1079.85,748.21,331.64
5935,2024-03-14,Техника,Екатеринбург,Мелкий опт,16.0,237.05,3792.8,2471.45,1321.35
5936,2024-12-09,Мебель,Новосибирск,Корпоратив,17.0,119.55,2032.35,1423.87,608.48
5937,2024-04-04,Дом и сад,Екатеринбург,Мелкий опт,20.0,264.82,5296.4,3258.76,2037.64
5938,2024-09-19,Канцелярия,Москва,Потребитель,11.0,583.43,6417.73,3849.68,2568.05
5939,2023-05-25,Дом и сад,Новосибирск,Корпоратив,8.0,140.22,1121.76,629.58,492.18
5940,2023-08-27,Офис,Санкт-Петербург,Корпоратив,11.0,765.56,8421.16,5530.34,2890.82
5941,2024-08-29,Дом и сад,Санкт-Петербург,Потребитель,3.0,901.54,2704.62,1778.88,925.74
5942,2024-07-11,Мебель,Новосибирск,Потребитель,9.0,631.59,5684.31,4138.34,1545.97
5943,2023-06-30,Офис,Екатеринбург,Мелкий опт,17.0,468.12,7958.04,5132.88,2825.16
5944,2023-11-17,Офис,Москва,Корпоратив,1.0,303.05,303.05,207.69,95.36
5945,2024-05-08,Дом и сад,Москва,Корпоратив,10.0,2666.52,26665.2,20725.42,5939.78
5946,2024-03-10,Канцелярия,Самара,Потребитель,9.0,1002.59,9023.31,5859.7,3163.61
5947,2023-02-28,Техника,Самара,Корпоратив,27.0,346.06,9343.62,5397.76,3945.86
5948,2024-06-15,Канцелярия,Санкт-Петербург,Потребитель,16.0,1789.73,28635.68,18865.14,9770.54
5949,2024-06-12,Офис,Екатеринбург,Корпоратив,5.0,74.3,371.5,232.69,138.81
5950,2024-05-25,Офис,Самара,Мелкий опт,12.0,286.3,3435.6,1934.48,1501.12
5951,2024-09-04,Дом и сад,Москва,Мелкий опт,3.0,2017.47,6052.41,3443.67,2608.74
5952,2023-07-18,Мебель,Москва,Корпоратив,18.0,365.25,6574.5,5210.43,1364.07
5953,2024-02-12,Дом и сад,Санкт-Петербург,Потребитель,12.0,182.41,2188.92,1215.41,973.51
5954,2024-06-10,Техника,Самара,Мелкий опт,4.0,688.74,2754.96,1622.44,1132.52
5955,2024-05-15,Техника,Санкт-Петербург,Корпоратив,13.0,399.37,5191.81,3225.27,1966.54
5956,2023-02-02,Офис,Екатеринбург,Потребитель,2.0,1485.84,2971.68,2231.17,740.51
5957,2024-07-13,Канцелярия,Самара,Корпоратив,,130.92,523.68,375.77,147.91
5958,2024-04-15,Дом и сад,Самара,Потребитель,14.0,223.16,3124.24,2095.59,1028.65
5959,2024-09-25,Дом и сад,Самара,Потребитель,1.0,497.23,497.23,313.0,184.23
5960,2024-04-01,Техника,Екатеринбург,Потребитель,12.0,180.51,2166.12,1239.96,926.16
5961,2024-08-03,Офис,Новосибирск,Потребитель,13.0,378.25,4917.25,3346.32,1570.93
5962,2024-11-05,Дом и сад,Новосибирск,Потребитель,25.0,487.31,12182.75,8389.23,3793.52
5963,2023-09-08,Дом и сад,Москва,Потребитель,18.0,520.63,9371.34,7318.93,2052.41
5964,2024-07-23,Офис,Новосибирск,Потребитель,3.0,504.35,1513.05,954.69,558.36
5965,2024-01-29,Офис,Санкт-Петербург,Корпоратив,2.0,367.69,735.38,452.63,282.75
5966,2024-06-12,Канцелярия,Новосибирск,Потребитель,3.0,251.5,754.5,496.78,257.72
5967,2023-03-13,Техника,Новосибирск,Потребитель,2.0,59.34,118.68,80.77,37.91
5968,2024-05-21,Канцелярия,Санкт-Петербург,Потребитель,13.0,439.14,5708.82,4066.76,1642.06
5969,2024-10-09,Мебель,Самара,Корпоратив,3.0,257.75,773.25,564.39,208.86
5970,2024-09-03,Канцелярия,Екатеринбург,Мелкий опт,1.0,434.0,434.0,286.26,147.74
5971,2023-04-04,Мебель,Екатеринбург,Корпоратив,2.0,772.47,1544.94,1088.37,456.57
5972,2023-02-16,Дом и сад,Москва,Корпоратив,25.0,82.19,2054.75,1521.95,532.8
5973,2023-04-08,Дом и сад,Самара,Потребитель,5.0,729.17,3645.85,2377.05,1268.8
5974,2023-07-27,Канцелярия,Санкт-Петербург,Потребитель,1.0,551.52,551.52,307.7,243.82
5975,2024-01-29,Техника,Екатеринбург,Потребитель,3.0,232.5,697.5,514.69,182.81
5976,2024-07-13,Техника,Екатеринбург,Корпоратив,8.0,649.58,5196.64,4155.48,1041.16
5977,2024-03-15,Мебель,Екатеринбург,Потребитель,9.0,241.89,2177.01,1669.37,507.64
5978,2023-06-02,Офис,Самара,Потребитель,11.0,327.49,3602.39,2531.71,1070.68
5979,2023-08-20,Дом и сад,Москва,Потребитель,16.0,136.8,2188.8,1299.49,889.31
5980,2023-10-31,Канцелярия,Екатеринбург,Потребитель,2.0,721.03,1442.06,929.39,512.67
5981,2024-07-20,Канцелярия,Новосибирск,Потребитель,4.0,50.06,200.24,122.14,78.1
5982,2023-02-27,Дом и сад,Екатеринбург,Потребитель,4.0,260.32,1041.28,619.55,421.73
5983,2023-12-25,Дом и сад,Санкт-Петербург,Мелкий опт,29.0,1781.68,51668.72,32708.17,18960.55
5984,2023-08-05,Офис,Новосибирск,Потребитель,,1176.32,10586.88,8448.76,2138.12
5985,2024-03-30,Дом и сад,Москва,Мелкий опт,3.0,393.93,1181.79,795.93,385.86
5986,2023-03-01,Офис,Екатеринбург,Потребитель,6.0,1093.51,6561.06,5212.36,1348.7
5987,2023-07-06,Дом и сад,Санкт-Петербург,Потребитель,17.0,360.29,6124.93,4403.74,1721.19
5988,2024-04-19,Дом и сад,Санкт-Петербург,Потребитель,12.0,998.74,11984.88,8200.24,3784.64
5989,2023-01-12,Канцелярия,Новосибирск,Потребитель,2.0,741.45,1482.9,1162.97,319.93
5990,2024-04-30,Техника,Москва,Корпоратив,3.0,247.15,741.45,420.61,320.84
5991,2024-07-05,Офис,Самара,Мелкий опт,28.0,664.53,18606.84,11103.62,7503.22
5992,2023-07-12,Дом и сад,Екатеринбург,Корпоратив,9.0,489.96,4409.64,3122.72,1286.92
5993,2023-12-20,Канцелярия,Москва,Корпоратив,40.0,411.04,16441.6,10617.72,5823.88
5994,2024-02-09,Канцелярия,Екатеринбург,Потребитель,10.0,459.34,4593.4,3467.2,1126.2
5995,2024-09-29,Техника,Санкт-Петербург,Корпоратив,7.0,980.9,6866.3,4965.56,1900.74
5996,2023-06-09,Канцелярия,Москва,Потребитель,21.0,205.77,4321.17,3018.19,1302.98
5997,2023-03-01,Офис,Москва,Потребитель,30.0,521.68,15650.4,9759.25,5891.15
5998,2023-05-03,Офис,Екатеринбург,Потребитель,20.0,696.23,13924.6,7882.81,6041.79
5999,2023-11-30,Техника,Самара,Корпоратив,11.0,1354.68,14901.48,10747.39,4154.09
6000,2023-02-06,Дом и сад,Самара,Потребитель,5.0,217.31,1086.55,841.91,244.64
6001,2023-12-18,Дом и сад,Москва,Потребитель,6.0,442.06,2652.36,2085.04,567.32
6002,2024-05-28,Дом и сад,Москва,Потребитель,5.0,391.79,1958.95,1225.59,733.36
6003,2023-11-05,Дом и сад,Новосибирск,Мелкий опт,7.0,359.05,2513.35,1653.05,860.3
6004,2024-10-08,Мебель,Самара,Потребитель,20.0,314.35,6287.0,5024.82,1262.18
6005,2024-02-27,Дом и сад,Екатеринбург,Мелкий опт,6.0,149.54,897.24,499.33,397.91
6006,2024-02-06,Офис,Самара,Потребитель,4.0,1826.02,7304.08,4547.54,2756.54
6007,2024-01-24,Мебель,Самара,Потребитель,3.0,490.07,1470.21,1054.06,416.15
6008,2023-10-28,Канцелярия,Екатеринбург,Корпоратив,14.0,212.21,2970.94,1936.54,1034.4
6009,2023-10-26,Дом и сад,Новосибирск,Корпоратив,3.0,474.49,1423.47,1096.14,327.33
6010,2024-08-25,Мебель,Москва,Мелкий опт,3.0,252.68,758.04,546.24,211.8
6011,2024-11-21,Канцелярия,Екатеринбург,Мелкий опт,3.0,272.2,816.6,630.88,185.72
6012,2024-05-01,Техника,Самара,Потребитель,7.0,77.71,-1.0,349.84,194.13
6013,2023-05-07,Дом и сад,Самара,Потребитель,9.0,156.56,1409.04,814.77,594.27
6014,2023-12-27,Дом и сад,Москва,Потребитель,35.0,490.67,17173.45,11175.05,5998.4
6015,2024-07-23,Техника,Москва,Потребитель,2.0,417.94,835.88,615.47,220.41
6016,2024-09-11,Мебель,Екатеринбург,Корпоратив,3.0,197.86,593.58,470.57,123.01
6017,2024-10-23,Офис,Новосибирск,Корпоратив,5.0,692.39,3461.95,1924.27,1537.68
6018,2024-05-16,Мебель,Екатеринбург,Потребитель,10.0,687.75,6877.5,5379.72,1497.78
6019,2023-11-23,Техника,Москва,Потребитель,13.0,650.05,8450.65,5926.05,2524.6
6020,2023-12-08,Дом и сад,Екатеринбург,Потребитель,5.0,1343.0,6715.0,4997.9,1717.1
6021,2023-10-17,Дом и сад,Санкт-Петербург,Корпоратив,15.0,226.43,3396.45,2194.86,1201.59
6022,2023-10-20,Техника,Самара,Корпоратив,10.0,470.71,4707.1,3628.99,1078.11
6023,2023-09-18,Офис,Санкт-Петербург,Мелкий опт,14.0,614.96,8609.44,5497.35,3112.09
6024,2023-11-29,Дом и сад,Санкт-Петербург,Потребитель,8.0,259.92,2079.36,1342.12,737.24
6025,2023-02-18,Дом и сад,Екатеринбург,Потребитель,137.0,731.15,100167.55,71660.64,28506.91
6026,2023-09-24,Дом и сад,Самара,Потребитель,6.0,229.25,1375.5,969.45,406.05
6027,2024-10-16,Канцелярия,Екатеринбург,Мелкий опт,11.0,254.43,2798.73,2153.2,645.53
6028,2023-12-27,Дом и сад,Екатеринбург,Корпоратив,27.0,1048.92,28320.84,20723.67,7597.17
6029,2023-11-04,Дом и сад,Новосибирск,Потребитель,8.0,165.87,1326.96,937.7,389.26
6030,2023-01-02,Дом и сад,Екатеринбург,Мелкий опт,26.0,1210.54,31474.04,24656.7,6817.34
6031,2024-04-11,Канцелярия,Новосибирск,Мелкий опт,46.0,594.66,27354.36,20493.39,6860.97
6032,2023-02-20,Техника,Санкт-Петербург,Потребитель,5.0,248.91,1244.55,928.62,315.93
6033,2023-02-09,Офис,Екатеринбург,Корпоратив,5.0,106.52,532.6,395.83,136.77
6034,2024-07-04,Техника,Новосибирск,Мелкий опт,8.0,626.54,5012.32,2830.21,2182.11
6035,2023-03-26,Дом и сад,Екатеринбург,Корпоратив,4.0,958.36,3833.44,2685.32,1148.12
6036,2024-05-04,Мебель,Новосибирск,Потребитель,3.0,93.56,280.68,205.12,75.56
6037,2024-11-24,Дом и сад,Москва,Потребитель,7.0,81.09,567.63,441.21,126.42
6038,2024-09-28,Техника,Новосибирск,Корпоратив,20.0,667.97,13359.4,10607.09,2752.31
6039,2023-10-14,Техника,Екатеринбург,Потребитель,4.0,653.94,2615.76,2020.19,595.57
6040,2023-03-21,Офис,Москва,Корпоратив,16.0,343.79,5500.64,4198.79,1301.85
6041,2024-08-04,Дом и сад,Новосибирск,Корпоратив,8.0,120.01,960.08,760.25,199.83
6042,2024-09-05,Мебель,Самара,Потребитель,13.0,149.23,1939.99,1358.87,581.12
6043,2024-04-12,Канцелярия,Санкт-Петербург,Мелкий опт,6.0,756.43,4538.58,2644.23,1894.35
6044,2023-10-31,Офис,Санкт-Петербург,Корпоратив,6.0,218.3,1309.8,946.29,363.51
6045,2023-06-29,Дом и сад,Санкт-Петербург,Потребитель,2.0,243.73,487.46,312.14,175.32
6046,2024-04-14,Офис,Новосибирск,Потребитель,2.0,338.88,677.76,464.67,213.09
6047,2023-02-27,Офис,Санкт-Петербург,Потребитель,3.0,445.23,1335.69,805.31,530.38
6048,2023-03-10,Техника,Екатеринбург,Потребитель,184.0,855.92,157489.28,96914.09,60575.19
6049,2023-07-07,Офис,Екатеринбург,Потребитель,9.0,384.9,3464.1,2027.41,1436.69
6050,2023-05-04,Дом и сад,Екатеринбург,Потребитель,22.0,288.07,6337.54,4581.39,1756.15
6051,2023-07-26,Техника,Санкт-Петербург,Потребитель,16.0,789.7,12635.2,8100.32,4534.88
6052,2024-12-01,Мебель,Новосибирск,Потребитель,2.0,191.56,383.12,275.22,107.9
6053,2024-09-28,Офис,Новосибирск,Потребитель,15.0,311.5,4672.5,3179.3,1493.2
6054,2024-08-15,Канцелярия,Самара,Корпоратив,28.0,737.99,20663.72,12265.51,8398.21
6055,2023-03-17,Мебель,Санкт-Петербург,Потребитель,18.0,153.58,2764.44,1768.19,996.25
6056,2023-12-15,Дом и сад,Санкт-Петербург,Потребитель,7.0,732.68,5128.76,3268.94,1859.82
6057,2024-09-24,Техника,Екатеринбург,Корпоратив,20.0,123.14,2462.8,1962.26,500.54
6058,2024-11-30,Офис,Екатеринбург,Мелкий опт,10.0,654.45,6544.5,4204.72,2339.78
6059,2024-08-24,Канцелярия,Новосибирск,Потребитель,,1770.41,56653.12,36467.77,20185.35
6060,2024-10-09,Канцелярия,Самара,Потребитель,2.0,174.97,349.94,265.13,84.81
6061,2023-01-21,Канцелярия,Самара,Корпоратив,130.0,238.5,31005.0,17768.34,13236.66
6062,2023-07-17,Канцелярия,Самара,Корпоратив,85.0,222.31,18896.35,14883.51,4012.84
6063,2023-07-16,Офис,Санкт-Петербург,Потребитель,5.0,107.25,536.25,296.07,240.18
6064,2023-10-16,Канцелярия,Екатеринбург,Потребитель,4.0,1356.92,5427.68,3312.63,2115.05
6065,2023-05-06,Дом и сад,Самара,Потребитель,4.0,763.51,3054.04,2033.93,1020.11
6066,2024-09-29,Дом и сад,Москва,Мелкий опт,3.0,548.06,1644.18,945.83,698.35
6067,2024-01-29,Офис,Новосибирск,Корпоратив,8.0,1260.49,10083.92,6809.41,3274.51
6068,2024-06-12,Офис,Новосибирск,Потребитель,12.0,113.75,1365.0,1035.16,329.84
6069,2023-03-01,Канцелярия,Екатеринбург,Корпоратив,10.0,878.29,8782.9,6789.81,1993.09
6070,2024-10-25,Мебель,Новосибирск,Потребитель,4.0,202.22,808.88,629.35,179.53
6071,2024-12-20,Дом и сад,Екатеринбург,Потребитель,10.0,106.39,1063.9,586.41,477.49
6072,2024-07-04,Канцелярия,Санкт-Петербург,Корпоратив,17.0,102.75,1746.75,1299.68,447.07
6073,2023-04-14,Канцелярия,Самара,Потребитель,5.0,377.55,1887.75,1505.67,382.08
6074,2023-05-14,Техника,Санкт-Петербург,Потребитель,5.0,256.24,1281.2,747.47,533.73
6075,2024-06-06,Канцелярия,Новосибирск,Потребитель,9.0,826.43,7437.87,5687.8,1750.07
6076,2023-03-26,Офис,Москва,Мелкий опт,11.0,860.14,9461.54,6114.86,3346.68
6077,2023-12-15,Дом и сад,Екатеринбург,Мелкий опт,17.0,434.6,7388.2,4780.85,2607.35
6078,2024-11-27,Дом и сад,Екатеринбург,Корпоратив,18.0,743.74,13387.32,9293.48,4093.84
6079,2024-10-30,Офис,Москва,Потребитель,17.0,474.53,8067.01,5465.15,2601.86
6080,2023-02-08,Канцелярия,Екатеринбург,Корпоратив,27.0,146.44,3953.88,3110.54,843.34
6081,2023-04-11,Дом и сад,Москва,Корпоратив,4.0,105.96,423.84,236.65,187.19
6082,2023-07-15,Канцелярия,Москва,Корпоратив,,1076.2,13990.6,8629.68,5360.92
6083,2024-03-14,Техника,Екатеринбург,Корпоратив,15.0,93.84,1407.6,1020.64,386.96
6084,2024-05-16,Офис,Екатеринбург,Мелкий опт,20.0,155.91,3118.2,1728.86,1389.34
6085,2024-06-09,Офис,Новосибирск,Корпоратив,59.0,738.08,43546.72,28621.92,14924.8
6086,2024-04-08,Дом и сад,Санкт-Петербург,Потребитель,5.0,933.49,4667.45,3466.2,1201.25
6087,2023-10-06,Офис,Екатеринбург,Потребитель,3.0,84.51,253.53,155.97,97.56
6088,2023-05-09,Дом и сад,Самара,Корпоратив,12.0,68.26,819.12,544.12,275.0
6089,2023-09-19,Канцелярия,Москва,Корпоратив,11.0,319.77,3517.47,2692.74,824.73
6090,2024-03-02,Канцелярия,Москва,Потребитель,18.0,122.98,2213.64,1704.73,508.91
6091,2024-02-21,Офис,Новосибирск,Потребитель,14.0,315.0,4410.0,3441.08,968.92
6092,2023-03-02,Техника,Санкт-Петербург,Корпоратив,7.0,210.37,1472.59,887.48,585.11
6093,2023-09-01,Техника,Екатеринбург,Потребитель,23.0,854.51,19653.73,13488.74,6164.99
6094,2023-12-04,Канцелярия,Санкт-Петербург,Корпоратив,6.0,619.73,3718.38,2505.21,1213.17
6095,2024-05-20,Канцелярия,Санкт-Петербург,Потребитель,1.0,940.31,940.31,651.6,288.71
6096,2023-08-15,Техника,Новосибирск,Корпоратив,11.0,256.5,2821.5,1552.96,1268.54
6097,2023-12-17,Канцелярия,Москва,Потребитель,5.0,2651.58,13257.9,9032.51,4225.39
6098,2024-01-12,Мебель,Екатеринбург,Потребитель,2.0,402.57,805.14,642.84,162.3
6099,2024-07-04,Дом и сад,Екатеринбург,Корпоратив,34.0,194.48,6612.32,4710.92,1901.4
6100,2024-02-07,Техника,Самара,Потребитель,14.0,409.22,5729.08,3744.36,1984.72
6101,2024-01-08,Канцелярия,Москва,Корпоратив,5.0,715.49,3577.45,2436.91,1140.54
6102,2024-07-12,Дом и сад,Екатеринбург,Корпоратив,7.0,1184.57,8291.99,5142.67,3149.32
6103,2024-06-08,Канцелярия,Самара,Корпоратив,10.0,167.21,1672.1,1055.53,616.57
6104,2024-03-07,Техника,Самара,Мелкий опт,1.0,42.05,42.05,27.01,15.04
6105,2023-05-20,Канцелярия,Новосибирск,Потребитель,3.0,142.76,428.28,290.22,138.06
6106,2023-06-25,Дом и сад,Самара,Потребитель,0.0,389.62,0.0,0.0,0.0
6107,2024-02-27,Канцелярия,Екатеринбург,Мелкий опт,38.0,982.91,37350.58,24650.25,12700.33
6108,2024-10-28,Мебель,Санкт-Петербург,Потребитель,9.0,182.13,1639.17,1014.11,625.06
6109,2023-06-25,Техника,Екатеринбург,Потребитель,5.0,88.84,444.2,329.75,114.45
6110,2023-11-07,Мебель,Новосибирск,Потребитель,14.0,319.0,4466.0,3304.81,1161.19
6111,2023-12-01,Техника,Самара,Корпоратив,6.0,234.02,1404.12,1103.26,300.86
6112,2023-06-03,Канцелярия,Санкт-Петербург,Потребитель,4.0,532.9,2131.6,1302.43,829.17
6113,2023-11-03,Офис,Екатеринбург,Потребитель,8.0,390.97,3127.76,1762.68,1365.08
6114,2023-12-31,Техника,Самара,Корпоратив,3.0,429.44,1288.32,944.4,343.92
6115,2024-04-11,Дом и сад,Самара,Корпоратив,4.0,1859.12,7436.48,4103.48,3333.0
6116,2023-05-16,Офис,Москва,Потребитель,35.0,483.25,16913.75,12814.92,4098.83
6117,2024-10-21,Офис,Москва,Потребитель,11.0,401.72,4418.92,2969.42,1449.5
6118,2024-01-08,Офис,Санкт-Петербург,Корпоратив,3.0,549.35,1648.05,1098.89,549.16
6119,2024-07-02,Дом и сад,Новосибирск,Потребитель,1.0,743.55,743.55,422.94,320.61
6120,2023-04-05,Техника,Москва,Потребитель,12.0,204.51,2454.12,1888.87,565.25
6121,2023-10-07,Дом и сад,Новосибирск,Потребитель,14.0,265.02,3710.28,2100.92,1609.36
6122,2024-10-20,Офис,Самара,Мелкий опт,6.0,434.7,2608.2,1990.72,617.48
6123,2024-08-15,Дом и сад,Москва,Корпоратив,,601.04,11419.76,8251.35,3168.41
6124,2023-09-19,Офис,Самара,Корпоратив,2.0,979.19,1958.38,1492.66,465.72
6125,2024-02-02,Офис,Новосибирск,Потребитель,3.0,99.45,298.35,171.81,126.54
6126,2024-01-28,Канцелярия,Екатеринбург,Мелкий опт,25.0,210.21,5255.25,3343.97,1911.28
6127,2023-03-16,Техника,Москва,Корпоратив,12.0,616.27,-1.0,4797.36,2597.88
6128,2024-06-22,Мебель,Екатеринбург,Потребитель,5.0,344.41,1722.05,1083.24,638.81
6129,2024-03-05,Канцелярия,Москва,Потребитель,24.0,1479.08,35497.92,27108.46,8389.46
6130,2024-10-09,Техника,Санкт-Петербург,Корпоратив,8.0,173.09,1384.72,833.1,551.62
6131,2023-01-03,Офис,Новосибирск,Мелкий опт,22.0,133.67,2940.74,1946.19,994.55
6132,2024-12-08,Канцелярия,Новосибирск,Корпоратив,6.0,2079.82,12478.92,7917.81,4561.11
6133,2024-04-08,Дом и сад,Самара,Потребитель,16.0,76.5,1224.0,924.54,299.46
6134,2024-01-05,Техника,Санкт-Петербург,Потребитель,16.0,691.24,11059.84,7868.77,3191.07
6135,2024-09-26,Мебель,Новосибирск,Корпоратив,14.0,229.12,3207.68,2543.92,663.76
6136,2023-10-13,Мебель,Новосибирск,Корпоратив,13.0,458.16,5956.08,4444.81,1511.27
6137,2024-10-31,Дом и сад,Москва,Потребитель,7.0,562.58,3938.06,2207.22,1730.84
6138,2023-01-26,Дом и сад,Самара,Потребитель,1.0,558.28,558.28,404.82,153.46
6139,2023-07-01,Мебель,Екатеринбург,Корпоратив,18.0,579.18,10425.24,6954.52,3470.72
6140,2024-08-04,Мебель,Москва,Потребитель,4.0,969.78,3879.12,2451.19,1427.93
6141,2023-04-06,Мебель,Новосибирск,Мелкий опт,11.0,957.14,10528.54,6078.5,4450.04
6142,2023-04-13,Дом и сад,Самара,Корпоратив,3.0,542.49,1627.47,897.02,730.45
6143,2023-05-05,Техника,Самара,Мелкий опт,30.0,121.59,3647.7,2223.64,1424.06
6144,2023-09-15,Дом и сад,Самара,Мелкий опт,17.0,207.01,3519.17,2051.69,1467.48
6145,2024-03-27,Офис,Москва,Потребитель,8.0,115.15,921.2,727.71,193.49
6146,2023-03-13,Мебель,Екатеринбург,Корпоратив,9.0,495.07,4455.63,2517.77,1937.86
6147,2023-08-27,Офис,Москва,Корпоратив,17.0,177.19,3012.23,2050.81,961.42
6148,2024-11-22,Дом и сад,Москва,Мелкий опт,12.0,638.96,7667.52,5589.8,2077.72
6149,2023-10-02,Дом и сад,Санкт-Петербург,Потребитель,6.0,467.49,2804.94,2126.03,678.91
6150,2024-09-18,Дом и сад,Самара,Корпоратив,5.0,873.38,4366.9,3038.87,1328.03
6151,2024-12-01,Офис,Самара,Потребитель,26.0,361.36,9395.36,5508.51,3886.85
6152,2024-07-24,Дом и сад,Екатеринбург,Мелкий опт,3.0,137.2,411.6,324.0,87.6
6153,2024-10-20,Канцелярия,Самара,Корпоратив,0.0,700.66,0.0,0.0,0.0
6154,2023-11-20,Мебель,Санкт-Петербург,Потребитель,9.0,350.23,3152.07,1867.97,1284.1
6155,2024-12-07,Офис,Самара,Потребитель,20.0,961.68,19233.6,11923.97,7309.63
6156,2023-04-11,Офис,Новосибирск,Потребитель,,355.13,3196.17,2376.4,819.77
6157,2024-01-21,Офис,Санкт-Петербург,Потребитель,6.0,179.92,1079.52,766.82,312.7
6158,2024-06-14,Мебель,Самара,Потребитель,25.0,194.89,4872.25,3771.46,1100.79
6159,2023-08-16,Офис,Новосибирск,Корпоратив,6.0,435.34,2612.04,1444.5,1167.54
6160,2023-05-10,Офис,Москва,Мелкий опт,8.0,1799.35,14394.8,10128.1,4266.7
6161,2023-11-29,Дом и сад,Екатеринбург,Мелкий опт,6.0,545.2,3271.2,2071.63,1199.57
6162,2023-07-05,Канцелярия,Санкт-Петербург,Потребитель,13.0,476.44,6193.72,4524.97,1668.75
6163,2023-11-01,Техника,Самара,Потребитель,8.0,749.49,5995.92,3867.52,2128.4
6164,2023-09-03,Мебель,Санкт-Петербург,Потребитель,29.0,545.92,15831.68,9077.5,6754.18
6165,2023-09-05,Канцелярия,Самара,Потребитель,9.0,192.73,1734.57,1352.67,381.9
6166,2023-04-24,Офис,Санкт-Петербург,Корпоратив,10.0,501.79,5017.9,3870.46,1147.44
6167,2023-03-03,Дом и сад,Санкт-Петербург,Потребитель,29.0,658.74,19103.46,13209.19,5894.27
6168,2024-12-31,Офис,Екатеринбург,Потребитель,10.0,461.81,4618.1,3080.21,1537.89
6169,2024-03-21,Офис,Екатеринбург,Корпоратив,30.0,350.99,10529.7,7058.12,3471.58
6170,2023-03-27,Мебель,Новосибирск,Потребитель,3.0,512.24,1536.72,1114.68,422.04
6171,2024-01-26,Техника,Екатеринбург,Корпоратив,22.0,79.39,1746.58,1256.4,490.18
6172,2024-07-19,Офис,Новосибирск,Мелкий опт,25.0,141.0,3525.0,2282.29,1242.71
6173,2023-03-13,Дом и сад,Москва,Потребитель,5.0,249.19,1245.95,690.56,555.39
6174,2023-11-22,Техника,Самара,Потребитель,104.0,674.48,70145.92,50965.37,19180.55
6175,2023-08-18,Дом и сад,Санкт-Петербург,Мелкий опт,6.0,960.31,5761.86,3949.11,1812.75
6176,2023-10-31,Дом и сад,Новосибирск,Потребитель,2.0,94.49,188.98,107.31,81.67
6177,2024-01-25,Офис,Санкт-Петербург,Потребитель,4.0,314.6,1258.4,943.38,315.02
6178,2023-09-06,Дом и сад,Москва,Мелкий опт,1.0,174.92,174.92,126.31,48.61
6179,2024-02-10,Дом и сад,Санкт-Петербург,Потребитель,1.0,369.94,369.94,272.88,97.06
6180,2023-08-12,Мебель,Новосибирск,Потребитель,5.0,417.87,2089.35,1660.36,428.99
6181,2024-07-23,Дом и сад,Самара,Потребитель,11.0,1132.54,12457.94,7199.81,5258.13
6182,2024-08-24,Канцелярия,Новосибирск,Корпоратив,8.0,235.01,1880.08,1261.81,618.27
6183,2023-03-26,Дом и сад,Самара,Потребитель,1.0,468.37,468.37,337.74,130.63
6184,2024-11-29,Офис,Новосибирск,Потребитель,7.0,417.16,2920.12,2241.87,678.25
6185,2024-08-18,Офис,Москва,Потребитель,7.0,553.96,3877.72,2152.0,1725.72
6186,2023-04-04,Офис,Екатеринбург,Потребитель,3.0,366.01,1098.03,712.0,386.03
6187,2024-11-16,Канцелярия,Москва,Потребитель,9.0,432.55,3892.95,3106.88,786.07
6188,2024-11-18,Канцелярия,Екатеринбург,Потребитель,1.0,231.34,231.34,164.61,66.73
6189,2023-05-13,Канцелярия,Самара,Потребитель,23.0,638.26,14679.98,10966.61,3713.37
6190,2024-10-23,Техника,Екатеринбург,Потребитель,40.0,620.66,24826.4,15400.56,9425.84
6191,2024-12-05,Дом и сад,Москва,Потребитель,7.0,117.16,820.12,494.23,325.89
6192,2023-07-16,Офис,Самара,Потребитель,17.0,417.86,7103.62,4582.71,2520.91
6193,2024-07-31,Канцелярия,Москва,Корпоратив,14.0,570.06,7980.84,5294.38,2686.46
6194,2023-05-24,Офис,Новосибирск,Потребитель,18.0,187.99,3383.82,1951.83,1431.99
6195,2023-02-03,Офис,Санкт-Петербург,Потребитель,13.0,694.41,9027.33,5167.99,3859.34
6196,2024-02-28,Мебель,Екатеринбург,Мелкий опт,7.0,1228.08,8596.56,6558.14,2038.42
6197,2024-05-02,Офис,Москва,Мелкий опт,3.0,220.78,662.34,479.05,183.29
6198,2024-11-04,Канцелярия,Самара,Потребитель,5.0,300.61,1503.05,1171.57,331.48
6199,2024-03-07,Техника,Санкт-Петербург,Потребитель,13.0,273.41,3554.33,2298.87,1255.46
6200,2023-01-09,Техника,Самара,Корпоратив,29.0,667.28,19351.12,11516.57,7834.55
6201,2023-10-06,Дом и сад,Санкт-Петербург,Потребитель,11.0,2130.33,23433.63,16121.19,7312.44
6202,2024-07-22,Канцелярия,Екатеринбург,Потребитель,14.0,540.95,7573.3,5104.61,2468.69
6203,2023-03-21,Дом и сад,Екатеринбург,Корпоратив,10.0,504.59,5045.9,3901.1,1144.8
6204,2024-09-22,Офис,Екатеринбург,Потребитель,11.0,702.67,7729.37,5666.32,2063.05
6205,2024-04-01,Мебель,Екатеринбург,Корпоратив,2.0,508.33,1016.66,559.95,456.71
6206,2023-09-29,Офис,Санкт-Петербург,Потребитель,6.0,2226.01,13356.06,9038.97,4317.09
6207,2024-06-01,Техника,Екатеринбург,Корпоратив,16.0,569.77,9116.32,6436.6,2679.72
6208,2023-05-14,Офис,Самара,Потребитель,5.0,657.08,3285.4,2516.01,769.39
6209,2023-07-30,Канцелярия,Санкт-Петербург,Корпоратив,6.0,219.09,1314.54,865.28,449.26
6210,2023-07-05,Офис,Санкт-Петербург,Потребитель,16.0,519.12,8305.92,6276.41,2029.51
6211,2023-10-27,Канцелярия,Екатеринбург,Мелкий опт,3.0,620.4,1861.2,1066.73,794.47
6212,2024-12-24,Канцелярия,Санкт-Петербург,Корпоратив,62.0,218.5,13547.0,9495.27,4051.73
6213,2024-09-15,Техника,Москва,Корпоратив,35.0,369.6,-1.0,9246.34,3689.66
6214,2024-11-29,Офис,Самара,Потребитель,17.0,862.97,14670.49,10357.27,4313.22
6215,2023-05-24,Канцелярия,Санкт-Петербург,Потребитель,4.0,1958.46,7833.84,5997.4,1836.44
6216,2024-12-12,Офис,Самара,Мелкий опт,6.0,303.6,1821.6,1436.16,385.44
6217,2023-01-18,Мебель,Москва,Мелкий опт,45.0,207.55,9339.75,5600.21,3739.54
6218,2023-03-03,Канцелярия,Самара,Потребитель,5.0,388.9,1944.5,1238.87,705.63
6219,2023-08-05,Офис,Новосибирск,Потребитель,27.0,1164.98,31454.46,22441.13,9013.33
6220,2023-02-28,Мебель,Москва,Потребитель,17.0,104.07,1769.19,1348.9,420.29
6221,2023-04-30,Техника,Москва,Мелкий опт,3.0,274.6,823.8,467.6,356.2
6222,2023-08-05,Дом и сад,Санкт-Петербург,Корпоратив,4.0,188.16,752.64,533.42,219.22
6223,2023-02-06,Дом и сад,Санкт-Петербург,Корпоратив,,803.16,4015.8,2499.23,1516.57
6224,2023-11-27,Канцелярия,Санкт-Петербург,Корпоратив,3.0,183.97,551.91,417.3,134.61
6225,2024-04-08,Техника,Новосибирск,Корпоратив,49.0,1274.39,62445.11,47690.6,14754.51
6226,2024-04-25,Дом и сад,Новосибирск,Потребитель,21.0,147.47,3096.87,2440.3,656.57
6227,2023-04-06,Дом и сад,Самара,Корпоратив,14.0,246.49,3450.86,2635.53,815.33
6228,2023-05-07,Дом и сад,Москва,Потребитель,23.0,379.13,8719.99,5482.32,3237.67
6229,2024-06-10,Дом и сад,Новосибирск,Корпоратив,6.0,768.42,4610.52,3173.69,1436.83
6230,2024-12-03,Офис,Санкт-Петербург,Потребитель,3.0,598.34,1795.02,1088.54,706.48
6231,2023-02-03,Дом и сад,Самара,Потребитель,17.0,288.93,4911.81,2715.11,2196.7
6232,2024-06-12,Дом и сад,Новосибирск,Потребитель,22.0,1507.24,33159.28,25959.14,7200.14
6233,2024-09-17,Офис,Москва,Потребитель,26.0,2003.27,52085.02,32674.65,19410.37
6234,2024-09-17,Дом и сад,Самара,Мелкий опт,6.0,769.34,4616.04,2859.73,1756.31
6235,2024-10-14,Канцелярия,Самара,Мелкий опт,9.0,229.7,2067.3,1547.12,520.18
6236,2024-01-15,Канцелярия,Новосибирск,Потребитель,9.0,435.04,3915.36,2665.45,1249.91
6237,2023-08-06,Офис,Санкт-Петербург,Корпоратив,4.0,228.46,913.84,695.21,218.63
6238,2023-05-22,Техника,Москва,Потребитель,20.0,259.67,5193.4,3139.09,2054.31
6239,2023-08-28,Дом и сад,Самара,Корпоратив,33.0,438.81,14480.73,11555.45,2925.28
6240,2023-05-13,Дом и сад,Самара,Мелкий опт,3.0,877.36,2632.08,1793.17,838.91
6241,2023-12-31,Канцелярия,Москва,Потребитель,10.0,237.88,2378.8,1402.63,976.17
6242,2023-03-07,Техника,Москва,Корпоратив,10.0,183.6,1836.0,1088.41,747.59
6243,2023-12-12,Техника,Санкт-Петербург,Корпоратив,23.0,401.57,9236.11,7328.98,1907.13
6244,2024-10-18,Дом и сад,Новосибирск,Потребитель,5.0,67.19,335.95,240.48,95.47
6245,2024-09-25,Канцелярия,Екатеринбург,Корпоратив,3.0,758.78,2276.34,1655.06,621.28
6246,2024-05-20,Дом и сад,Санкт-Петербург,Мелкий опт,14.0,180.94,2533.16,1682.17,850.99
6247,2023-07-24,Дом и сад,Самара,Потребитель,3.0,835.79,2507.37,1406.03,1101.34
6248,2023-06-18,Дом и сад,Санкт-Петербург,Корпоратив,2.0,304.81,609.62,439.77,169.85
6249,2024-09-27,Канцелярия,Москва,Потребитель,9.0,831.43,7482.87,5503.28,1979.59
6250,2024-02-05,Канцелярия,Екатеринбург,Корпоратив,13.0,3414.14,44383.82,26321.61,18062.21
6251,2023-04-01,Канцелярия,Санкт-Петербург,Потребитель,1.0,698.01,698.01,529.91,168.1
6252,2024-08-13,Дом и сад,Самара,Корпоратив,1.0,762.21,762.21,520.56,241.65
6253,2023-06-21,Техника,Самара,Потребитель,12.0,258.13,3097.56,2247.79,849.77
6254,2024-01-01,Канцелярия,Екатеринбург,Потребитель,8.0,89.63,717.04,461.44,255.6
6255,2024-03-24,Техника,Екатеринбург,Корпоратив,10.0,751.46,7514.6,5520.98,1993.62
6256,2024-10-17,Канцелярия,Москва,Потребитель,6.0,219.2,1315.2,1018.2,297.0
6257,2024-10-14,Техника,Екатеринбург,Корпоратив,39.0,164.73,6424.47,4423.93,2000.54
6258,2024-06-08,Техника,Москва,Потребитель,4.0,583.63,2334.52,1686.66,647.86
6259,2024-10-11,Техника,Самара,Потребитель,25.0,862.55,21563.75,15010.6,6553.15
6260,2023-12-13,Техника,Екатеринбург,Потребитель,7.0,637.46,4462.22,2756.5,1705.72
6261,2023-07-20,Мебель,Самара,Потребитель,4.0,230.44,921.76,632.65,289.11
6262,2023-08-17,Техника,Москва,Мелкий опт,18.0,617.81,11120.58,6749.55,4371.03
6263,2024-01-01,Дом и сад,Москва,Корпоратив,26.0,402.63,10468.38,7042.7,3425.68
6264,2024-07-20,Дом и сад,Новосибирск,Потребитель,6.0,721.3,4327.8,3084.54,1243.26
6265,2024-07-04,Канцелярия,Новосибирск,Корпоратив,9.0,497.41,4476.69,2692.61,1784.08
6266,2023-01-26,Офис,Санкт-Петербург,Мелкий опт,8.0,182.95,1463.6,1090.2,373.4
6267,2023-07-06,Дом и сад,Самара,Потребитель,12.0,815.14,9781.68,6837.58,2944.1
6268,2023-02-03,Канцелярия,Екатеринбург,Потребитель,15.0,864.15,12962.25,9880.05,3082.2
6269,2024-04-03,Офис,Екатеринбург,Мелкий опт,4.0,518.25,2073.0,1223.24,849.76
6270,2024-07-26,Дом и сад,Самара,Потребитель,89.0,1158.88,103140.32,66471.44,36668.88
6271,2024-05-13,Дом и сад,Екатеринбург,Потребитель,22.0,597.99,13155.78,10269.36,2886.42
6272,2023-08-29,Техника,Санкт-Петербург,Корпоратив,43.0,647.12,27826.16,15568.66,12257.5
6273,2024-05-07,Техника,Москва,Корпоратив,1.0,383.92,383.92,219.35,164.57
6274,2023-06-28,Дом и сад,Екатеринбург,Корпоратив,10.0,382.6,3826.0,3005.96,820.04
6275,2024-01-09,Офис,Новосибирск,Корпоратив,17.0,547.33,9304.61,6442.4,2862.21
6276,2023-01-02,Канцелярия,Москва,Корпоратив,3.0,163.01,489.03,288.35,200.68
6277,2024-07-11,Мебель,Новосибирск,Потребитель,20.0,228.88,4577.6,2991.85,1585.75
6278,2024-01-03,Офис,Новосибирск,Потребитель,5.0,469.52,2347.6,1363.4,984.2
6279,2023-07-18,Офис,Москва,Потребитель,19.0,266.9,5071.1,3667.34,1403.76
6280,2024-07-01,Канцелярия,Екатеринбург,Корпоратив,0.0,1353.73,0.0,0.0,0.0
6281,2023-10-07,Офис,Новосибирск,Потребитель,4.0,351.75,1407.0,1095.8,311.2
6282,2024-11-05,Дом и сад,Москва,Потребитель,2.0,440.27,880.54,593.43,287.11
6283,2023-11-21,Дом и сад,Санкт-Петербург,Корпоратив,,438.76,8336.44,4851.9,3484.54
6284,2023-06-17,Офис,Новосибирск,Потребитель,65.0,259.48,16866.2,11040.14,5826.06
6285,2024-02-29,Дом и сад,Самара,Корпоратив,2.0,871.11,1742.22,1171.93,570.29
6286,2023-07-26,Техника,Екатеринбург,Корпоратив,7.0,994.67,6962.69,5190.74,1771.95
6287,2024-08-04,Техника,Санкт-Петербург,Потребитель,13.0,210.25,2733.25,1736.39,996.86
6288,2023-03-09,Офис,Новосибирск,Потребитель,56.0,901.71,50495.76,38345.49,12150.27
6289,2023-03-27,Офис,Екатеринбург,Корпоратив,5.0,1135.25,5676.25,4238.8,1437.45
6290,2023-02-18,Дом и сад,Новосибирск,Потребитель,12.0,2164.65,25975.8,16092.96,9882.84
6291,2023-08-06,Дом и сад,Москва,Потребитель,9.0,932.68,8394.12,5901.02,2493.1
6292,2023-04-28,Техника,Новосибирск,Потребитель,13.0,186.46,2423.98,1704.8,719.18
6293,2024-01-16,Дом и сад,Самара,Корпоратив,12.0,404.89,4858.68,2786.31,2072.37
6294,2024-01-27,Мебель,Москва,Потребитель,19.0,963.65,18309.35,11988.23,6321.12
6295,2024-07-14,Офис,Екатеринбург,Корпоратив,20.0,1212.48,24249.6,17972.21,6277.39
6296,2024-02-27,Офис,Самара,Потребитель,17.0,738.44,12553.48,7854.58,4698.9
6297,2024-03-29,Офис,Санкт-Петербург,Потребитель,43.0,398.42,17132.06,12295.47,4836.59
6298,2023-06-05,Офис,Москва,Потребитель,16.0,924.01,14784.16,10783.09,4001.07
6299,2024-08-10,Мебель,Санкт-Петербург,Потребитель,7.0,1262.08,8834.56,6794.67,2039.89
6300,2024-06-02,Канцелярия,Самара,Потребитель,15.0,503.73,7555.95,4684.69,2871.26
6301,2023-12-22,Мебель,Новосибирск,Потребитель,10.0,440.74,4407.4,2653.15,1754.25
6302,2024-07-19,Техника,Москва,Корпоратив,5.0,517.87,2589.35,1975.63,613.72
6303,2024-01-19,Канцелярия,Новосибирск,Корпоратив,11.0,432.94,4762.34,3397.27,1365.07
6304,2023-10-26,Техника,Санкт-Петербург,Мелкий опт,7.0,1114.74,7803.18,5194.35,2608.83
6305,2024-01-04,Мебель,Самара,Потребитель,21.0,349.2,7333.2,5325.63,2007.57
6306,2023-07-21,Техника,Москва,Корпоратив,5.0,717.51,3587.55,2177.07,1410.48
6307,2023-09-12,Канцелярия,Санкт-Петербург,Корпоратив,31.0,189.16,5863.96,3597.33,2266.63
6308,2024-05-06,Техника,Санкт-Петербург,Корпоратив,9.0,871.72,7845.48,5828.21,2017.27
6309,2024-03-11,Офис,Екатеринбург,Потребитель,20.0,348.48,6969.6,5010.75,1958.85
6310,2023-04-25,Техника,Новосибирск,Потребитель,11.0,391.95,4311.45,3193.83,1117.62
6311,2023-02-04,Канцелярия,Москва,Потребитель,3.0,751.38,2254.14,1425.01,829.13
6312,2023-11-12,Техника,Новосибирск,Потребитель,15.0,214.75,3221.25,1922.89,1298.36
6313,2023-07-25,Дом и сад,Екатеринбург,Потребитель,4.0,747.62,2990.48,2290.46,700.02
6314,2024-10-11,Дом и сад,Новосибирск,Потребитель,4.0,253.83,1015.32,753.12,262.2
6315,2024-08-19,Техника,Москва,Потребитель,32.0,398.15,12740.8,7377.03,5363.77
6316,2024-07-05,Дом и сад,Самара,Потребитель,26.0,317.09,8244.34,6281.32,1963.02
6317,2023-12-03,Техника,Москва,Потребитель,11.0,915.56,10071.16,5947.23,4123.93
6318,2023-10-01,Мебель,Москва,Корпоратив,27.0,534.95,14443.65,8940.69,5502.96
6319,2024-12-22,Дом и сад,Санкт-Петербург,Потребитель,4.0,341.38,1365.52,1077.0,288.52
6320,2024-01-27,Офис,Санкт-Петербург,Потребитель,10.0,618.05,6180.5,4165.05,2015.45
6321,2024-02-19,Канцелярия,Санкт-Петербург,Потребитель,2.0,1137.12,2274.24,1661.74,612.5
6322,2024-07-03,Техника,Екатеринбург,Потребитель,9.0,103.85,934.65,678.07,256.58
6323,2023-05-22,Техника,Новосибирск,Корпоратив,2.0,139.76,279.52,177.11,102.41
6324,2024-09-18,Техника,Новосибирск,Потребитель,1.0,773.39,773.39,432.29,341.1
6325,2024-05-21,Дом и сад,Самара,Корпоратив,14.0,96.88,1356.32,1022.67,333.65
6326,2024-11-17,Мебель,Самара,Корпоратив,25.0,244.25,6106.25,4269.14,1837.11
6327,2023-05-03,Дом и сад,Самара,Корпоратив,6.0,100.22,601.32,427.87,173.45
6328,2023-10-28,Офис,Екатеринбург,Потребитель,6.0,530.41,3182.46,1996.12,1186.34
6329,2024-09-20,Дом и сад,Москва,Потребитель,5.0,691.07,3455.35,2026.02,1429.33
6330,2024-02-01,Мебель,Новосибирск,Потребитель,15.0,212.48,3187.2,2342.68,844.52
6331,2023-09-16,Канцелярия,Самара,Потребитель,5.0,140.09,-1.0,451.77,248.68
6332,2023-06-28,Мебель,Новосибирск,Потребитель,18.0,428.57,7714.26,5604.71,2109.55
6333,2024-05-25,Канцелярия,Новосибирск,Мелкий опт,115.0,1575.72,181207.8,119259.39,61948.41
6334,2023-06-04,Техника,Москва,Потребитель,3.0,221.64,664.92,526.18,138.74
6335,2023-10-09,Техника,Санкт-Петербург,Потребитель,6.0,862.93,5177.58,3195.17,1982.41
6336,2023-03-24,Мебель,Екатеринбург,Потребитель,1.0,234.13,234.13,132.41,101.72
6337,2023-07-29,Канцелярия,Москва,Мелкий опт,5.0,152.63,763.15,445.26,317.89
6338,2023-10-07,Канцелярия,Новосибирск,Корпоратив,17.0,351.94,5982.98,3994.91,1988.07
6339,2024-02-23,Техника,Екатеринбург,Корпоратив,7.0,1050.25,7351.75,5027.94,2323.81
6340,2023-01-23,Офис,Екатеринбург,Мелкий опт,2.0,83.27,166.54,129.36,37.18
6341,2024-10-28,Канцелярия,Самара,Потребитель,16.0,414.68,6634.88,4218.9,2415.98
6342,2024-03-21,Канцелярия,Новосибирск,Корпоратив,13.0,475.33,6179.29,4299.35,1879.94
6343,2024-05-15,Техника,Самара,Мелкий опт,7.0,704.32,4930.24,3774.08,1156.16
6344,2024-02-23,Канцелярия,Санкт-Петербург,Корпоратив,3.0,318.83,956.49,733.69,222.8
6345,2023-04-05,Канцелярия,Санкт-Петербург,Корпоратив,9.0,583.63,5252.67,3646.11,1606.56
6346,2023-01-30,Дом и сад,Москва,Потребитель,9.0,796.41,7167.69,5682.82,1484.87
6347,2024-06-09,Дом и сад,Самара,Потребитель,7.0,706.63,4946.41,3895.77,1050.64
6348,2023-01-08,Техника,Новосибирск,Мелкий опт,3.0,729.97,2189.91,1698.77,491.14
6349,2023-06-26,Дом и сад,Новосибирск,Потребитель,20.0,247.95,4959.0,2783.14,2175.86
6350,2024-07-20,Мебель,Новосибирск,Потребитель,2.0,1370.94,2741.88,1621.98,1119.9
6351,2023-03-24,Мебель,Самара,Потребитель,14.0,1747.24,24461.36,16134.05,8327.31
6352,2024-05-28,Дом и сад,Самара,Мелкий опт,6.0,470.42,2822.52,1558.89,1263.63
6353,2023-11-25,Офис,Санкт-Петербург,Корпоратив,0.0,190.73,0.0,0.0,0.0
6354,2024-12-08,Канцелярия,Новосибирск,Потребитель,31.0,170.09,5272.79,3056.07,2216.72
6355,2024-09-22,Офис,Екатеринбург,Потребитель,2.0,522.13,1044.26,701.45,342.81
6356,2023-05-24,Техника,Санкт-Петербург,Потребитель,40.0,47.11,1884.4,1507.25,377.15
6357,2024-12-15,Мебель,Екатеринбург,Корпоратив,11.0,898.31,9881.41,6344.88,3536.53
6358,2024-12-01,Офис,Санкт-Петербург,Потребитель,2.0,257.52,515.04,341.29,173.75
6359,2024-05-01,Дом и сад,Екатеринбург,Корпоратив,17.0,1032.16,17546.72,10297.21,7249.51
6360,2023-04-25,Дом и сад,Самара,Потребитель,29.0,931.69,27019.01,19370.79,7648.22
6361,2023-04-09,Офис,Новосибирск,Потребитель,11.0,278.7,3065.7,2209.19,856.51
6362,2023-01-31,Дом и сад,Екатеринбург,Корпоратив,1.0,3088.14,3088.14,2151.02,937.12
6363,2024-11-22,Техника,Новосибирск,Потребитель,0.0,270.49,0.0,0.0,0.0
6364,2023-06-08,Мебель,Санкт-Петербург,Потребитель,2.0,412.82,825.64,591.75,233.89
6365,2023-11-12,Канцелярия,Москва,Потребитель,4.0,348.65,1394.6,920.01,474.59
6366,2024-04-26,Техника,Москва,Потребитель,5.0,2162.13,10810.65,7506.51,3304.14
6367,2024-12-28,Дом и сад,Самара,Потребитель,5.0,382.57,1912.85,1523.14,389.71
6368,2023-05-24,Офис,Новосибирск,Мелкий опт,5.0,385.86,-1.0,1145.98,783.32
6369,2024-04-13,Техника,Екатеринбург,Потребитель,50.0,988.73,49436.5,39409.98,10026.52
6370,2024-02-17,Дом и сад,Москва,Корпоратив,31.0,165.94,5144.14,3516.95,1627.19
6371,2024-12-29,Техника,Екатеринбург,Потребитель,19.0,200.39,3807.41,2310.01,1497.4
6372,2024-04-18,Мебель,Екатеринбург,Корпоратив,3.0,257.81,773.43,597.1,176.33
6373,2024-09-12,Дом и сад,Москва,Корпоратив,23.0,458.72,10550.56,8070.41,2480.15
6374,2023-10-01,Мебель,Москва,Потребитель,12.0,280.78,3369.36,2334.22,1035.14
6375,2023-07-10,Мебель,Самара,Потребитель,16.0,279.73,4475.68,3235.0,1240.68
6376,2024-04-24,Канцелярия,Санкт-Петербург,Корпоратив,1.0,449.3,449.3,257.63,191.67
6377,2024-06-15,Мебель,Новосибирск,Корпоратив,5.0,794.9,3974.5,2302.92,1671.58
6378,2023-01-12,Техника,Екатеринбург,Корпоратив,38.0,420.29,15971.02,11733.5,4237.52
6379,2024-11-22,Дом и сад,Екатеринбург,Потребитель,6.0,479.26,2875.56,2161.94,713.62
6380,2024-05-21,Техника,Москва,Потребитель,11.0,71.52,786.72,568.92,217.8
6381,2024-10-07,Офис,Самара,Потребитель,24.0,148.96,3575.04,1990.99,1584.05
6382,2024-09-19,Дом и сад,Санкт-Петербург,Корпоратив,1.0,317.18,317.18,226.97,90.21
6383,2024-01-09,Дом и сад,Новосибирск,Потребитель,31.0,270.38,8381.78,6126.65,2255.13
6384,2024-03-03,Мебель,Екатеринбург,Потребитель,6.0,594.79,3568.74,2009.17,1559.57
6385,2023-06-22,Офис,Санкт-Петербург,Потребитель,9.0,319.4,2874.6,1823.19,1051.41
6386,2024-05-10,Канцелярия,Новосибирск,Мелкий опт,9.0,769.19,6922.71,5130.59,1792.12
6387,2024-12-03,Дом и сад,Екатеринбург,Корпоратив,9.0,202.25,1820.25,1250.04,570.21
6388,2024-04-01,Дом и сад,Санкт-Петербург,Потребитель,3.0,289.7,869.1,538.83,330.27
6389,2024-10-25,Канцелярия,Новосибирск,Корпоратив,6.0,835.55,5013.3,3306.75,1706.55
6390,2023-04-23,Канцелярия,Санкт-Петербург,Потребитель,2.0,436.02,872.04,506.91,365.13
6391,2023-09-15,Офис,Москва,Потребитель,10.0,69.82,698.2,472.91,225.29
6392,2024-05-06,Техника,Екатеринбург,Корпоратив,4.0,309.22,1236.88,986.45,250.43
6393,2024-11-28,Дом и сад,Москва,Мелкий опт,6.0,793.98,4763.88,3330.51,1433.37
6394,2023-01-29,Мебель,Новосибирск,Корпоратив,13.0,530.97,6902.61,5203.62,1698.99
6395,2023-08-26,Дом и сад,Екатеринбург,Потребитель,12.0,396.28,4755.36,2903.93,1851.43
6396,2024-07-24,Дом и сад,Санкт-Петербург,Потребитель,20.0,229.49,4589.8,3247.09,1342.71
6397,2024-10-11,Техника,Екатеринбург,Мелкий опт,34.0,502.75,17093.5,13277.24,3816.26
6398,2024-05-15,Техника,Екатеринбург,Потребитель,5.0,438.44,2192.2,1319.14,873.06
6399,2023-07-01,Техника,Екатеринбург,Корпоратив,11.0,463.6,5099.6,3254.53,1845.07
6400,2024-02-18,Мебель,Москва,Потребитель,11.0,992.83,10921.13,8022.28,2898.85
6401,2023-10-22,Офис,Санкт-Петербург,Корпоратив,17.0,192.21,3267.57,2202.9,1064.67
6402,2023-10-18,Офис,Екатеринбург,Корпоратив,32.0,1142.1,36547.2,22036.28,14510.92
6403,2024-02-14,Офис,Самара,Корпоратив,21.0,1038.06,21799.26,14692.89,7106.37
6404,2023-07-10,Офис,Самара,Корпоратив,2.0,313.6,627.2,392.0,235.2
6405,2023-07-08,Канцелярия,Москва,Корпоратив,18.0,710.67,12792.06,10148.01,2644.05
6406,2024-04-20,Мебель,Екатеринбург,Корпоратив,1.0,175.09,175.09,128.22,46.87
6407,2024-01-17,Дом и сад,Санкт-Петербург,Мелкий опт,6.0,260.41,1562.46,895.72,666.74
6408,2024-12-03,Техника,Новосибирск,Корпоратив,4.0,462.27,1849.08,1182.32,666.76
6409,2023-06-18,Мебель,Москва,Потребитель,2.0,183.27,366.54,221.76,144.78
6410,2023-10-04,Офис,Екатеринбург,Потребитель,13.0,474.27,6165.51,3866.49,2299.02
6411,2023-04-27,Дом и сад,Санкт-Петербург,Потребитель,10.0,405.34,4053.4,2742.48,1310.92
6412,2023-02-23,Мебель,Санкт-Петербург,Корпоратив,27.0,909.05,24544.35,15585.93,8958.42
6413,2024-11-18,Техника,Екатеринбург,Потребитель,25.0,224.79,5619.75,3813.84,1805.91
6414,2024-08-25,Дом и сад,Санкт-Петербург,Потребитель,24.0,583.39,14001.36,8765.38,5235.98
6415,2024-06-01,Канцелярия,Новосибирск,Потребитель,16.0,152.78,2444.48,1934.5,509.98
6416,2024-04-21,Офис,Новосибирск,Корпоратив,4.0,806.09,3224.36,2011.18,1213.18
6417,2024-12-01,Мебель,Новосибирск,Корпоратив,24.0,233.5,5604.0,3755.16,1848.84
6418,2024-08-11,Офис,Санкт-Петербург,Корпоратив,6.0,544.09,3264.54,2487.12,777.42
6419,2023-03-28,Дом и сад,Санкт-Петербург,Потребитель,12.0,128.24,1538.88,906.35,632.53
6420,2024-07-20,Техника,Самара,Корпоратив,16.0,1112.92,17806.72,10944.09,6862.63
6421,2023-04-14,Техника,Екатеринбург,Потребитель,3.0,289.56,868.68,538.41,330.27
6422,2023-09-29,Канцелярия,Москва,Корпоратив,9.0,688.26,6194.34,4916.0,1278.34
6423,2023-06-13,Мебель,Екатеринбург,Корпоратив,155.0,236.53,36662.15,27987.03,8675.12
6424,2023-10-29,Дом и сад,Екатеринбург,Потребитель,5.0,733.77,3668.85,2706.55,962.3
6425,2024-07-15,Дом и сад,Самара,Потребитель,18.0,1302.81,23450.58,13222.31,10228.27
6426,2024-06-27,Дом и сад,Самара,Потребитель,24.0,406.53,9756.72,7247.95,2508.77
6427,2023-01-16,Офис,Новосибирск,Потребитель,5.0,120.36,601.8,389.23,212.57
6428,2024-06-26,Дом и сад,Екатеринбург,Потребитель,4.0,885.08,3540.32,2263.16,1277.16
6429,2023-07-17,Офис,Самара,Потребитель,11.0,268.09,2948.99,2268.48,680.51
6430,2024-11-24,Офис,Москва,Потребитель,6.0,570.43,3422.58,2132.9,1289.68
6431,2023-12-19,Офис,Санкт-Петербург,Мелкий опт,16.0,1942.12,31073.92,20349.62,10724.3
6432,2024-04-30,Канцелярия,Самара,Потребитель,11.0,407.56,4483.16,3471.39,1011.77
6433,2023-01-07,Техника,Санкт-Петербург,Мелкий опт,92.0,339.53,31236.76,18590.49,12646.27
6434,2023-04-02,Дом и сад,Самара,Потребитель,5.0,261.69,1308.45,904.65,403.8
6435,2023-06-03,Дом и сад,Новосибирск,Потребитель,7.0,361.22,2528.54,1543.04,985.5
6436,2023-01-07,Дом и сад,Санкт-Петербург,Потребитель,38.0,935.14,35535.32,28403.22,7132.1
6437,2024-11-12,Канцелярия,Москва,Потребитель,9.0,267.34,2406.06,1625.74,780.32
6438,2024-09-09,Дом и сад,Санкт-Петербург,Потребитель,1.0,109.36,109.36,74.65,34.71
6439,2023-06-29,Дом и сад,Новосибирск,Потребитель,3.0,754.82,2264.46,1578.58,685.88
6440,2024-05-12,Дом и сад,Екатеринбург,Корпоратив,26.0,33.25,864.5,650.36,214.14
6441,2024-02-07,Техника,Самара,Мелкий опт,37.0,192.15,7109.55,4136.97,2972.58
6442,2023-09-01,Дом и сад,Новосибирск,Мелкий опт,2.0,198.36,396.72,297.18,99.54
6443,2024-09-22,Дом и сад,Самара,Потребитель,4.0,482.79,1931.16,1160.55,770.61
6444,2024-06-02,Офис,Екатеринбург,Потребитель,7.0,457.24,3200.68,2533.09,667.59
6445,2024-05-18,Канцелярия,Москва,Потребитель,20.0,144.45,2889.0,2307.69,581.31
6446,2024-12-03,Техника,Новосибирск,Мелкий опт,21.0,783.63,16456.23,12860.07,3596.16
6447,2024-10-16,Канцелярия,Новосибирск,Корпоратив,5.0,139.65,698.25,410.87,287.38
6448,2024-09-07,Дом и сад,Москва,Мелкий опт,3.0,1291.56,3874.68,2368.35,1506.33
6449,2023-09-14,Дом и сад,Новосибирск,Мелкий опт,4.0,2709.53,10838.12,7594.42,3243.7
6450,2024-07-21,Дом и сад,Москва,Потребитель,,268.48,9933.76,5937.77,3995.99
6451,2023-10-17,Канцелярия,Екатеринбург,Потребитель,2.0,131.44,262.88,197.6,65.28
6452,2023-12-29,Дом и сад,Москва,Корпоратив,34.0,444.37,15108.58,8811.0,6297.58
6453,2024-09-12,Канцелярия,Санкт-Петербург,Потребитель,19.0,468.45,8900.55,6354.4,2546.15
6454,2024-04-14,Офис,Самара,Потребитель,12.0,286.08,3432.96,2251.69,1181.27
6455,2024-06-18,Техника,Новосибирск,Потребитель,3.0,443.23,1329.69,985.6,344.09
6456,2023-10-03,Канцелярия,Екатеринбург,Потребитель,1.0,348.55,348.55,247.97,100.58
6457,2023-05-02,Техника,Санкт-Петербург,Потребитель,19.0,551.29,10474.51,7445.8,3028.71
6458,2024-10-17,Дом и сад,Новосибирск,Потребитель,11.0,1064.53,11709.83,9196.8,2513.03
6459,2024-09-25,Дом и сад,Екатеринбург,Корпоратив,30.0,599.15,17974.5,13055.17,4919.33
6460,2024-08-23,Офис,Самара,Потребитель,3.0,461.01,1383.03,937.77,445.26
6461,2024-12-01,Офис,Новосибирск,Потребитель,4.0,114.7,458.8,347.67,111.13
6462,2023-02-06,Дом и сад,Новосибирск,Потребитель,7.0,503.62,3525.34,2566.58,958.76
6463,2024-11-01,Дом и сад,Москва,Потребитель,10.0,454.21,4542.1,2820.51,1721.59
6464,2024-01-29,Техника,Санкт-Петербург,Потребитель,69.0,127.5,8797.5,5830.45,2967.05
6465,2023-06-27,Мебель,Самара,Потребитель,25.0,1466.96,36674.0,29121.27,7552.73
6466,2024-04-08,Канцелярия,Самара,Корпоратив,6.0,44.79,268.74,167.98,100.76
6467,2023-05-18,Офис,Москва,Потребитель,40.0,295.14,11805.6,9433.38,2372.22
6468,2024-04-04,Техника,Новосибирск,Корпоратив,13.0,267.01,3471.13,2585.54,885.59
6469,2024-09-26,Мебель,Екатеринбург,Корпоратив,29.0,92.57,2684.53,1632.66,1051.87
6470,2023-04-13,Дом и сад,Новосибирск,Потребитель,5.0,955.53,4777.65,3539.56,1238.09
6471,2024-09-08,Дом и сад,Санкт-Петербург,Потребитель,11.0,533.03,5863.33,3774.56,2088.77
6472,2024-04-13,Техника,Самара,Потребитель,6.0,173.8,1042.8,822.68,220.12
6473,2023-09-22,Офис,Екатеринбург,Потребитель,19.0,435.36,8271.84,6445.11,1826.73
6474,2024-08-04,Мебель,Санкт-Петербург,Корпоратив,3.0,1492.26,4476.78,3014.7,1462.08
6475,2024-08-24,Дом и сад,Новосибирск,Корпоратив,10.0,179.73,1797.3,1366.5,430.8
6476,2023-08-30,Дом и сад,Новосибирск,Мелкий опт,21.0,184.74,3879.54,2205.16,1674.38
6477,2023-11-22,Мебель,Москва,Корпоратив,8.0,97.26,778.08,604.81,173.27
6478,2023-12-29,Офис,Санкт-Петербург,Мелкий опт,3.0,280.09,840.27,552.07,288.2
6479,2024-03-12,Техника,Санкт-Петербург,Корпоратив,13.0,138.48,1800.24,1421.11,379.13
6480,2023-04-20,Канцелярия,Москва,Потребитель,1.0,175.11,175.11,138.01,37.1
6481,2023-04-19,Дом и сад,Екатеринбург,Мелкий опт,5.0,171.74,858.7,523.91,334.79
6482,2023-04-09,Офис,Самара,Потребитель,5.0,347.44,1737.2,1310.28,426.92
6483,2024-03-03,Мебель,Москва,Мелкий опт,2.0,303.62,607.24,356.05,251.19
6484,2024-08-26,Офис,Самара,Потребитель,3.0,506.19,1518.57,1200.34,318.23
6485,2024-03-28,Офис,Екатеринбург,Мелкий опт,2.0,253.93,507.86,371.12,136.74
6486,2024-06-27,Дом и сад,Санкт-Петербург,Корпоратив,16.0,96.68,1546.88,998.86,548.02
6487,2024-03-29,Дом и сад,Москва,Потребитель,5.0,1333.77,6668.85,4186.69,2482.16
6488,2023-05-01,Офис,Самара,Потребитель,4.0,404.25,1617.0,1016.46,600.54
6489,2024-04-05,Мебель,Москва,Корпоратив,3.0,114.49,343.47,240.06,103.41
6490,2023-03-10,Офис,Самара,Потребитель,4.0,97.28,389.12,274.2,114.92
6491,2023-09-28,Мебель,Самара,Потребитель,4.0,73.75,295.0,181.71,113.29
6492,2024-12-24,Офис,Самара,Потребитель,6.0,101.33,607.98,474.81,133.17
6493,2024-09-05,Офис,Новосибирск,Потребитель,159.0,1367.83,217484.97,160496.67,56988.3
6494,2024-05-08,Офис,Москва,Мелкий опт,7.0,397.62,2783.34,1861.45,921.89
6495,2024-02-13,Офис,Новосибирск,Корпоратив,11.0,756.56,8322.16,5977.6,2344.56
6496,2024-04-12,Канцелярия,Екатеринбург,Потребитель,16.0,670.11,10721.76,7803.46,2918.3
6497,2023-07-26,Канцелярия,Москва,Мелкий опт,27.0,1594.25,43044.75,32397.59,10647.16
6498,2024-11-23,Техника,Москва,Потребитель,43.0,180.2,7748.6,5168.1,2580.5
6499,2023-11-03,Дом и сад,Москва,Мелкий опт,5.0,417.82,2089.1,1368.47,720.63
6500,2023-04-25,Техника,Екатеринбург,Корпоратив,5.0,289.59,1447.95,1034.53,413.42
6501,2023-06-29,Техника,Новосибирск,Потребитель,37.0,208.64,7719.68,5340.7,2378.98
6502,2024-10-28,Офис,Санкт-Петербург,Корпоратив,3.0,663.93,1991.79,1198.72,793.07
6503,2023-08-11,Дом и сад,Екатеринбург,Потребитель,4.0,290.51,1162.04,656.47,505.57
6504,2023-04-30,Офис,Москва,Мелкий опт,7.0,499.02,3493.14,2336.04,1157.1
6505,2024-08-06,Дом и сад,Москва,Корпоратив,8.0,456.18,3649.44,2392.45,1256.99
6506,2024-12-12,Техника,Самара,Потребитель,3.0,1201.96,3605.88,2513.95,1091.93
6507,2023-11-11,Дом и сад,Самара,Мелкий опт,38.0,1727.43,65642.34,37302.17,28340.17
6508,2023-02-03,Офис,Екатеринбург,Потребитель,27.0,567.86,15332.22,12262.19,3070.03
6509,2023-03-25,Дом и сад,Самара,Мелкий опт,10.0,385.04,3850.4,2301.16,1549.24
6510,2024-12-19,Офис,Екатеринбург,Потребитель,15.0,263.51,3952.65,3003.59,949.06
6511,2024-07-08,Дом и сад,Новосибирск,Потребитель,3.0,117.19,351.57,277.51,74.06
6512,2024-07-14,Техника,Екатеринбург,Корпоратив,4.0,220.16,880.64,660.84,219.8
6513,2024-03-04,Канцелярия,Самара,Потребитель,16.0,1085.89,17374.24,10389.37,6984.87
6514,2023-05-20,Дом и сад,Екатеринбург,Мелкий опт,22.0,480.84,10578.48,8352.0,2226.48
6515,2024-11-23,Техника,Новосибирск,Потребитель,8.0,262.56,2100.48,1180.8,919.68
6516,2023-03-18,Офис,Санкт-Петербург,Мелкий опт,3.0,1544.1,4632.3,3551.61,1080.69
6517,2023-12-28,Техника,Екатеринбург,Потребитель,25.0,578.91,14472.75,8263.2,6209.55
6518,2023-08-21,Дом и сад,Москва,Корпоратив,47.0,329.83,15502.01,12383.25,3118.76
6519,2024-01-05,Техника,Новосибирск,Мелкий опт,5.0,140.82,704.1,450.86,253.24
6520,2024-10-04,Дом и сад,Москва,Корпоратив,7.0,572.33,4006.31,3170.56,835.75
6521,2024-07-07,Дом и сад,Санкт-Петербург,Мелкий опт,12.0,299.95,3599.4,2778.51,820.89
6522,2024-07-16,Дом и сад,Новосибирск,Потребитель,11.0,1569.47,17264.17,11464.12,5800.05
6523,2023-01-31,Дом и сад,Екатеринбург,Потребитель,9.0,900.58,8105.22,4964.89,3140.33
6524,2023-05-11,Дом и сад,Самара,Корпоратив,21.0,568.93,11947.53,7352.4,4595.13
6525,2023-03-23,Канцелярия,Москва,Потребитель,12.0,879.39,10552.68,7256.66,3296.02
6526,2023-06-02,Канцелярия,Санкт-Петербург,Корпоратив,7.0,319.34,2235.38,1286.22,949.16
6527,2023-06-01,Мебель,Новосибирск,Потребитель,7.0,143.26,1002.82,636.4,366.42
6528,2024-01-10,Канцелярия,Новосибирск,Мелкий опт,9.0,310.87,2797.83,1693.84,1103.99
6529,2023-09-03,Офис,Москва,Потребитель,7.0,136.66,956.62,682.31,274.31
6530,2023-04-02,Техника,Москва,Корпоратив,9.0,486.7,4380.3,3454.2,926.1
6531,2023-10-06,Канцелярия,Екатеринбург,Потребитель,25.0,808.3,20207.5,12912.21,7295.29
6532,2024-07-25,Дом и сад,Москва,Потребитель,17.0,46.21,785.57,576.31,209.26
6533,2024-04-28,Офис,Москва,Потребитель,,100.5,1206.0,824.0,382.0
6534,2024-10-30,Техника,Санкт-Петербург,Потребитель,5.0,228.29,1141.45,793.4,348.05
6535,2024-05-17,Дом и сад,Санкт-Петербург,Мелкий опт,27.0,554.06,14959.62,10006.24,4953.38
6536,2023-04-27,Офис,Новосибирск,Мелкий опт,3.0,1629.74,4889.22,3273.06,1616.16
6537,2023-03-21,Офис,Москва,Корпоратив,19.0,247.25,4697.75,3112.96,1584.79
6538,2023-08-21,Дом и сад,Самара,Потребитель,46.0,480.31,22094.26,15396.27,6697.99
6539,2023-04-16,Дом и сад,Санкт-Петербург,Потребитель,14.0,188.8,2643.2,1572.85,1070.35
6540,2023-03-03,Техника,Санкт-Петербург,Потребитель,3.0,1572.4,4717.2,2705.38,2011.82
6541,2023-03-09,Мебель,Новосибирск,Потребитель,15.0,802.7,12040.5,9596.43,2444.07
6542,2024-01-23,Дом и сад,Самара,Мелкий опт,2.0,324.03,648.06,498.94,149.12
6543,2024-07-30,Дом и сад,Москва,Мелкий опт,43.0,387.97,16682.71,10705.9,5976.81
6544,2024-06-29,Дом и сад,Екатеринбург,Потребитель,33.0,1396.25,46076.25,34221.6,11854.65
6545,2024-08-06,Офис,Екатеринбург,Потребитель,13.0,354.08,4603.04,3575.63,1027.41
6546,2023-03-12,Офис,Санкт-Петербург,Корпоратив,1.0,387.61,387.61,284.82,102.79
6547,2024-01-08,Техника,Москва,Мелкий опт,1.0,193.82,193.82,108.81,85.01
6548,2024-12-21,Дом и сад,Самара,Мелкий опт,4.0,119.68,478.72,365.57,113.15
6549,2024-08-18,Дом и сад,Москва,Мелкий опт,1.0,104.19,104.19,76.45,27.74
6550,2024-06-04,Офис,Санкт-Петербург,Потребитель,4.0,221.86,887.44,642.52,244.92
6551,2023-01-03,Канцелярия,Москва,Корпоратив,3.0,2497.09,7491.27,4724.58,2766.69
6552,2023-12-11,Техника,Санкт-Петербург,Потребитель,25.0,286.19,7154.75,5699.02,1455.73
6553,2024-05-02,Офис,Новосибирск,Потребитель,4.0,662.83,2651.32,1945.47,705.85
6554,2023-02-13,Офис,Москва,Потребитель,2.0,344.01,688.02,445.96,242.06
6555,2023-09-16,Мебель,Самара,Потребитель,2.0,157.74,315.48,173.9,141.58
6556,2024-04-01,Офис,Санкт-Петербург,Корпоратив,2.0,426.19,852.38,496.69,355.69
6557,2023-04-26,Техника,Москва,Потребитель,54.0,288.54,15581.16,11886.69,3694.47
6558,2024-10-28,Офис,Москва,Потребитель,24.0,153.72,3689.28,2053.62,1635.66
6559,2024-10-07,Дом и сад,Санкт-Петербург,Потребитель,2.0,340.66,681.32,490.57,190.75
6560,2023-12-09,Канцелярия,Москва,Мелкий опт,8.0,2395.38,19163.04,14136.04,5027.0
6561,2023-03-27,Офис,Санкт-Петербург,Корпоратив,18.0,166.34,2994.12,1664.21,1329.91
6562,2024-01-21,Офис,Новосибирск,Мелкий опт,10.0,312.41,3124.1,2206.66,917.44
6563,2024-06-06,Дом и сад,Новосибирск,Мелкий опт,16.0,120.29,1924.64,1535.92,388.72
6564,2024-11-03,Офис,Новосибирск,Потребитель,13.0,259.47,3373.11,2191.54,1181.57
6565,2023-06-26,Офис,Новосибирск,Потребитель,,700.19,2800.76,1657.34,1143.42
6566,2023-02-11,Офис,Самара,Корпоратив,101.0,272.05,27477.05,17435.21,10041.84
6567,2023-03-20,Дом и сад,Новосибирск,Потребитель,4.0,85.65,342.6,262.46,80.14
6568,2024-10-22,Техника,Санкт-Петербург,Потребитель,20.0,512.53,10250.6,8003.12,2247.48
6569,2023-12-26,Мебель,Екатеринбург,Корпоратив,14.0,764.57,10703.98,7226.06,3477.92
6570,2023-10-06,Дом и сад,Екатеринбург,Потребитель,52.0,175.8,9141.6,7124.99,2016.61
6571,2023-06-01,Офис,Москва,Мелкий опт,4.0,248.93,995.72,583.07,412.65
6572,2023-09-12,Офис,Москва,Потребитель,9.0,341.45,-1.0,1963.71,1109.34
6573,2023-11-10,Дом и сад,Екатеринбург,Потребитель,,570.37,2851.85,1978.17,873.68
6574,2024-06-14,Офис,Москва,Корпоратив,13.0,238.38,3098.94,2174.83,924.11
6575,2023-06-05,Канцелярия,Новосибирск,Потребитель,4.0,384.52,1538.08,984.04,554.04
6576,2023-04-10,Офис,Новосибирск,Потребитель,2.0,323.82,647.64,443.99,203.65
6577,2024-06-18,Мебель,Москва,Потребитель,8.0,227.53,1820.24,1429.35,390.89
6578,2024-01-23,Офис,Москва,Потребитель,13.0,689.82,8967.66,5798.77,3168.89
6579,2024-04-18,Дом и сад,Самара,Потребитель,,2905.12,31956.32,23130.84,8825.48
6580,2023-11-13,Офис,Екатеринбург,Потребитель,8.0,410.84,3286.72,2006.36,1280.36
6581,2023-08-20,Офис,Самара,Потребитель,8.0,212.44,1699.52,1354.2,345.32
6582,2024-12-02,Дом и сад,Новосибирск,Корпоратив,7.0,175.54,1228.78,911.59,317.19
6583,2023-04-03,Канцелярия,Самара,Потребитель,4.0,590.91,2363.64,1674.06,689.58
6584,2024-05-03,Офис,Самара,Потребитель,1.0,148.0,148.0,105.0,43.0
6585,2024-11-15,Дом и сад,Екатеринбург,Потребитель,22.0,357.17,7857.74,5407.76,2449.98
6586,2024-03-12,Техника,Москва,Потребитель,10.0,266.0,2660.0,1643.29,1016.71
6587,2023-01-04,Дом и сад,Новосибирск,Потребитель,7.0,525.72,3680.04,2236.76,1443.28
6588,2024-09-13,Канцелярия,Самара,Корпоратив,5.0,274.13,1370.65,979.05,391.6
6589,2024-05-08,Техника,Екатеринбург,Корпоратив,1.0,369.15,369.15,270.99,98.16
6590,2023-10-29,Техника,Москва,Корпоратив,4.0,476.19,1904.76,1383.17,521.59
6591,2024-03-31,Канцелярия,Самара,Потребитель,,486.47,26269.38,14763.71,11505.67
6592,2024-07-05,Дом и сад,Екатеринбург,Мелкий опт,5.0,82.73,413.65,245.72,167.93
6593,2024-01-21,Канцелярия,Москва,Потребитель,6.0,346.48,2078.88,1402.18,676.7
6594,2023-12-16,Техника,Самара,Мелкий опт,36.0,796.31,28667.16,21863.75,6803.41
6595,2023-07-08,Офис,Екатеринбург,Потребитель,7.0,1928.88,13502.16,8293.99,5208.17
6596,2023-03-02,Дом и сад,Москва,Мелкий опт,1.0,210.4,210.4,155.73,54.67
6597,2024-03-25,Канцелярия,Новосибирск,Потребитель,7.0,118.87,832.09,619.61,212.48
6598,2024-12-20,Офис,Екатеринбург,Потребитель,12.0,233.33,2799.96,2116.95,683.01
6599,2024-01-22,Офис,Москва,Потребитель,4.0,839.98,3359.92,1898.27,1461.65
6600,2024-01-21,Офис,Москва,Корпоратив,5.0,855.66,4278.3,2626.94,1651.36
6601,2024-12-17,Канцелярия,Самара,Потребитель,5.0,1216.23,6081.15,4034.89,2046.26
6602,2024-08-08,Офис,Новосибирск,Потребитель,21.0,684.09,14365.89,10773.41,3592.48
6603,2024-12-08,Дом и сад,Екатеринбург,Мелкий опт,7.0,217.97,1525.79,1076.83,448.96
6604,2024-09-05,Техника,Москва,Потребитель,14.0,193.16,2704.24,1535.28,1168.96
6605,2024-12-17,Канцелярия,Новосибирск,Потребитель,6.0,266.1,1596.6,1050.5,546.1
6606,2023-08-24,Канцелярия,Санкт-Петербург,Потребитель,2.0,867.78,1735.56,1159.95,575.61
6607,2023-01-03,Дом и сад,Самара,Потребитель,90.0,487.63,43886.7,32978.61,10908.09
6608,2024-07-16,Дом и сад,Санкт-Петербург,Корпоратив,1.0,404.04,404.04,223.36,180.68
6609,2024-01-19,Техника,Самара,Потребитель,10.0,346.09,3460.9,1965.95,1494.95
6610,2023-07-25,Дом и сад,Санкт-Петербург,Потребитель,7.0,687.85,4814.95,3473.28,1341.67
6611,2023-05-01,Канцелярия,Москва,Потребитель,9.0,324.4,2919.6,1750.37,1169.23
6612,2024-05-24,Техника,Санкт-Петербург,Корпоратив,17.0,298.54,5075.18,3311.96,1763.22
6613,2024-08-16,Канцелярия,Самара,Потребитель,6.0,754.68,4528.08,2950.17,1577.91
6614,2024-02-08,Техника,Москва,Потребитель,37.0,922.82,34144.34,24336.01,9808.33
6615,2024-08-25,Дом и сад,Новосибирск,Потребитель,5.0,147.42,737.1,462.74,274.36
6616,2023-03-22,Дом и сад,Москва,Корпоратив,1.0,866.43,866.43,524.71,341.72
6617,2024-06-30,Дом и сад,Самара,Потребитель,4.0,198.25,793.0,522.18,270.82
6618,2024-12-07,Офис,Самара,Потребитель,3.0,512.22,1536.66,902.18,634.48
6619,2023-05-16,Офис,Самара,Корпоратив,62.0,599.93,37195.66,27664.58,9531.08
6620,2023-05-05,Канцелярия,Санкт-Петербург,Потребитель,8.0,1301.42,10411.36,7134.17,3277.19
6621,2023-08-28,Дом и сад,Москва,Потребитель,10.0,465.15,4651.5,3448.25,1203.25
6622,2024-04-17,Дом и сад,Москва,Потребитель,8.0,255.94,2047.52,1479.94,567.58
6623,2024-11-03,Офис,Екатеринбург,Потребитель,1.0,547.19,547.19,357.84,189.35
6624,2023-08-17,Офис,Москва,Корпоратив,11.0,406.83,4475.13,2977.72,1497.41
6625,2023-04-23,Техника,Самара,Мелкий опт,26.0,1644.76,42763.76,23917.57,18846.19
6626,2024-08-19,Офис,Новосибирск,Потребитель,4.0,825.14,3300.56,1828.37,1472.19
6627,2023-03-01,Канцелярия,Санкт-Петербург,Мелкий опт,9.0,227.92,2051.28,1149.31,901.97
6628,2023-01-25,Дом и сад,Новосибирск,Потребитель,5.0,774.35,3871.75,2865.72,1006.03
6629,2024-04-25,Канцелярия,Екатеринбург,Корпоратив,5.0,256.66,1283.3,980.64,302.66
6630,2024-06-06,Техника,Екатеринбург,Корпоратив,4.0,1244.85,4979.4,3696.6,1282.8
6631,2023-10-05,Офис,Москва,Потребитель,2.0,292.76,585.52,439.93,145.59
6632,2023-05-03,Канцелярия,Екатеринбург,Потребитель,2.0,193.37,386.74,242.71,144.03
6633,2024-01-02,Канцелярия,Екатеринбург,Потребитель,,682.84,2048.52,1580.78,467.74
6634,2024-05-11,Мебель,Санкт-Петербург,Корпоратив,3.0,455.93,1367.79,923.84,443.95
6635,2024-06-29,Дом и сад,Екатеринбург,Потребитель,5.0,600.01,3000.05,1703.48,1296.57
6636,2024-04-05,Мебель,Новосибирск,Потребитель,3.0,357.58,1072.74,664.06,408.68
6637,2023-08-22,Канцелярия,Москва,Потребитель,6.0,335.41,2012.46,1580.9,431.56
6638,2023-05-15,Дом и сад,Самара,Корпоратив,7.0,804.14,5628.98,3295.09,2333.89
6639,2023-07-24,Офис,Москва,Мелкий опт,,202.01,1010.05,788.72,221.33
6640,2023-02-25,Канцелярия,Москва,Потребитель,7.0,1191.09,8337.63,6022.47,2315.16
6641,2024-09-12,Офис,Екатеринбург,Корпоратив,20.0,1127.11,22542.2,13012.55,9529.65
6642,2023-07-31,Офис,Новосибирск,Потребитель,13.0,360.34,4684.42,3728.03,956.39
6643,2024-09-28,Офис,Москва,Потребитель,4.0,198.77,795.08,600.8,194.28
6644,2023-05-31,Техника,Санкт-Петербург,Потребитель,24.0,520.27,12486.48,6981.9,5504.58
6645,2023-09-06,Офис,Новосибирск,Потребитель,4.0,983.93,3935.72,2304.37,1631.35
6646,2023-09-22,Офис,Москва,Корпоратив,2.0,1065.39,2130.78,1262.69,868.09
6647,2023-04-25,Офис,Москва,Корпоратив,10.0,169.41,1694.1,1350.79,343.31
6648,2024-09-15,Техника,Новосибирск,Корпоратив,3.0,129.95,389.85,254.53,135.32
6649,2023-05-20,Канцелярия,Новосибирск,Корпоратив,0.0,276.78,0.0,0.0,0.0
6650,2024-03-05,Мебель,Екатеринбург,Корпоратив,4.0,652.46,2609.84,1540.91,1068.93
6651,2024-10-09,Дом и сад,Санкт-Петербург,Корпоратив,17.0,473.05,8041.85,5006.74,3035.11
6652,2024-10-26,Дом и сад,Москва,Потребитель,9.0,804.42,7239.78,5619.86,1619.92
6653,2023-03-01,Дом и сад,Санкт-Петербург,Корпоратив,6.0,392.7,2356.2,1432.73,923.47
6654,2023-11-04,Дом и сад,Москва,Корпоратив,18.0,262.53,4725.54,3088.22,1637.32
6655,2024-07-26,Дом и сад,Москва,Мелкий опт,11.0,99.45,1093.95,799.74,294.21
6656,2023-05-25,Офис,Москва,Корпоратив,32.0,1493.93,47805.76,33575.14,14230.62
6657,2024-12-14,Офис,Новосибирск,Мелкий опт,17.0,174.54,2967.18,1646.55,1320.63
6658,2024-06-09,Техника,Екатеринбург,Мелкий опт,8.0,445.79,3566.32,2535.54,1030.78
6659,2023-04-29,Дом и сад,Екатеринбург,Потребитель,2.0,392.68,785.36,467.7,317.66
6660,2024-06-04,Офис,Москва,Потребитель,3.0,535.35,1606.05,1016.97,589.08
6661,2024-09-11,Канцелярия,Москва,Потребитель,8.0,290.46,-1.0,1508.52,815.16
6662,2024-12-19,Канцелярия,Москва,Потребитель,6.0,286.74,1720.44,1195.69,524.75
6663,2023-10-05,Дом и сад,Екатеринбург,Потребитель,21.0,138.19,2901.99,2060.1,841.89
6664,2023-05-28,Канцелярия,Новосибирск,Потребитель,16.0,294.94,4719.04,3563.84,1155.2
6665,2023-05-26,Мебель,Москва,Корпоратив,3.0,510.8,1532.4,869.04,663.36
6666,2023-01-20,Канцелярия,Екатеринбург,Потребитель,,439.6,879.2,644.06,235.14
6667,2024-10-17,Дом и сад,Москва,Корпоратив,11.0,255.49,2810.39,1618.98,1191.41
6668,2023-07-14,Техника,Екатеринбург,Корпоратив,11.0,190.59,2096.49,1248.68,847.81
6669,2023-09-18,Техника,Екатеринбург,Потребитель,40.0,124.89,-1.0,3141.09,1854.51
6670,2024-09-18,Техника,Самара,Мелкий опт,4.0,881.05,3524.2,2244.31,1279.89
6671,2024-08-24,Канцелярия,Новосибирск,Потребитель,6.0,446.35,2678.1,1812.9,865.2
6672,2023-02-22,Офис,Санкт-Петербург,Мелкий опт,39.0,669.2,26098.8,15411.59,10687.21
6673,2023-09-14,Техника,Москва,Потребитель,7.0,331.35,2319.45,1634.57,684.88
6674,2024-04-15,Техника,Самара,Корпоратив,12.0,81.95,983.4,682.03,301.37
6675,2024-12-27,Техника,Екатеринбург,Потребитель,3.0,83.27,249.81,176.93,72.88
6676,2023-03-24,Офис,Новосибирск,Потребитель,23.0,685.16,15758.68,9260.23,6498.45
6677,2023-06-30,Дом и сад,Самара,Мелкий опт,,298.11,2682.99,2017.75,665.24
6678,2024-07-04,Канцелярия,Новосибирск,Корпоратив,24.0,1045.66,25095.84,18374.33,6721.51
6679,2023-07-22,Дом и сад,Самара,Мелкий опт,12.0,708.38,8500.56,6555.31,1945.25
6680,2024-06-10,Дом и сад,Екатеринбург,Корпоратив,4.0,476.64,1906.56,1360.1,546.46
6681,2023-05-06,Канцелярия,Санкт-Петербург,Корпоратив,19.0,818.61,15553.59,8768.21,6785.38
6682,2023-10-02,Техника,Москва,Корпоратив,26.0,546.67,14213.42,8519.6,5693.82
6683,2024-06-28,Мебель,Санкт-Петербург,Потребитель,5.0,123.62,618.1,417.76,200.34
6684,2023-08-29,Офис,Новосибирск,Корпоратив,10.0,225.38,2253.8,1707.53,546.27
6685,2023-11-14,Техника,Самара,Потребитель,16.0,2096.32,33541.12,24984.52,8556.6
6686,2023-10-25,Дом и сад,Екатеринбург,Корпоратив,7.0,800.67,5604.69,3175.24,2429.45
6687,2023-05-26,Канцелярия,Самара,Корпоратив,3.0,283.25,849.75,492.08,357.67
6688,2024-11-26,Мебель,Санкт-Петербург,Мелкий опт,1.0,389.19,389.19,243.7,145.49
6689,2024-12-28,Техника,Санкт-Петербург,Корпоратив,25.0,84.05,2101.25,1528.76,572.49
6690,2023-12-02,Техника,Санкт-Петербург,Мелкий опт,4.0,882.8,3531.2,2225.63,1305.57
6691,2023-03-31,Техника,Санкт-Петербург,Потребитель,3.0,1183.02,3549.06,2590.32,958.74
6692,2023-07-02,Техника,Екатеринбург,Потребитель,3.0,636.65,1909.95,1223.59,686.36
6693,2023-04-19,Техника,Екатеринбург,Корпоратив,2.0,50.96,101.92,63.31,38.61
6694,2023-11-11,Дом и сад,Самара,Потребитель,1.0,1306.57,1306.57,794.24,512.33
6695,2023-04-01,Дом и сад,Самара,Потребитель,5.0,286.11,1430.55,937.43,493.12
6696,2024-07-02,Канцелярия,Екатеринбург,Мелкий опт,5.0,802.26,4011.3,2870.84,1140.46
6697,2023-09-26,Дом и сад,Екатеринбург,Потребитель,1.0,215.58,215.58,165.92,49.66
6698,2023-02-10,Техника,Москва,Мелкий опт,12.0,344.02,4128.24,3279.81,848.43
6699,2024-03-03,Техника,Москва,Потребитель,2.0,1072.35,2144.7,1356.82,787.88
6700,2024-09-10,Офис,Санкт-Петербург,Потребитель,5.0,714.12,3570.6,2802.16,768.44
6701,2023-03-09,Мебель,Самара,Потребитель,2.0,384.42,768.84,580.56,188.28
6702,2024-12-23,Канцелярия,Новосибирск,Потребитель,11.0,2832.93,31162.23,19740.2,11422.03
6703,2023-04-05,Дом и сад,Москва,Корпоратив,5.0,532.61,2663.05,1790.61,872.44
6704,2024-07-14,Дом и сад,Самара,Потребитель,14.0,237.38,3323.32,2139.04,1184.28
6705,2023-05-28,Канцелярия,Новосибирск,Корпоратив,,493.71,493.71,273.72,219.99
6706,2024-01-10,Дом и сад,Санкт-Петербург,Корпоратив,21.0,1014.64,21307.44,16644.03,4663.41
6707,2024-09-01,Канцелярия,Екатеринбург,Корпоратив,8.0,226.86,1814.88,1243.24,571.64
6708,2024-12-19,Канцелярия,Самара,Потребитель,18.0,1912.96,34433.28,24745.08,9688.2
6709,2024-07-06,Дом и сад,Самара,Потребитель,5.0,432.28,2161.4,1428.41,732.99
6710,2023-12-20,Дом и сад,Екатеринбург,Корпоратив,3.0,45.64,136.92,87.73,49.19
6711,2024-01-02,Канцелярия,Санкт-Петербург,Корпоратив,19.0,557.32,10589.08,7813.91,2775.17
6712,2024-04-11,Канцелярия,Екатеринбург,Потребитель,7.0,311.12,2177.84,1674.31,503.53
6713,2024-12-12,Мебель,Москва,Потребитель,3.0,103.12,309.36,173.14,136.22
6714,2023-09-05,Дом и сад,Новосибирск,Потребитель,,1026.68,9240.12,6694.38,2545.74
6715,2024-01-02,Техника,Санкт-Петербург,Потребитель,10.0,399.79,3997.9,2213.05,1784.85
6716,2024-05-26,Дом и сад,Новосибирск,Мелкий опт,1.0,511.1,511.1,351.61,159.49
6717,2024-03-27,Техника,Новосибирск,Корпоратив,11.0,147.07,1617.77,1054.41,563.36
6718,2023-07-06,Офис,Новосибирск,Потребитель,3.0,1276.18,3828.54,2804.7,1023.84
6719,2024-12-22,Офис,Москва,Потребитель,22.0,176.36,3879.92,2485.48,1394.44
6720,2024-11-20,Офис,Самара,Потребитель,1.0,236.53,236.53,164.07,72.46
6721,2023-08-19,Техника,Санкт-Петербург,Потребитель,20.0,154.75,3095.0,2359.9,735.1
6722,2024-08-22,Дом и сад,Самара,Мелкий опт,19.0,1422.77,27032.63,15722.49,11310.14
6723,2023-11-14,Дом и сад,Новосибирск,Потребитель,9.0,241.13,2170.17,1384.48,785.69
6724,2023-05-31,Мебель,Санкт-Петербург,Корпоратив,2.0,431.74,863.48,539.78,323.7
6725,2023-04-08,Техника,Москва,Потребитель,5.0,812.86,4064.3,3136.53,927.77
6726,2024-10-10,Техника,Самара,Потребитель,1.0,173.04,173.04,123.55,49.49
6727,2023-11-04,Техника,Новосибирск,Потребитель,31.0,578.49,17933.19,13436.07,4497.12
6728,2024-12-17,Офис,Екатеринбург,Корпоратив,1.0,76.72,76.72,52.08,24.64
6729,2024-04-04,Офис,Москва,Потребитель,9.0,162.99,1466.91,1078.72,388.19
6730,2024-09-18,Техника,Санкт-Петербург,Корпоратив,3.0,450.93,1352.79,780.15,572.64
6731,2023-05-15,Техника,Самара,Корпоратив,15.0,107.65,1614.75,1102.76,511.99
6732,2023-03-31,Техника,Санкт-Петербург,Корпоратив,12.0,403.63,4843.56,3655.16,1188.4
6733,2024-12-20,Канцелярия,Новосибирск,Потребитель,43.0,734.74,31593.82,18805.45,12788.37
6734,2023-10-17,Техника,Санкт-Петербург,Потребитель,5.0,660.62,3303.1,2481.17,821.93
6735,2023-09-02,Дом и сад,Москва,Потребитель,10.0,253.39,2533.9,1587.85,946.05
6736,2023-09-30,Канцелярия,Екатеринбург,Потребитель,12.0,197.44,2369.28,1344.51,1024.77
6737,2024-09-05,Дом и сад,Санкт-Петербург,Корпоратив,5.0,810.8,4054.0,2303.23,1750.77
6738,2024-12-04,Мебель,Москва,Потребитель,17.0,427.65,7270.05,4528.77,2741.28
6739,2023-02-20,Канцелярия,Самара,Потребитель,12.0,338.95,4067.4,2746.09,1321.31
6740,2023-06-02,Дом и сад,Екатеринбург,Потребитель,14.0,382.61,5356.54,3525.69,1830.85
6741,2024-07-24,Канцелярия,Новосибирск,Корпоратив,14.0,450.42,6305.88,3940.96,2364.92
6742,2023-03-31,Офис,Санкт-Петербург,Корпоратив,6.0,594.52,3567.12,2500.97,1066.15
6743,2024-03-30,Офис,Самара,Потребитель,4.0,191.38,765.52,518.99,246.53
6744,2024-07-03,Офис,Новосибирск,Корпоратив,4.0,400.14,1600.56,1155.71,444.85
6745,2024-02-16,Техника,Новосибирск,Потребитель,32.0,461.53,14768.96,8621.99,6146.97
6746,2023-10-23,Канцелярия,Санкт-Петербург,Потребитель,5.0,220.91,1104.55,845.2,259.35
6747,2023-09-22,Офис,Самара,Потребитель,63.0,1123.93,70807.59,45294.21,25513.38
6748,2023-10-06,Техника,Новосибирск,Потребитель,10.0,269.18,2691.8,1840.8,851.0
6749,2024-03-14,Офис,Москва,Потребитель,12.0,189.7,2276.4,1722.0,554.4
6750,2023-11-04,Офис,Екатеринбург,Корпоратив,35.0,270.13,9454.55,6994.63,2459.92
6751,2023-01-10,Техника,Самара,Потребитель,10.0,65.96,659.6,397.96,261.64
6752,2023-12-24,Техника,Екатеринбург,Потребитель,8.0,1542.09,12336.72,6934.02,5402.7
6753,2024-02-29,Дом и сад,Санкт-Петербург,Корпоратив,6.0,249.16,1494.96,939.4,555.56
6754,2023-06-13,Дом и сад,Москва,Потребитель,6.0,687.61,4125.66,2969.84,1155.82
6755,2024-07-15,Офис,Новосибирск,Корпоратив,6.0,328.67,1972.02,1171.18,800.84
6756,2024-10-12,Канцелярия,Екатеринбург,Потребитель,4.0,200.06,800.24,583.85,216.39
6757,2023-11-24,Мебель,Санкт-Петербург,Корпоратив,2.0,362.84,725.68,565.78,159.9
6758,2024-07-24,Канцелярия,Москва,Потребитель,14.0,243.74,3412.36,2052.15,1360.21
6759,2023-07-30,Мебель,Самара,Корпоратив,2.0,227.94,455.88,298.94,156.94
6760,2023-11-23,Канцелярия,Екатеринбург,Потребитель,3.0,992.56,2977.68,1724.92,1252.76
6761,2024-12-23,Офис,Новосибирск,Потребитель,39.0,746.09,29097.51,22047.83,7049.68
6762,2024-04-18,Офис,Екатеринбург,Потребитель,18.0,347.04,6246.72,4002.42,2244.3
6763,2023-08-01,Канцелярия,Самара,Мелкий опт,13.0,460.84,5990.92,4498.29,1492.63
6764,2024-02-03,Дом и сад,Москва,Потребитель,3.0,326.33,978.99,580.93,398.06
6765,2024-11-05,Дом и сад,Санкт-Петербург,Корпоратив,3.0,658.37,1975.11,1455.23,519.88
6766,2023-09-01,Канцелярия,Новосибирск,Потребитель,76.0,223.21,16963.96,9795.73,7168.23
6767,2023-04-22,Канцелярия,Санкт-Петербург,Потребитель,2.0,238.64,477.28,267.01,210.27
6768,2024-02-25,Офис,Самара,Корпоратив,1.0,620.75,620.75,465.38,155.37
6769,2023-07-21,Дом и сад,Санкт-Петербург,Корпоратив,27.0,618.65,16703.55,9704.55,6999.0
6770,2023-09-09,Офис,Москва,Корпоратив,4.0,90.18,360.72,256.93,103.79
6771,2024-03-21,Офис,Москва,Корпоратив,2.0,1060.88,2121.76,1500.13,621.63
6772,2023-01-29,Офис,Самара,Корпоратив,19.0,225.11,4277.09,2976.87,1300.22
6773,2024-01-30,Техника,Новосибирск,Потребитель,12.0,460.03,5520.36,3421.98,2098.38
6774,2024-01-24,Дом и сад,Санкт-Петербург,Потребитель,7.0,140.61,984.27,651.91,332.36
6775,2023-08-03,Техника,Екатеринбург,Мелкий опт,17.0,631.24,10731.08,8082.29,2648.79
6776,2023-10-14,Дом и сад,Екатеринбург,Корпоратив,14.0,500.98,7013.72,4157.73,2855.99
6777,2024-05-10,Канцелярия,Москва,Мелкий опт,26.0,2646.96,68820.96,52033.2,16787.76
6778,2024-03-03,Техника,Санкт-Петербург,Потребитель,14.0,542.0,7588.0,4610.8,2977.2
6779,2023-01-10,Дом и сад,Москва,Корпоратив,42.0,356.51,14973.42,9402.6,5570.82
6780,2024-03-25,Техника,Самара,Корпоратив,15.0,122.31,1834.65,1429.16,405.49
6781,2023-12-22,Офис,Екатеринбург,Мелкий опт,13.0,517.23,6723.99,3818.75,2905.24
6782,2024-09-05,Канцелярия,Санкт-Петербург,Корпоратив,6.0,329.8,1978.8,1118.66,860.14
6783,2023-12-24,Канцелярия,Москва,Потребитель,4.0,2517.32,10069.28,7574.88,2494.4
6784,2023-09-24,Дом и сад,Санкт-Петербург,Корпоратив,3.0,734.65,2203.95,1760.35,443.6
6785,2023-11-15,Канцелярия,Москва,Потребитель,44.0,227.67,10017.48,6680.97,3336.51
6786,2024-08-17,Мебель,Москва,Мелкий опт,12.0,151.57,1818.84,1006.3,812.54
6787,2024-10-19,Техника,Санкт-Петербург,Потребитель,14.0,1055.26,14773.64,9026.63,5747.01
6788,2024-07-06,Дом и сад,Екатеринбург,Потребитель,14.0,154.63,2164.82,1511.06,653.76
6789,2024-11-14,Канцелярия,Екатеринбург,Корпоратив,26.0,361.21,9391.46,6933.4,2458.06
6790,2023-07-03,Дом и сад,Екатеринбург,Корпоратив,3.0,141.0,423.0,250.14,172.86
6791,2023-08-26,Мебель,Санкт-Петербург,Потребитель,11.0,367.44,4041.84,2854.34,1187.5
6792,2024-12-05,Дом и сад,Москва,Корпоратив,6.0,245.62,1473.72,996.72,477.0
6793,2024-07-29,Канцелярия,Санкт-Петербург,Мелкий опт,10.0,769.36,7693.6,4554.11,3139.49
6794,2024-05-04,Офис,Екатеринбург,Корпоратив,3.0,190.9,572.7,395.82,176.88
6795,2023-08-27,Канцелярия,Москва,Потребитель,1.0,149.98,149.98,117.64,32.34
6796,2024-03-18,Канцелярия,Санкт-Петербург,Потребитель,8.0,417.01,3336.08,2039.44,1296.64
6797,2024-09-16,Канцелярия,Екатеринбург,Мелкий опт,5.0,185.73,928.65,640.98,287.67
6798,2024-08-04,Техника,Москва,Потребитель,6.0,77.27,463.62,330.54,133.08
6799,2023-07-21,Дом и сад,Екатеринбург,Потребитель,7.0,675.8,4730.6,3061.78,1668.82
6800,2023-11-01,Мебель,Екатеринбург,Потребитель,20.0,214.02,4280.4,3025.43,1254.97
6801,2024-07-03,Канцелярия,Самара,Потребитель,14.0,186.56,2611.84,1993.29,618.55
6802,2024-08-18,Офис,Новосибирск,Мелкий опт,19.0,295.18,5608.42,4033.02,1575.4
6803,2023-11-01,Офис,Самара,Потребитель,10.0,1997.23,19972.3,14884.15,5088.15
6804,2024-05-23,Дом и сад,Самара,Корпоратив,5.0,758.2,3791.0,2510.83,1280.17
6805,2024-12-11,Дом и сад,Москва,Потребитель,14.0,1334.24,18679.36,14164.1,4515.26
6806,2024-11-06,Дом и сад,Екатеринбург,Мелкий опт,8.0,240.32,1922.56,1314.05,608.51
6807,2023-01-26,Дом и сад,Самара,Мелкий опт,8.0,668.09,5344.72,3497.62,1847.1
6808,2023-01-16,Офис,Москва,Потребитель,15.0,279.56,4193.4,3223.11,970.29
6809,2024-01-10,Дом и сад,Самара,Потребитель,9.0,225.08,2025.72,1605.68,420.04
6810,2024-04-03,Офис,Самара,Потребитель,2.0,310.63,621.26,407.48,213.78
6811,2024-02-27,Канцелярия,Санкт-Петербург,Корпоратив,15.0,476.08,7141.2,4657.42,2483.78
6812,2023-08-09,Офис,Санкт-Петербург,Потребитель,3.0,724.4,2173.2,1564.65,608.55
6813,2024-07-22,Мебель,Москва,Потребитель,5.0,288.89,1444.45,859.44,585.01
6814,2024-07-24,Техника,Санкт-Петербург,Корпоратив,8.0,664.89,5319.12,2980.21,2338.91
6815,2023-03-22,Канцелярия,Екатеринбург,Потребитель,3.0,351.22,1053.66,642.83,410.83
6816,2023-05-02,Офис,Санкт-Петербург,Корпоратив,8.0,132.63,1061.04,736.31,324.73
6817,2024-12-20,Дом и сад,Новосибирск,Потребитель,2.0,509.79,1019.58,571.8,447.78
6818,2024-05-20,Офис,Санкт-Петербург,Потребитель,4.0,372.56,1490.24,1176.46,313.78
6819,2024-09-08,Офис,Санкт-Петербург,Потребитель,33.0,138.54,4571.82,3276.07,1295.75
6820,2023-02-12,Техника,Москва,Потребитель,7.0,487.42,3411.94,2054.8,1357.14
6821,2023-10-07,Мебель,Москва,Мелкий опт,3.0,107.87,323.61,219.59,104.02
6822,2023-07-03,Техника,Санкт-Петербург,Потребитель,29.0,196.24,5690.96,4259.33,1431.63
6823,2023-09-02,Техника,Москва,Потребитель,13.0,713.75,9278.75,5374.81,3903.94
6824,2024-04-06,Дом и сад,Санкт-Петербург,Потребитель,12.0,71.22,854.64,658.33,196.31
6825,2024-02-14,Техника,Самара,Потребитель,15.0,234.76,3521.4,1979.49,1541.91
6826,2023-04-24,Дом и сад,Самара,Потребитель,33.0,415.06,13696.98,9663.5,4033.48
6827,2024-12-01,Дом и сад,Санкт-Петербург,Потребитель,42.0,347.91,14612.22,11627.76,2984.46
6828,2023-03-03,Техника,Новосибирск,Корпоратив,7.0,213.52,1494.64,1103.93,390.71
6829,2024-04-10,Офис,Самара,Потребитель,0.0,297.46,0.0,0.0,0.0
6830,2024-11-07,Дом и сад,Новосибирск,Корпоратив,15.0,95.78,1436.7,983.44,453.26
6831,2024-06-23,Дом и сад,Москва,Потребитель,16.0,451.98,7231.68,4414.1,2817.58
6832,2023-11-30,Мебель,Новосибирск,Потребитель,4.0,234.63,938.52,746.8,191.72
6833,2023-05-19,Офис,Санкт-Петербург,Потребитель,15.0,750.69,11260.35,6670.67,4589.68
6834,2023-03-02,Техника,Самара,Мелкий опт,15.0,921.65,13824.75,9719.85,4104.9
6835,2023-01-23,Дом и сад,Екатеринбург,Мелкий опт,12.0,521.37,6256.44,4314.71,1941.73
6836,2024-08-15,Мебель,Санкт-Петербург,Корпоратив,15.0,451.14,6767.1,4947.69,1819.41
6837,2023-10-27,Дом и сад,Екатеринбург,Корпоратив,12.0,460.56,5526.72,3837.83,1688.89
6838,2024-09-22,Канцелярия,Новосибирск,Потребитель,26.0,182.82,4753.32,2700.03,2053.29
6839,2024-12-30,Мебель,Новосибирск,Потребитель,9.0,347.03,3123.27,2110.88,1012.39
6840,2024-05-31,Техника,Санкт-Петербург,Мелкий опт,3.0,1351.75,4055.25,2457.09,1598.16
6841,2024-12-14,Дом и сад,Санкт-Петербург,Потребитель,8.0,354.0,2832.0,1605.68,1226.32
6842,2024-11-03,Офис,Екатеринбург,Потребитель,3.0,378.54,1135.62,823.4,312.22
6843,2023-02-04,Офис,Санкт-Петербург,Корпоратив,61.0,382.63,23340.43,15381.15,7959.28
6844,2024-03-17,Дом и сад,Самара,Корпоратив,23.0,326.11,7500.53,5010.4,2490.13
6845,2024-03-02,Офис,Новосибирск,Потребитель,25.0,213.65,5341.25,3253.1,2088.15
6846,2024-03-21,Дом и сад,Санкт-Петербург,Корпоратив,4.0,543.02,2172.08,1657.84,514.24
6847,2024-12-23,Техника,Новосибирск,Корпоратив,2.0,649.12,1298.24,1017.32,280.92
6848,2023-12-08,Офис,Москва,Потребитель,8.0,311.21,2489.68,1601.16,888.52
6849,2023-06-02,Мебель,Санкт-Петербург,Мелкий опт,8.0,112.14,897.12,533.46,363.66
6850,2023-07-15,Мебель,Новосибирск,Корпоратив,23.0,2008.89,46204.47,35593.24,10611.23
6851,2024-05-11,Дом и сад,Москва,Корпоратив,4.0,212.49,849.96,474.7,375.26
6852,2023-08-15,Техника,Санкт-Петербург,Корпоратив,10.0,607.99,6079.9,4369.67,1710.23
6853,2024-12-21,Канцелярия,Москва,Мелкий опт,20.0,423.17,8463.4,6205.6,2257.8
6854,2024-02-15,Дом и сад,Санкт-Петербург,Потребитель,64.0,217.95,13948.8,10935.06,3013.74
6855,2023-02-14,Офис,Новосибирск,Потребитель,46.0,537.05,24704.3,15405.06,9299.24
6856,2023-05-26,Дом и сад,Екатеринбург,Потребитель,2.0,341.59,683.18,412.6,270.58
6857,2024-02-09,Дом и сад,Москва,Корпоратив,10.0,449.42,4494.2,2975.97,1518.23
6858,2023-10-09,Мебель,Санкт-Петербург,Потребитель,11.0,125.18,1376.98,1086.01,290.97
6859,2023-04-22,Дом и сад,Екатеринбург,Потребитель,15.0,694.98,10424.7,6133.77,4290.93
6860,2024-01-07,Офис,Екатеринбург,Потребитель,19.0,580.67,11032.73,8548.56,2484.17
6861,2023-06-12,Офис,Москва,Потребитель,8.0,652.42,5219.36,3113.4,2105.96
6862,2024-04-07,Техника,Санкт-Петербург,Потребитель,6.0,823.16,4938.96,3464.62,1474.34
6863,2024-05-08,Мебель,Санкт-Петербург,Потребитель,21.0,826.44,17355.24,13624.61,3730.63
6864,2024-03-17,Техника,Самара,Корпоратив,11.0,710.57,7816.27,5881.54,1934.73
6865,2024-12-11,Офис,Екатеринбург,Потребитель,15.0,609.94,9149.1,5100.61,4048.49
6866,2023-11-07,Офис,Екатеринбург,Потребитель,5.0,182.08,910.4,551.38,359.02
6867,2024-06-22,Канцелярия,Новосибирск,Потребитель,7.0,2843.26,19902.82,14879.31,5023.51
6868,2023-08-01,Техника,Екатеринбург,Корпоратив,3.0,979.87,2939.61,1818.54,1121.07
6869,2023-05-11,Канцелярия,Санкт-Петербург,Мелкий опт,4.0,663.66,2654.64,1941.66,712.98
6870,2024-05-07,Канцелярия,Санкт-Петербург,Мелкий опт,14.0,364.53,5103.42,3546.9,1556.52
6871,2023-04-29,Дом и сад,Самара,Корпоратив,15.0,437.9,6568.5,3715.57,2852.93
6872,2023-12-05,Дом и сад,Санкт-Петербург,Потребитель,6.0,254.1,1524.6,1141.7,382.9
6873,2023-06-15,Техника,Самара,Корпоратив,26.0,259.74,6753.24,4079.18,2674.06
6874,2024-03-16,Дом и сад,Санкт-Петербург,Корпоратив,28.0,418.76,11725.28,7218.27,4507.01
6875,2024-05-10,Канцелярия,Самара,Корпоратив,26.0,50.74,1319.24,755.6,563.64
6876,2023-05-24,Техника,Санкт-Петербург,Мелкий опт,6.0,71.3,427.8,333.27,94.53
6877,2023-05-11,Офис,Самара,Потребитель,32.0,298.53,9552.96,6085.67,3467.29
6878,2024-06-15,Офис,Екатеринбург,Потребитель,21.0,329.48,6919.08,5438.01,1481.07
6879,2023-02-08,Канцелярия,Екатеринбург,Корпоратив,6.0,222.28,1333.68,832.87,500.81
6880,2024-04-07,Дом и сад,Екатеринбург,Потребитель,7.0,311.96,2183.72,1365.43,818.29
6881,2024-12-06,Канцелярия,Санкт-Петербург,Потребитель,7.0,327.16,2290.12,1785.87,504.25
6882,2023-08-25,Офис,Екатеринбург,Потребитель,25.0,263.6,6590.0,3932.13,2657.87
6883,2023-06-06,Дом и сад,Екатеринбург,Потребитель,4.0,195.21,780.84,558.14,222.7
6884,2023-05-03,Офис,Санкт-Петербург,Корпоратив,1.0,269.63,269.63,178.43,91.2
6885,2024-04-26,Техника,Москва,Корпоратив,3.0,805.9,2417.7,1914.78,502.92
6886,2024-06-01,Техника,Самара,Потребитель,13.0,340.2,4422.6,2719.52,1703.08
6887,2023-02-20,Канцелярия,Самара,Корпоратив,27.0,184.31,4976.37,3731.92,1244.45
6888,2023-12-12,Дом и сад,Санкт-Петербург,Корпоратив,3.0,311.7,935.1,544.49,390.61
6889,2023-09-29,Канцелярия,Екатеринбург,Корпоратив,6.0,858.05,5148.3,3633.61,1514.69
6890,2023-02-12,Офис,Новосибирск,Корпоратив,18.0,299.37,5388.66,3348.74,2039.92
6891,2023-09-02,Техника,Самара,Потребитель,6.0,472.68,2836.08,1954.06,882.02
6892,2024-10-09,Техника,Новосибирск,Мелкий опт,9.0,406.02,3654.18,2720.63,933.55
6893,2023-12-06,Офис,Москва,Потребитель,3.0,293.6,880.8,700.96,179.84
6894,2023-06-05,Офис,Новосибирск,Потребитель,2.0,328.1,656.2,366.53,289.67
6895,2023-02-07,Техника,Санкт-Петербург,Потребитель,10.0,283.55,2835.5,2009.88,825.62
6896,2023-02-18,Дом и сад,Москва,Корпоратив,15.0,748.2,11223.0,8055.87,3167.13
6897,2024-02-01,Канцелярия,Москва,Потребитель,3.0,1772.0,5316.0,3657.44,1658.56
6898,2023-09-27,Офис,Самара,Корпоратив,1.0,133.86,133.86,79.91,53.95
6899,2024-07-29,Техника,Екатеринбург,Потребитель,22.0,393.62,8659.64,5926.71,2732.93
6900,2023-04-01,Дом и сад,Самара,Корпоратив,10.0,374.51,3745.1,2791.85,953.25
6901,2023-03-13,Канцелярия,Екатеринбург,Потребитель,12.0,306.69,3680.28,2444.1,1236.18
6902,2023-10-19,Мебель,Екатеринбург,Корпоратив,19.0,263.2,5000.8,3232.37,1768.43
6903,2024-12-22,Офис,Санкт-Петербург,Потребитель,5.0,233.88,1169.4,848.73,320.67
6904,2023-07-03,Дом и сад,Екатеринбург,Корпоратив,8.0,508.07,4064.56,3118.94,945.62
6905,2024-06-14,Дом и сад,Самара,Потребитель,20.0,970.98,19419.6,13707.84,5711.76
6906,2024-05-13,Канцелярия,Екатеринбург,Потребитель,5.0,641.11,-1.0,1872.32,1333.23
6907,2023-02-05,Офис,Самара,Мелкий опт,57.0,357.3,20366.1,14676.93,5689.17
6908,2023-05-23,Офис,Самара,Мелкий опт,11.0,480.55,5286.05,4088.55,1197.5
6909,2024-05-23,Офис,Новосибирск,Потребитель,5.0,664.13,3320.65,1902.93,1417.72
6910,2023-03-02,Техника,Санкт-Петербург,Потребитель,16.0,1915.25,30644.0,20816.41,9827.59
6911,2023-07-08,Мебель,Самара,Потребитель,29.0,1663.91,48253.39,34108.25,14145.14
6912,2024-01-04,Офис,Санкт-Петербург,Корпоратив,1.0,5668.82,5668.82,3120.46,2548.36
6913,2023-07-06,Техника,Самара,Корпоратив,10.0,434.63,4346.3,3039.17,1307.13
6914,2024-04-26,Дом и сад,Москва,Корпоратив,39.0,592.52,23108.28,17210.43,5897.85
6915,2024-10-06,Дом и сад,Санкт-Петербург,Потребитель,115.0,243.77,28033.55,16593.26,11440.29
6916,2024-01-11,Техника,Новосибирск,Потребитель,7.0,647.99,4535.93,3450.17,1085.76
6917,2023-09-30,Техника,Санкт-Петербург,Мелкий опт,35.0,1057.71,37019.85,21139.05,15880.8
6918,2023-08-14,Мебель,Екатеринбург,Потребитель,49.0,144.37,7074.13,5163.86,1910.27
6919,2024-08-06,Дом и сад,Санкт-Петербург,Потребитель,3.0,216.18,648.54,421.62,226.92
6920,2024-04-08,Дом и сад,Самара,Потребитель,3.0,343.16,1029.48,740.09,289.39
6921,2023-12-11,Мебель,Москва,Мелкий опт,6.0,225.03,1350.18,1025.17,325.01
6922,2024-07-13,Офис,Самара,Корпоратив,7.0,1065.19,7456.33,5211.65,2244.68
6923,2023-11-24,Дом и сад,Москва,Потребитель,2.0,911.45,1822.9,1380.65,442.25
6924,2024-12-12,Дом и сад,Самара,Потребитель,9.0,979.94,8819.46,5466.46,3353.0
6925,2024-02-22,Мебель,Санкт-Петербург,Потребитель,7.0,500.59,3504.13,2540.68,963.45
6926,2024-08-31,Техника,Новосибирск,Корпоратив,8.0,269.33,2154.64,1711.61,443.03
6927,2024-04-08,Офис,Москва,Мелкий опт,15.0,775.2,11628.0,7841.91,3786.09
6928,2024-05-08,Офис,Самара,Потребитель,3.0,188.91,566.73,336.4,230.33
6929,2024-11-22,Канцелярия,Санкт-Петербург,Потребитель,67.0,424.38,28433.46,20723.98,7709.48
6930,2023-04-18,Дом и сад,Москва,Потребитель,,114.31,342.93,204.69,138.24
6931,2024-06-09,Дом и сад,Санкт-Петербург,Мелкий опт,17.0,405.93,6900.81,5400.28,1500.53
6932,2023-07-02,Мебель,Екатеринбург,Корпоратив,3.0,1006.13,3018.39,1701.46,1316.93
6933,2024-05-26,Канцелярия,Новосибирск,Потребитель,15.0,967.5,14512.5,11300.4,3212.1
6934,2024-05-22,Техника,Екатеринбург,Потребитель,26.0,1507.32,39190.32,25732.24,13458.08
6935,2024-08-15,Дом и сад,Москва,Мелкий опт,26.0,262.14,6815.64,4282.79,2532.85
6936,2024-03-23,Мебель,Екатеринбург,Потребитель,4.0,657.34,2629.36,2103.37,525.99
6937,2023-07-17,Дом и сад,Санкт-Петербург,Потребитель,17.0,535.94,9110.98,6288.0,2822.98
6938,2023-12-20,Дом и сад,Санкт-Петербург,Корпоратив,8.0,135.3,1082.4,801.48,280.92
6939,2024-09-28,Дом и сад,Самара,Потребитель,17.0,465.02,7905.34,5540.67,2364.67
6940,2024-11-05,Техника,Самара,Потребитель,8.0,241.21,1929.68,1404.61,525.07
6941,2024-11-15,Мебель,Самара,Потребитель,5.0,289.76,1448.8,811.49,637.31
6942,2024-08-18,Дом и сад,Екатеринбург,Корпоратив,25.0,386.89,9672.25,5713.32,3958.93
6943,2024-11-30,Канцелярия,Екатеринбург,Потребитель,13.0,1034.05,13442.65,9097.07,4345.58
6944,2023-01-29,Техника,Москва,Корпоратив,5.0,129.88,649.4,418.99,230.41
6945,2024-07-05,Офис,Санкт-Петербург,Корпоратив,4.0,270.9,1083.6,676.73,406.87
6946,2023-05-28,Канцелярия,Самара,Корпоратив,10.0,412.16,4121.6,2640.29,1481.31
6947,2023-12-26,Мебель,Москва,Потребитель,11.0,49.03,539.33,381.74,157.59
6948,2023-02-01,Дом и сад,Санкт-Петербург,Мелкий опт,6.0,362.84,2177.04,1298.01,879.03
6949,2023-01-23,Техника,Екатеринбург,Корпоратив,4.0,213.49,853.96,572.81,281.15
6950,2023-07-15,Офис,Екатеринбург,Потребитель,15.0,239.47,3592.05,2371.39,1220.66
6951,2023-05-31,Техника,Екатеринбург,Потребитель,8.0,1312.22,10497.76,6213.46,4284.3
6952,2023-04-10,Мебель,Самара,Корпоратив,3.0,190.11,570.33,334.97,235.36
6953,2024-02-15,Офис,Москва,Потребитель,10.0,85.84,858.4,479.81,378.59
6954,2023-10-02,Канцелярия,Екатеринбург,Корпоратив,13.0,448.44,5829.72,4640.95,1188.77
6955,2023-04-15,Дом и сад,Санкт-Петербург,Потребитель,13.0,141.56,1840.28,1293.62,546.66
6956,2023-11-09,Канцелярия,Москва,Корпоратив,31.0,434.66,13474.46,8310.1,5164.36
6957,2023-09-17,Дом и сад,Новосибирск,Потребитель,3.0,175.72,527.16,298.12,229.04
6958,2023-12-07,Канцелярия,Москва,Потребитель,3.0,1794.9,5384.7,3833.85,1550.85
6959,2024-12-11,Дом и сад,Новосибирск,Мелкий опт,8.0,151.26,1210.08,756.05,454.03
6960,2023-06-03,Офис,Екатеринбург,Потребитель,2.0,1460.11,2920.22,1670.37,1249.85
6961,2024-09-24,Дом и сад,Санкт-Петербург,Потребитель,3.0,1202.34,3607.02,2104.42,1502.6
6962,2023-01-21,Офис,Москва,Потребитель,13.0,408.9,5315.7,3671.14,1644.56
6963,2024-03-10,Дом и сад,Новосибирск,Потребитель,9.0,309.61,2786.49,2107.61,678.88
6964,2024-06-24,Дом и сад,Екатеринбург,Корпоратив,5.0,678.52,3392.6,2433.41,959.19
6965,2024-03-09,Канцелярия,Екатеринбург,Мелкий опт,7.0,2522.02,17654.14,13531.73,4122.41
6966,2023-08-18,Дом и сад,Самара,Корпоратив,7.0,163.49,1144.43,675.34,469.09
6967,2024-07-19,Офис,Санкт-Петербург,Потребитель,14.0,454.2,6358.8,4402.85,1955.95
6968,2024-09-30,Дом и сад,Новосибирск,Корпоратив,15.0,1007.86,15117.9,10292.91,4824.99
6969,2024-06-12,Дом и сад,Санкт-Петербург,Потребитель,11.0,332.37,3656.07,2052.04,1604.03
6970,2024-09-14,Офис,Санкт-Петербург,Корпоратив,9.0,279.64,2516.76,1455.23,1061.53
6971,2023-05-06,Дом и сад,Екатеринбург,Потребитель,27.0,304.12,8211.24,6001.19,2210.05
6972,2023-09-14,Офис,Москва,Мелкий опт,10.0,300.62,3006.2,1659.97,1346.23
6973,2023-02-08,Мебель,Екатеринбург,Корпоратив,7.0,376.76,2637.32,1817.23,820.09
6974,2023-06-12,Техника,Санкт-Петербург,Потребитель,8.0,201.38,1611.04,1220.7,390.34
6975,2024-02-08,Мебель,Санкт-Петербург,Мелкий опт,5.0,142.81,714.05,486.47,227.58
6976,2023-01-01,Канцелярия,Екатеринбург,Корпоратив,16.0,129.26,2068.16,1456.76,611.4
6977,2023-03-21,Дом и сад,Екатеринбург,Корпоратив,19.0,1297.07,24644.33,14253.42,10390.91
6978,2024-08-29,Дом и сад,Самара,Корпоратив,3.0,444.89,1334.67,763.1,571.57
6979,2023-05-19,Дом и сад,Москва,Корпоратив,8.0,741.68,5933.44,4650.58,1282.86
6980,2023-07-16,Канцелярия,Новосибирск,Потребитель,38.0,498.73,18951.74,14331.1,4620.64
6981,2023-08-15,Дом и сад,Москва,Потребитель,7.0,206.8,1447.6,958.46,489.14
6982,2023-06-03,Офис,Екатеринбург,Потребитель,1.0,398.59,398.59,264.86,133.73
6983,2024-02-11,Канцелярия,Москва,Корпоратив,18.0,290.28,5225.04,3293.85,1931.19
6984,2023-05-30,Дом и сад,Санкт-Петербург,Мелкий опт,10.0,275.54,2755.4,1962.29,793.11
6985,2024-09-20,Офис,Самара,Корпоратив,7.0,2253.99,15777.93,11093.34,4684.59
6986,2024-09-28,Дом и сад,Екатеринбург,Потребитель,9.0,589.03,5301.27,3736.26,1565.01
6987,2024-01-01,Дом и сад,Москва,Потребитель,2.0,467.83,935.66,642.1,293.56
6988,2024-11-20,Дом и сад,Самара,Потребитель,12.0,529.45,6353.4,4743.44,1609.96
6989,2023-10-30,Канцелярия,Санкт-Петербург,Потребитель,10.0,531.58,5315.8,3833.58,1482.22
6990,2023-03-21,Мебель,Самара,Потребитель,9.0,787.25,7085.25,5650.56,1434.69
6991,2023-05-23,Офис,Самара,Потребитель,44.0,184.89,8135.16,5699.7,2435.46
6992,2024-06-07,Мебель,Москва,Потребитель,7.0,80.61,564.27,395.18,169.09
6993,2024-03-26,Офис,Санкт-Петербург,Потребитель,5.0,69.38,346.9,240.22,106.68
6994,2024-12-03,Дом и сад,Новосибирск,Корпоратив,66.0,354.27,23381.82,16797.7,6584.12
6995,2023-05-19,Офис,Самара,Потребитель,12.0,826.51,9918.12,7262.01,2656.11
6996,2023-02-12,Техника,Новосибирск,Мелкий опт,1.0,185.01,185.01,131.15,53.86
6997,2023-05-17,Мебель,Новосибирск,Потребитель,6.0,228.75,1372.5,900.28,472.22
6998,2024-11-01,Техника,Санкт-Петербург,Мелкий опт,6.0,393.79,2362.74,1759.98,602.76
6999,2023-05-03,Мебель,Санкт-Петербург,Потребитель,14.0,233.45,3268.3,2271.63,996.67
7000,2024-05-19,Канцелярия,Самара,Мелкий опт,45.0,477.88,21504.6,15973.51,5531.09
7001,2023-02-26,Канцелярия,Новосибирск,Корпоратив,13.0,151.36,1967.68,1395.62,572.06
7002,2023-05-05,Техника,Москва,Потребитель,5.0,465.69,2328.45,1700.98,627.47
7003,2023-01-12,Дом и сад,Санкт-Петербург,Мелкий опт,3.0,209.13,627.39,413.73,213.66
7004,2024-08-23,Канцелярия,Санкт-Петербург,Корпоратив,10.0,387.52,3875.2,2568.14,1307.06
7005,2024-08-26,Мебель,Санкт-Петербург,Мелкий опт,27.0,108.3,2924.1,2263.71,660.39
7006,2024-12-12,Техника,Новосибирск,Мелкий опт,8.0,505.66,4045.28,2541.72,1503.56
7007,2023-10-19,Дом и сад,Екатеринбург,Потребитель,2.0,532.66,1065.32,799.55,265.77
7008,2023-04-11,Канцелярия,Новосибирск,Потребитель,7.0,600.59,4204.13,2641.6,1562.53
7009,2024-09-19,Канцелярия,Москва,Потребитель,8.0,488.71,3909.68,2251.94,1657.74
7010,2023-08-24,Дом и сад,Екатеринбург,Потребитель,9.0,289.01,2601.09,2037.43,563.66
7011,2024-01-22,Дом и сад,Новосибирск,Корпоратив,2.0,94.82,189.64,119.64,70.0
7012,2024-05-06,Канцелярия,Санкт-Петербург,Мелкий опт,2.0,5768.86,11537.72,6810.51,4727.21
7013,2023-03-25,Канцелярия,Новосибирск,Потребитель,14.0,263.24,3685.36,2155.78,1529.58
7014,2023-04-05,Техника,Санкт-Петербург,Корпоратив,8.0,236.61,1892.88,1305.38,587.5
7015,2024-11-12,Дом и сад,Самара,Потребитель,10.0,904.48,9044.8,5604.91,3439.89
7016,2024-03-07,Канцелярия,Екатеринбург,Корпоратив,7.0,1571.4,10999.8,7064.77,3935.03
7017,2023-06-30,Мебель,Самара,Мелкий опт,20.0,264.59,5291.8,4056.29,1235.51
7018,2023-02-08,Техника,Москва,Корпоратив,124.0,246.99,30626.76,21112.12,9514.64
7019,2023-10-19,Дом и сад,Санкт-Петербург,Корпоратив,14.0,217.61,3046.54,2095.76,950.78
7020,2024-03-13,Офис,Москва,Потребитель,7.0,319.11,2233.77,1469.63,764.14
7021,2024-05-25,Техника,Самара,Потребитель,7.0,124.84,873.88,680.04,193.84
7022,2023-02-24,Дом и сад,Санкт-Петербург,Потребитель,4.0,346.25,1385.0,952.9,432.1
7023,2024-09-20,Дом и сад,Санкт-Петербург,Мелкий опт,3.0,225.11,675.33,418.54,256.79
7024,2023-11-17,Дом и сад,Самара,Корпоратив,18.0,419.65,7553.7,4424.63,3129.07
7025,2024-09-10,Техника,Самара,Корпоратив,24.0,516.5,12396.0,9695.92,2700.08
7026,2024-01-14,Офис,Самара,Мелкий опт,12.0,356.82,4281.84,3417.0,864.84
7027,2023-04-03,Техника,Москва,Корпоратив,11.0,334.37,3678.07,2577.14,1100.93
7028,2024-01-07,Дом и сад,Москва,Потребитель,4.0,331.5,1326.0,750.73,575.27
7029,2024-10-18,Мебель,Москва,Потребитель,31.0,673.61,-1.0,15155.75,5726.16
7030,2023-07-28,Дом и сад,Екатеринбург,Потребитель,13.0,156.92,2039.96,1477.13,562.83
7031,2024-11-28,Канцелярия,Москва,Мелкий опт,66.0,1864.58,123062.28,97097.92,25964.36
7032,2024-07-10,Дом и сад,Новосибирск,Мелкий опт,2.0,1314.62,2629.24,1871.57,757.67
7033,2023-01-04,Офис,Екатеринбург,Потребитель,8.0,2014.94,16119.52,10563.06,5556.46
7034,2024-01-24,Техника,Новосибирск,Мелкий опт,12.0,1274.67,15296.04,11494.4,3801.64
7035,2023-05-28,Дом и сад,Санкт-Петербург,Потребитель,13.0,588.09,7645.17,5919.42,1725.75
7036,2023-04-27,Техника,Санкт-Петербург,Мелкий опт,3.0,1157.54,3472.62,2105.59,1367.03
7037,2023-11-26,Дом и сад,Самара,Мелкий опт,16.0,655.86,10493.76,6559.47,3934.29
7038,2024-11-30,Канцелярия,Москва,Потребитель,9.0,483.77,4353.93,2708.71,1645.22
7039,2024-11-10,Дом и сад,Новосибирск,Корпоратив,8.0,588.8,4710.4,2919.94,1790.46
7040,2024-02-04,Дом и сад,Санкт-Петербург,Корпоратив,2.0,222.12,444.24,276.62,167.62
7041,2024-08-03,Техника,Новосибирск,Корпоратив,23.0,340.66,7835.18,4309.91,3525.27
7042,2024-02-12,Канцелярия,Самара,Корпоратив,2.0,418.2,836.4,636.91,199.49
7043,2023-03-03,Офис,Екатеринбург,Потребитель,40.0,80.87,3234.8,2136.92,1097.88
7044,2023-03-04,Техника,Новосибирск,Корпоратив,5.0,2884.14,14420.7,9532.12,4888.58
7045,2023-05-12,Мебель,Москва,Потребитель,9.0,589.97,5309.73,3885.17,1424.56
7046,2024-06-05,Мебель,Новосибирск,Потребитель,17.0,622.38,10580.46,7984.34,2596.12
7047,2023-07-12,Дом и сад,Новосибирск,Потребитель,10.0,516.05,5160.5,3686.49,1474.01
7048,2024-06-11,Офис,Новосибирск,Мелкий опт,3.0,464.76,1394.28,1001.51,392.77
7049,2024-04-29,Мебель,Москва,Мелкий опт,13.0,232.42,3021.46,2378.47,642.99
7050,2024-04-26,Дом и сад,Екатеринбург,Корпоратив,9.0,1439.01,12951.09,10187.77,2763.32
7051,2023-02-11,Канцелярия,Новосибирск,Потребитель,6.0,315.27,1891.62,1435.85,455.77
7052,2023-09-14,Дом и сад,Санкт-Петербург,Потребитель,23.0,56.39,1296.97,803.78,493.19
7053,2024-05-10,Офис,Москва,Потребитель,16.0,684.46,10951.36,6578.03,4373.33
7054,2024-08-24,Дом и сад,Санкт-Петербург,Корпоратив,9.0,465.66,4190.94,2848.86,1342.08
7055,2024-08-31,Дом и сад,Санкт-Петербург,Потребитель,24.0,337.48,8099.52,4489.36,3610.16
7056,2023-04-29,Техника,Новосибирск,Потребитель,9.0,901.56,8114.04,5309.06,2804.98
7057,2024-07-02,Техника,Екатеринбург,Потребитель,4.0,268.73,1074.92,763.94,310.98
7058,2023-09-20,Дом и сад,Новосибирск,Потребитель,0.0,339.3,0.0,0.0,0.0
7059,2024-09-23,Офис,Москва,Потребитель,5.0,1679.23,8396.15,6557.1,1839.05
7060,2024-08-08,Техника,Новосибирск,Мелкий опт,,100.4,1807.2,1087.9,719.3
7061,2023-11-24,Дом и сад,Екатеринбург,Корпоратив,5.0,465.2,2326.0,1711.75,614.25
7062,2024-08-27,Техника,Санкт-Петербург,Корпоратив,5.0,616.13,3080.65,1998.34,1082.31
7063,2024-03-14,Канцелярия,Новосибирск,Корпоратив,12.0,212.69,2552.28,1981.72,570.56
7064,2023-12-17,Канцелярия,Санкт-Петербург,Потребитель,8.0,162.81,1302.48,999.7,302.78
7065,2023-10-26,Техника,Санкт-Петербург,Мелкий опт,1.0,1199.51,1199.51,773.79,425.72
7066,2024-03-08,Канцелярия,Москва,Корпоратив,6.0,158.37,950.22,587.76,362.46
7067,2023-11-06,Дом и сад,Новосибирск,Корпоратив,6.0,629.63,3777.78,2558.22,1219.56
7068,2024-04-02,Техника,Санкт-Петербург,Корпоратив,11.0,128.08,1408.88,1091.28,317.6
7069,2024-01-05,Мебель,Москва,Потребитель,2.0,581.86,1163.72,838.8,324.92
7070,2023-08-10,Техника,Новосибирск,Потребитель,3.0,60.14,180.42,130.61,49.81
7071,2024-07-24,Офис,Самара,Потребитель,5.0,1238.6,6193.0,4614.04,1578.96
7072,2024-06-20,Мебель,Новосибирск,Корпоратив,11.0,347.51,3822.61,2885.48,937.13
7073,2023-02-23,Техника,Екатеринбург,Потребитель,70.0,538.51,37695.7,24073.44,13622.26
7074,2024-10-08,Офис,Санкт-Петербург,Потребитель,7.0,400.27,2801.89,1683.41,1118.48
7075,2023-08-07,Офис,Екатеринбург,Потребитель,1.0,716.98,716.98,498.4,218.58
7076,2024-09-30,Офис,Санкт-Петербург,Корпоратив,14.0,730.88,10232.32,6474.55,3757.77
7077,2023-03-26,Офис,Санкт-Петербург,Потребитель,3.0,1006.88,3020.64,2220.16,800.48
7078,2024-03-30,Дом и сад,Новосибирск,Потребитель,3.0,1096.45,3289.35,2139.72,1149.63
7079,2023-03-09,Дом и сад,Москва,Мелкий опт,30.0,1189.27,35678.1,25623.13,10054.97
7080,2023-01-13,Мебель,Самара,Мелкий опт,8.0,551.5,4412.0,2808.77,1603.23
7081,2023-11-28,Офис,Самара,Потребитель,19.0,1103.79,20972.01,14189.45,6782.56
7082,2024-01-10,Офис,Новосибирск,Корпоратив,15.0,126.21,1893.15,1454.03,439.12
7083,2024-06-19,Офис,Екатеринбург,Потребитель,11.0,397.03,4367.33,3351.58,1015.75
7084,2023-08-17,Мебель,Санкт-Петербург,Потребитель,33.0,198.62,6554.46,4741.69,1812.77
7085,2024-02-06,Канцелярия,Санкт-Петербург,Корпоратив,6.0,131.21,787.26,612.84,174.42
7086,2024-04-30,Техника,Новосибирск,Мелкий опт,2.0,650.92,1301.84,778.01,523.83
7087,2023-09-17,Дом и сад,Новосибирск,Потребитель,,734.4,4406.4,3191.21,1215.19
7088,2023-04-05,Офис,Самара,Мелкий опт,12.0,637.63,7651.56,5630.43,2021.13
7089,2024-11-19,Дом и сад,Екатеринбург,Корпоратив,10.0,174.21,1742.1,1150.49,591.61
7090,2024-09-21,Канцелярия,Новосибирск,Корпоратив,25.0,215.55,5388.75,4293.55,1095.2
7091,2023-02-24,Канцелярия,Новосибирск,Потребитель,8.0,386.06,3088.48,1960.81,1127.67
7092,2024-09-24,Канцелярия,Самара,Потребитель,1.0,341.49,341.49,250.77,90.72
7093,2024-01-29,Дом и сад,Санкт-Петербург,Мелкий опт,4.0,633.79,2535.16,1471.99,1063.17
7094,2024-11-08,Мебель,Санкт-Петербург,Потребитель,16.0,411.95,6591.2,4207.95,2383.25
7095,2024-05-11,Офис,Самара,Корпоратив,35.0,409.85,14344.75,7930.89,6413.86
7096,2024-12-19,Канцелярия,Самара,Потребитель,8.0,283.35,2266.8,1353.36,913.44
7097,2024-03-18,Мебель,Москва,Корпоратив,3.0,445.01,1335.03,1006.82,328.21
7098,2023-08-20,Офис,Самара,Потребитель,14.0,582.24,8151.36,4961.72,3189.64
7099,2024-09-12,Дом и сад,Москва,Корпоратив,5.0,144.04,720.2,450.33,269.87
7100,2023-04-25,Офис,Самара,Потребитель,3.0,169.88,509.64,282.42,227.22
7101,2023-01-16,Дом и сад,Новосибирск,Потребитель,12.0,357.97,4295.64,2447.65,1847.99
7102,2024-05-24,Дом и сад,Екатеринбург,Потребитель,12.0,638.49,7661.88,5599.62,2062.26
7103,2024-08-19,Офис,Санкт-Петербург,Корпоратив,11.0,819.43,9013.73,4967.57,4046.16
7104,2024-03-05,Офис,Екатеринбург,Корпоратив,8.0,354.36,2834.88,1940.88,894.0
7105,2024-11-27,Дом и сад,Санкт-Петербург,Потребитель,10.0,279.19,2791.9,1807.34,984.56
7106,2023-04-29,Дом и сад,Санкт-Петербург,Потребитель,18.0,909.02,16362.36,12738.14,3624.22
7107,2023-11-30,Мебель,Санкт-Петербург,Потребитель,15.0,233.49,3502.35,2233.37,1268.98
7108,2024-09-28,Мебель,Новосибирск,Корпоратив,75.0,1306.19,97964.25,57370.12,40594.13
7109,2023-06-19,Офис,Санкт-Петербург,Корпоратив,4.0,461.49,1845.96,1063.69,782.27
7110,2024-01-12,Канцелярия,Новосибирск,Мелкий опт,3.0,139.13,417.39,251.68,165.71
7111,2024-11-02,Дом и сад,Новосибирск,Корпоратив,8.0,830.17,6641.36,5220.84,1420.52
7112,2023-01-10,Техника,Екатеринбург,Корпоратив,12.0,704.47,8453.64,5923.73,2529.91
7113,2023-08-28,Техника,Самара,Мелкий опт,14.0,1484.29,20780.06,13785.16,6994.9
7114,2024-05-28,Дом и сад,Новосибирск,Потребитель,3.0,358.8,1076.4,687.11,389.29
7115,2024-10-02,Офис,Самара,Корпоратив,24.0,167.21,4013.04,2490.84,1522.2
7116,2023-09-29,Канцелярия,Москва,Потребитель,56.0,658.37,36868.72,25806.01,11062.71
7117,2024-07-17,Дом и сад,Новосибирск,Корпоратив,11.0,471.03,5181.33,3060.22,2121.11
7118,2024-03-01,Офис,Самара,Потребитель,8.0,100.11,800.88,447.07,353.81
7119,2023-09-29,Канцелярия,Москва,Потребитель,4.0,1010.39,4041.56,2517.29,1524.27
7120,2024-02-23,Дом и сад,Новосибирск,Потребитель,4.0,90.43,361.72,287.41,74.31
7121,2024-10-05,Техника,Москва,Мелкий опт,5.0,169.45,847.25,593.92,253.33
7122,2023-06-18,Дом и сад,Москва,Корпоратив,15.0,319.55,4793.25,2690.9,2102.35
7123,2024-01-02,Дом и сад,Самара,Потребитель,5.0,409.83,2049.15,1288.06,761.09
7124,2023-09-24,Мебель,Новосибирск,Корпоратив,6.0,198.45,1190.7,708.63,482.07
7125,2024-12-03,Дом и сад,Санкт-Петербург,Мелкий опт,9.0,137.21,1234.89,754.22,480.67
7126,2024-04-11,Дом и сад,Екатеринбург,Корпоратив,68.0,924.76,62883.68,50031.43,12852.25
7127,2023-08-06,Техника,Екатеринбург,Мелкий опт,61.0,49.1,2995.1,1874.57,1120.53
7128,2023-12-22,Техника,Самара,Потребитель,2.0,1254.56,2509.12,1707.75,801.37
7129,2024-07-18,Техника,Москва,Мелкий опт,7.0,505.5,3538.5,2570.84,967.66
7130,2023-01-12,Дом и сад,Новосибирск,Мелкий опт,10.0,388.63,3886.3,2932.03,954.27
7131,2024-01-15,Канцелярия,Новосибирск,Мелкий опт,21.0,124.96,2624.16,1732.71,891.45
7132,2024-12-15,Техника,Москва,Потребитель,1.0,409.15,409.15,319.48,89.67
7133,2023-07-03,Канцелярия,Самара,Мелкий опт,5.0,1134.94,5674.7,4257.04,1417.66
7134,2024-12-19,Техника,Самара,Потребитель,13.0,248.41,3229.33,2582.53,646.8
7135,2024-12-11,Дом и сад,Новосибирск,Корпоратив,8.0,74.22,593.76,329.75,264.01
7136,2024-06-13,Офис,Новосибирск,Потребитель,5.0,53.19,265.95,199.09,66.86
7137,2023-03-30,Офис,Новосибирск,Мелкий опт,15.0,420.11,6301.65,4862.01,1439.64
7138,2024-12-24,Мебель,Санкт-Петербург,Корпоратив,2.0,298.88,597.76,358.09,239.67
7139,2024-03-25,Дом и сад,Новосибирск,Потребитель,31.0,672.76,20855.56,12430.37,8425.19
7140,2023-11-11,Мебель,Новосибирск,Корпоратив,4.0,63.16,252.64,158.7,93.94
7141,2023-07-05,Дом и сад,Санкт-Петербург,Корпоратив,9.0,793.17,7138.53,5090.71,2047.82
7142,2023-11-20,Дом и сад,Москва,Потребитель,5.0,188.95,944.75,551.54,393.21
7143,2024-04-15,Техника,Санкт-Петербург,Потребитель,8.0,198.85,1590.8,1250.85,339.95
7144,2024-01-23,Канцелярия,Москва,Корпоратив,21.0,197.61,4149.81,2923.29,1226.52
7145,2023-12-26,Канцелярия,Самара,Потребитель,14.0,306.01,4284.14,2809.45,1474.69
7146,2024-12-11,Офис,Санкт-Петербург,Корпоратив,17.0,170.95,2906.15,2167.71,738.44
7147,2024-07-25,Канцелярия,Новосибирск,Потребитель,3.0,658.83,1976.49,1328.33,648.16
7148,2024-09-21,Офис,Екатеринбург,Потребитель,19.0,126.39,2401.41,1823.28,578.13
7149,2024-09-18,Дом и сад,Новосибирск,Потребитель,3.0,735.99,2207.97,1705.18,502.79
7150,2024-04-10,Техника,Санкт-Петербург,Потребитель,2.0,2649.05,5298.1,3243.87,2054.23
7151,2023-02-06,Мебель,Санкт-Петербург,Потребитель,5.0,1176.54,5882.7,4338.64,1544.06
7152,2023-06-30,Техника,Москва,Потребитель,25.0,404.35,10108.75,7967.29,2141.46
7153,2024-06-04,Канцелярия,Самара,Потребитель,7.0,399.38,2795.66,1602.31,1193.35
7154,2023-11-25,Канцелярия,Санкт-Петербург,Корпоратив,2.0,498.5,997.0,748.59,248.41
7155,2024-12-19,Дом и сад,Екатеринбург,Мелкий опт,16.0,597.83,9565.28,6414.02,3151.26
7156,2024-04-18,Техника,Екатеринбург,Корпоратив,3.0,593.3,1779.9,1415.22,364.68
7157,2023-01-26,Мебель,Москва,Корпоратив,4.0,1538.47,6153.88,3732.28,2421.6
7158,2024-08-13,Офис,Екатеринбург,Корпоратив,6.0,266.95,1601.7,974.36,627.34
7159,2024-07-27,Дом и сад,Санкт-Петербург,Потребитель,8.0,419.47,3355.76,2312.98,1042.78
7160,2023-06-03,Офис,Новосибирск,Потребитель,8.0,943.68,7549.44,5167.45,2381.99
7161,2023-11-17,Канцелярия,Санкт-Петербург,Потребитель,12.0,146.22,1754.64,1345.5,409.14
7162,2023-01-12,Дом и сад,Москва,Мелкий опт,1.0,667.9,667.9,468.7,199.2
7163,2023-09-16,Канцелярия,Новосибирск,Потребитель,9.0,948.33,8534.97,5413.28,3121.69
7164,2023-02-27,Техника,Новосибирск,Корпоратив,5.0,208.43,1042.15,708.04,334.11
7165,2023-01-21,Офис,Санкт-Петербург,Потребитель,11.0,198.36,2181.96,1541.22,640.74
7166,2024-07-12,Дом и сад,Новосибирск,Потребитель,,90.5,1176.5,899.05,277.45
7167,2023-03-08,Офис,Новосибирск,Корпоратив,11.0,278.13,3059.43,2418.93,640.5
7168,2023-08-16,Канцелярия,Москва,Потребитель,42.0,133.65,5613.3,3806.72,1806.58
7169,2023-01-02,Техника,Новосибирск,Потребитель,3.0,966.52,-1.0,2265.8,633.76
7170,2024-01-05,Офис,Екатеринбург,Корпоратив,34.0,307.65,10460.1,6691.42,3768.68
7171,2024-11-02,Мебель,Санкт-Петербург,Мелкий опт,3.0,218.62,655.86,489.39,166.47
7172,2023-04-13,Дом и сад,Новосибирск,Потребитель,15.0,995.29,14929.35,8879.95,6049.4
7173,2023-11-12,Офис,Екатеринбург,Потребитель,7.0,273.01,1911.07,1443.25,467.82
7174,2024-07-06,Дом и сад,Новосибирск,Потребитель,11.0,259.04,2849.44,1574.34,1275.1
7175,2023-03-23,Техника,Самара,Мелкий опт,14.0,335.13,4691.82,2948.72,1743.1
7176,2023-11-22,Мебель,Москва,Потребитель,25.0,177.01,4425.25,3261.42,1163.83
7177,2024-05-14,Офис,Екатеринбург,Потребитель,,442.12,6189.68,4028.64,2161.04
7178,2023-08-01,Техника,Санкт-Петербург,Корпоратив,2.0,463.04,926.08,670.76,255.32
7179,2024-02-14,Канцелярия,Новосибирск,Потребитель,2.0,182.75,365.5,270.24,95.26
7180,2024-10-25,Мебель,Новосибирск,Корпоратив,48.0,623.5,29928.0,22475.43,7452.57
7181,2024-07-10,Техника,Новосибирск,Потребитель,4.0,317.97,1271.88,868.15,403.73
7182,2023-12-23,Мебель,Екатеринбург,Потребитель,10.0,149.54,1495.4,839.89,655.51
7183,2023-10-04,Канцелярия,Екатеринбург,Потребитель,18.0,481.3,8663.4,5673.41,2989.99
7184,2024-01-20,Техника,Самара,Корпоратив,11.0,320.44,3524.84,2785.83,739.01
7185,2024-12-20,Дом и сад,Самара,Корпоратив,2.0,453.38,906.76,640.58,266.18
7186,2023-01-07,Дом и сад,Екатеринбург,Мелкий опт,10.0,318.95,3189.5,2052.95,1136.55
7187,2023-11-27,Дом и сад,Москва,Потребитель,99.0,232.89,23056.11,17561.82,5494.29
7188,2023-05-20,Офис,Санкт-Петербург,Потребитель,38.0,65.77,2499.26,1553.62,945.64
7189,2023-12-03,Канцелярия,Новосибирск,Потребитель,8.0,249.94,1999.52,1294.86,704.66
7190,2024-08-06,Техника,Новосибирск,Потребитель,4.0,471.13,1884.52,1107.7,776.82
7191,2023-10-29,Офис,Екатеринбург,Корпоратив,9.0,310.16,2791.44,1799.12,992.32
7192,2023-11-23,Канцелярия,Екатеринбург,Мелкий опт,10.0,491.63,4916.3,3556.65,1359.65
7193,2024-04-12,Мебель,Москва,Корпоратив,72.0,93.15,6706.8,4465.37,2241.43
7194,2024-05-08,Техника,Самара,Потребитель,3.0,422.64,1267.92,739.19,528.73
7195,2024-07-25,Офис,Москва,Корпоратив,6.0,323.26,1939.56,1142.26,797.3
7196,2024-06-27,Мебель,Новосибирск,Потребитель,6.0,435.39,2612.34,1582.04,1030.3
7197,2024-11-06,Дом и сад,Санкт-Петербург,Корпоратив,16.0,231.48,3703.68,2571.2,1132.48
7198,2023-10-09,Канцелярия,Самара,Потребитель,3.0,521.07,1563.21,909.45,653.76
7199,2023-09-19,Канцелярия,Екатеринбург,Потребитель,6.0,277.5,1665.0,1293.48,371.52
7200,2024-08-30,Канцелярия,Санкт-Петербург,Потребитель,4.0,182.6,730.4,516.74,213.66
7201,2023-04-05,Техника,Новосибирск,Потребитель,5.0,340.96,1704.8,1003.04,701.76
7202,2023-04-04,Офис,Самара,Корпоратив,30.0,885.1,26553.0,20872.65,5680.35
7203,2024-09-07,Дом и сад,Самара,Корпоратив,3.0,753.5,2260.5,1498.72,761.78
7204,2023-08-01,Офис,Москва,Корпоратив,9.0,346.26,3116.34,2022.19,1094.15
7205,2024-09-18,Канцелярия,Самара,Потребитель,2.0,429.55,859.1,664.66,194.44
7206,2024-04-25,Канцелярия,Москва,Корпоратив,13.0,629.02,8177.26,5724.26,2453.0
7207,2024-10-27,Техника,Новосибирск,Потребитель,13.0,667.39,8676.07,5871.72,2804.35
7208,2024-09-11,Канцелярия,Самара,Корпоратив,17.0,457.35,7774.95,5065.32,2709.63
7209,2024-04-17,Техника,Новосибирск,Корпоратив,27.0,223.45,6033.15,3672.64,2360.51
7210,2024-01-22,Техника,Екатеринбург,Корпоратив,4.0,1810.67,7242.68,5290.75,1951.93
7211,2023-07-09,Дом и сад,Москва,Потребитель,12.0,1853.65,22243.8,16957.0,5286.8
7212,2023-02-09,Дом и сад,Москва,Потребитель,13.0,81.58,1060.54,597.66,462.88
7213,2023-07-16,Дом и сад,Москва,Мелкий опт,26.0,658.55,17122.3,10737.74,6384.56
7214,2024-07-31,Канцелярия,Санкт-Петербург,Потребитель,7.0,206.53,1445.71,1150.41,295.3
7215,2023-12-31,Мебель,Санкт-Петербург,Потребитель,13.0,518.48,6740.24,4166.88,2573.36
7216,2023-08-17,Дом и сад,Новосибирск,Корпоратив,28.0,707.33,19805.24,13166.58,6638.66
7217,2024-03-29,Канцелярия,Москва,Потребитель,2.0,250.26,500.52,336.79,163.73
7218,2023-08-29,Офис,Екатеринбург,Потребитель,32.0,311.23,9959.36,6249.63,3709.73
7219,2024-05-11,Офис,Москва,Корпоратив,22.0,402.63,8857.86,6764.05,2093.81
7220,2024-02-02,Дом и сад,Москва,Мелкий опт,17.0,208.11,3537.87,2648.31,889.56
7221,2023-02-06,Мебель,Новосибирск,Мелкий опт,3.0,438.48,1315.44,960.47,354.97
7222,2024-06-15,Канцелярия,Новосибирск,Потребитель,14.0,217.77,-1.0,2257.14,791.64
7223,2023-04-12,Дом и сад,Новосибирск,Потребитель,9.0,628.37,5655.33,3826.63,1828.7
7224,2024-05-13,Офис,Самара,Мелкий опт,7.0,369.88,2589.16,1486.98,1102.18
7225,2023-06-20,Канцелярия,Екатеринбург,Корпоратив,3.0,256.4,769.2,601.96,167.24
7226,2023-06-23,Дом и сад,Самара,Корпоратив,13.0,391.47,5089.11,3470.68,1618.43
7227,2023-03-11,Офис,Новосибирск,Потребитель,19.0,86.36,1640.84,1251.92,388.92
7228,2024-06-12,Канцелярия,Санкт-Петербург,Потребитель,29.0,186.65,5412.85,4120.09,1292.76
7229,2024-10-15,Дом и сад,Екатеринбург,Потребитель,29.0,830.36,24080.44,15965.65,8114.79
7230,2024-08-15,Техника,Новосибирск,Потребитель,3.0,2778.94,8336.82,5590.72,2746.1
7231,2023-08-09,Канцелярия,Санкт-Петербург,Потребитель,4.0,1091.1,4364.4,2434.18,1930.22
7232,2023-08-04,Дом и сад,Москва,Потребитель,7.0,149.88,1049.16,626.16,423.0
7233,2024-12-22,Дом и сад,Москва,Потребитель,2.0,90.15,180.3,134.57,45.73
7234,2024-08-11,Канцелярия,Самара,Корпоратив,20.0,145.16,2903.2,2199.13,704.07
7235,2023-10-15,Техника,Москва,Мелкий опт,6.0,318.91,1913.46,1133.11,780.35
7236,2024-06-18,Канцелярия,Санкт-Петербург,Потребитель,4.0,459.69,1838.76,1034.22,804.54
7237,2023-01-27,Офис,Новосибирск,Корпоратив,2.0,716.97,1433.94,1019.63,414.31
7238,2023-10-03,Офис,Новосибирск,Потребитель,10.0,533.65,5336.5,3749.83,1586.67
7239,2024-02-03,Мебель,Новосибирск,Потребитель,14.0,1177.28,16481.92,10322.67,6159.25
7240,2023-03-18,Техника,Москва,Потребитель,9.0,259.91,2339.19,1802.97,536.22
7241,2023-09-07,Офис,Самара,Потребитель,4.0,107.71,430.84,250.11,180.73
7242,2023-08-30,Канцелярия,Новосибирск,Потребитель,14.0,203.09,2843.26,2227.87,615.39
7243,2024-01-12,Дом и сад,Москва,Потребитель,,478.87,3352.09,2628.71,723.38
7244,2024-07-21,Канцелярия,Новосибирск,Мелкий опт,1.0,191.82,191.82,150.93,40.89
7245,2024-01-26,Дом и сад,Самара,Мелкий опт,27.0,769.7,20781.9,13867.77,6914.13
7246,2023-10-18,Дом и сад,Екатеринбург,Потребитель,9.0,611.52,5503.68,4243.66,1260.02
7247,2023-07-15,Мебель,Санкт-Петербург,Потребитель,14.0,254.59,3564.26,2097.89,1466.37
7248,2024-07-31,Мебель,Самара,Мелкий опт,14.0,186.9,2616.6,1739.05,877.55
7249,2023-06-10,Дом и сад,Москва,Корпоратив,12.0,202.71,2432.52,1576.41,856.11
7250,2023-08-25,Мебель,Екатеринбург,Потребитель,3.0,623.46,1870.38,1171.59,698.79
7251,2023-07-28,Дом и сад,Самара,Потребитель,8.0,564.66,4517.28,2504.78,2012.5
7252,2024-05-22,Офис,Новосибирск,Потребитель,3.0,118.66,355.98,273.87,82.11
7253,2023-01-18,Канцелярия,Новосибирск,Корпоратив,9.0,497.69,4479.21,3045.53,1433.68
7254,2024-04-11,Техника,Самара,Потребитель,34.0,834.26,28364.84,15920.82,12444.02
7255,2023-12-07,Канцелярия,Москва,Потребитель,2.0,104.3,208.6,138.59,70.01
7256,2023-07-30,Канцелярия,Санкт-Петербург,Мелкий опт,3.0,824.4,2473.2,1884.75,588.45
7257,2023-10-02,Дом и сад,Москва,Корпоратив,5.0,477.14,2385.7,1527.57,858.13
7258,2024-08-04,Офис,Москва,Корпоратив,17.0,663.2,11274.4,8511.75,2762.65
7259,2023-10-13,Дом и сад,Самара,Потребитель,5.0,542.2,2711.0,1910.7,800.3
7260,2024-08-29,Офис,Санкт-Петербург,Потребитель,14.0,145.18,2032.52,1559.82,472.7
7261,2024-01-03,Мебель,Екатеринбург,Потребитель,32.0,436.77,13976.64,9409.57,4567.07
7262,2023-07-10,Офис,Самара,Потребитель,44.0,694.48,30557.12,19526.92,11030.2
7263,2024-09-02,Офис,Новосибирск,Потребитель,12.0,126.63,1519.56,1066.77,452.79
7264,2023-08-25,Канцелярия,Санкт-Петербург,Мелкий опт,33.0,447.32,14761.56,8578.96,6182.6
7265,2024-03-10,Офис,Самара,Потребитель,7.0,408.14,2856.98,1779.64,1077.34
7266,2024-10-04,Дом и сад,Самара,Мелкий опт,36.0,350.62,12622.32,9409.48,3212.84
7267,2024-03-13,Офис,Екатеринбург,Потребитель,6.0,244.48,1466.88,1111.5,355.38
7268,2024-01-17,Канцелярия,Новосибирск,Мелкий опт,32.0,165.22,5287.04,3364.68,1922.36
7269,2024-04-26,Офис,Новосибирск,Потребитель,6.0,416.24,2497.44,1759.33,738.11
7270,2023-07-10,Дом и сад,Екатеринбург,Корпоратив,9.0,997.49,8977.41,6706.42,2270.99
7271,2024-01-05,Техника,Самара,Корпоратив,6.0,1170.09,7020.54,5434.58,1585.96
7272,2023-08-03,Дом и сад,Самара,Корпоратив,23.0,313.64,7213.72,5007.79,2205.93
7273,2024-09-18,Техника,Санкт-Петербург,Корпоратив,8.0,62.46,499.68,318.82,180.86
7274,2023-09-04,Дом и сад,Екатеринбург,Мелкий опт,2.0,171.69,343.38,190.57,152.81
7275,2023-03-21,Техника,Самара,Мелкий опт,27.0,725.24,19581.48,11669.01,7912.47
7276,2023-09-20,Дом и сад,Новосибирск,Потребитель,7.0,216.49,-1.0,1041.49,473.94
7277,2023-04-01,Офис,Самара,Потребитель,8.0,426.68,3413.44,2124.72,1288.72
7278,2024-04-29,Офис,Екатеринбург,Потребитель,7.0,337.02,2359.14,1675.76,683.38
7279,2024-02-07,Мебель,Самара,Корпоратив,6.0,75.75,454.5,335.49,119.01
7280,2023-12-07,Офис,Новосибирск,Корпоратив,4.0,467.0,1868.0,1275.77,592.23
7281,2024-12-25,Дом и сад,Москва,Корпоратив,11.0,145.96,1605.56,1124.6,480.96
7282,2024-06-09,Канцелярия,Екатеринбург,Потребитель,4.0,687.42,2749.68,2129.93,619.75
7283,2023-01-08,Мебель,Екатеринбург,Потребитель,6.0,160.14,960.84,762.97,197.87
7284,2024-02-03,Офис,Самара,Потребитель,2.0,284.47,568.94,405.46,163.48
7285,2023-10-18,Канцелярия,Екатеринбург,Корпоратив,7.0,747.02,5229.14,3366.74,1862.4
7286,2024-05-06,Офис,Самара,Потребитель,12.0,307.48,3689.76,2859.69,830.07
7287,2023-10-09,Офис,Новосибирск,Корпоратив,9.0,185.11,1665.99,1111.62,554.37
7288,2024-02-03,Канцелярия,Самара,Потребитель,34.0,141.33,4805.22,3125.95,1679.27
7289,2023-11-03,Мебель,Екатеринбург,Потребитель,3.0,430.21,1290.63,895.9,394.73
7290,2024-11-16,Офис,Санкт-Петербург,Мелкий опт,3.0,553.48,1660.44,1239.07,421.37
7291,2023-09-14,Дом и сад,Екатеринбург,Потребитель,2.0,775.3,1550.6,907.17,643.43
7292,2024-07-04,Техника,Санкт-Петербург,Потребитель,10.0,1654.87,16548.7,12507.12,4041.58
7293,2023-03-21,Офис,Новосибирск,Корпоратив,19.0,407.64,7745.16,4633.16,3112.0
7294,2023-04-01,Техника,Самара,Потребитель,7.0,677.26,4740.82,2776.92,1963.9
7295,2024-11-29,Канцелярия,Самара,Корпоратив,9.0,677.43,6096.87,4318.14,1778.73
7296,2023-01-03,Офис,Самара,Мелкий опт,6.0,121.55,729.3,436.99,292.31
7297,2023-03-11,Канцелярия,Санкт-Петербург,Корпоратив,22.0,211.64,4656.08,3613.93,1042.15
7298,2024-01-12,Канцелярия,Санкт-Петербург,Потребитель,4.0,287.34,1149.36,872.37,276.99
7299,2023-05-31,Канцелярия,Екатеринбург,Потребитель,12.0,376.75,4521.0,3114.62,1406.38
7300,2023-07-25,Дом и сад,Москва,Потребитель,14.0,105.59,1478.26,938.82,539.44
7301,2023-12-31,Техника,Санкт-Петербург,Корпоратив,6.0,192.24,1153.44,862.07,291.37
7302,2023-11-29,Канцелярия,Екатеринбург,Корпоратив,6.0,890.25,5341.5,3963.6,1377.9
7303,2023-06-20,Офис,Самара,Потребитель,13.0,815.55,10602.15,8091.81,2510.34
7304,2023-01-14,Канцелярия,Санкт-Петербург,Потребитель,0.0,65.15,0.0,0.0,0.0
7305,2023-01-07,Офис,Екатеринбург,Потребитель,11.0,609.54,6704.94,4569.65,2135.29
7306,2024-03-06,Канцелярия,Самара,Потребитель,9.0,191.64,1724.76,1330.57,394.19
7307,2023-07-03,Канцелярия,Новосибирск,Мелкий опт,19.0,170.63,3241.97,1896.67,1345.3
7308,2024-03-23,Дом и сад,Екатеринбург,Корпоратив,19.0,1076.77,20458.63,14398.58,6060.05
7309,2023-08-05,Мебель,Екатеринбург,Потребитель,0.0,1590.06,0.0,0.0,0.0
7310,2023-06-10,Мебель,Санкт-Петербург,Потребитель,6.0,358.62,2151.72,1539.19,612.53
7311,2024-07-19,Офис,Санкт-Петербург,Потребитель,3.0,312.2,936.6,569.84,366.76
7312,2024-06-08,Дом и сад,Санкт-Петербург,Корпоратив,6.0,161.16,966.96,534.72,432.24
7313,2023-09-28,Техника,Новосибирск,Корпоратив,3.0,342.63,1027.89,796.75,231.14
7314,2023-01-21,Дом и сад,Екатеринбург,Потребитель,7.0,2595.69,18169.83,12563.95,5605.88
7315,2024-04-16,Офис,Москва,Потребитель,6.0,127.14,762.84,516.82,246.02
7316,2024-09-05,Офис,Москва,Мелкий опт,13.0,125.8,1635.4,1203.42,431.98
7317,2023-04-26,Офис,Новосибирск,Потребитель,14.0,218.31,3056.34,2005.18,1051.16
7318,2024-04-18,Мебель,Москва,Потребитель,25.0,1258.32,31458.0,20281.28,11176.72
7319,2024-07-18,Дом и сад,Москва,Потребитель,25.0,171.35,4283.75,3194.13,1089.62
7320,2024-01-01,Дом и сад,Самара,Мелкий опт,15.0,317.06,4755.9,3591.98,1163.92
7321,2023-05-16,Техника,Самара,Потребитель,2.0,1114.06,2228.12,1346.56,881.56
7322,2023-10-31,Дом и сад,Самара,Мелкий опт,15.0,173.68,2605.2,1906.1,699.1
7323,2024-03-25,Канцелярия,Санкт-Петербург,Корпоратив,10.0,148.55,1485.5,1147.76,337.74
7324,2024-12-31,Техника,Екатеринбург,Потребитель,2.0,478.97,957.94,714.85,243.09
7325,2024-05-02,Мебель,Москва,Корпоратив,3.0,294.74,884.22,648.0,236.22
7326,2023-10-23,Офис,Санкт-Петербург,Мелкий опт,15.0,271.49,4072.35,2794.29,1278.06
7327,2023-03-25,Канцелярия,Самара,Потребитель,9.0,573.77,5163.93,3796.81,1367.12
7328,2024-03-03,Мебель,Москва,Потребитель,2.0,1154.39,2308.78,1633.19,675.59
7329,2023-06-06,Канцелярия,Москва,Потребитель,29.0,321.71,9329.59,6741.03,2588.56
7330,2023-10-30,Техника,Санкт-Петербург,Потребитель,4.0,284.11,1136.44,745.31,391.13
7331,2023-10-27,Техника,Новосибирск,Потребитель,6.0,188.97,1133.82,834.28,299.54
7332,2023-08-22,Дом и сад,Екатеринбург,Корпоратив,49.0,425.81,20864.69,16212.65,4652.04
7333,2024-01-21,Канцелярия,Санкт-Петербург,Потребитель,8.0,581.17,4649.36,3643.82,1005.54
7334,2024-07-09,Дом и сад,Санкт-Петербург,Мелкий опт,1.0,615.71,615.71,429.27,186.44
7335,2024-06-27,Дом и сад,Самара,Мелкий опт,10.0,376.21,3762.1,2630.69,1131.41
7336,2023-02-24,Офис,Новосибирск,Потребитель,6.0,228.73,1372.38,975.02,397.36
7337,2024-09-01,Дом и сад,Екатеринбург,Потребитель,5.0,405.99,2029.95,1143.0,886.95
7338,2024-12-16,Мебель,Санкт-Петербург,Корпоратив,1.0,290.58,290.58,185.7,104.88
7339,2024-04-14,Мебель,Москва,Корпоратив,10.0,520.54,5205.4,3537.4,1668.0
7340,2024-05-31,Офис,Москва,Потребитель,2.0,337.1,674.2,431.85,242.35
7341,2024-03-05,Мебель,Москва,Корпоратив,17.0,498.63,8476.71,4705.37,3771.34
7342,2023-06-25,Дом и сад,Самара,Потребитель,4.0,569.46,2277.84,1620.38,657.46
7343,2024-09-22,Техника,Екатеринбург,Мелкий опт,17.0,339.11,5764.87,4150.39,1614.48
7344,2023-01-01,Дом и сад,Новосибирск,Потребитель,7.0,572.14,4004.98,3047.23,957.75
7345,2023-10-21,Канцелярия,Новосибирск,Корпоратив,8.0,440.36,3522.88,2632.53,890.35
7346,2024-03-18,Дом и сад,Новосибирск,Корпоратив,3.0,323.77,971.31,684.44,286.87
7347,2024-11-30,Офис,Москва,Мелкий опт,8.0,884.76,7078.08,4460.97,2617.11
7348,2024-02-26,Дом и сад,Москва,Потребитель,8.0,919.07,7352.56,5832.71,1519.85
7349,2023-09-18,Дом и сад,Екатеринбург,Потребитель,19.0,98.01,1862.19,1316.84,545.35
7350,2024-04-07,Техника,Самара,Потребитель,10.0,379.29,3792.9,2389.79,1403.11
7351,2023-10-05,Дом и сад,Москва,Мелкий опт,2.0,187.71,375.42,299.05,76.37
7352,2024-01-13,Дом и сад,Новосибирск,Потребитель,19.0,555.48,10554.12,8215.36,2338.76
7353,2024-01-16,Техника,Москва,Корпоратив,28.0,155.33,4349.24,3044.79,1304.45
7354,2024-02-16,Дом и сад,Новосибирск,Корпоратив,4.0,203.28,813.12,470.5,342.62
7355,2023-07-19,Техника,Самара,Корпоратив,4.0,214.15,856.6,682.61,173.99
7356,2023-06-15,Техника,Екатеринбург,Мелкий опт,30.0,409.99,12299.7,8799.82,3499.88
7357,2024-07-11,Дом и сад,Москва,Потребитель,6.0,531.47,3188.82,2110.72,1078.1
7358,2023-10-31,Техника,Новосибирск,Корпоратив,12.0,222.48,2669.76,1625.78,1043.98
7359,2023-09-01,Мебель,Самара,Мелкий опт,3.0,216.19,648.57,401.67,246.9
7360,2024-02-19,Дом и сад,Санкт-Петербург,Потребитель,3.0,363.0,1089.0,644.41,444.59
7361,2024-04-26,Офис,Самара,Корпоратив,8.0,271.14,2169.12,1463.55,705.57
7362,2024-08-08,Дом и сад,Санкт-Петербург,Потребитель,3.0,336.51,1009.53,608.56,400.97
7363,2023-12-11,Дом и сад,Екатеринбург,Мелкий опт,28.0,870.45,24372.6,15102.41,9270.19
7364,2023-06-22,Офис,Москва,Корпоратив,38.0,312.38,11870.44,8940.75,2929.69
7365,2024-12-30,Офис,Екатеринбург,Корпоратив,2.0,3425.08,6850.16,5053.28,1796.88
7366,2023-05-06,Дом и сад,Москва,Корпоратив,9.0,150.31,1352.79,1003.93,348.86
7367,2024-05-11,Канцелярия,Самара,Корпоратив,7.0,368.01,2576.07,1483.27,1092.8
7368,2024-05-19,Мебель,Новосибирск,Мелкий опт,10.0,939.17,9391.7,6665.57,2726.13
7369,2024-01-05,Дом и сад,Москва,Мелкий опт,7.0,793.18,5552.26,3407.96,2144.3
7370,2024-04-25,Канцелярия,Санкт-Петербург,Потребитель,5.0,268.62,1343.1,975.55,367.55
7371,2024-02-08,Мебель,Москва,Потребитель,7.0,382.84,2679.88,1836.56,843.32
7372,2023-03-07,Техника,Самара,Потребитель,2.0,167.97,335.94,216.81,119.13
7373,2023-06-30,Дом и сад,Екатеринбург,Потребитель,5.0,335.14,1675.7,1138.28,537.42
7374,2024-10-13,Дом и сад,Новосибирск,Мелкий опт,5.0,1304.72,6523.6,3877.38,2646.22
7375,2023-02-14,Мебель,Москва,Корпоратив,22.0,708.51,15587.22,11056.35,4530.87
7376,2024-10-20,Техника,Москва,Корпоратив,25.0,1531.11,38277.75,21733.46,16544.29
7377,2023-11-07,Дом и сад,Самара,Потребитель,14.0,235.36,3295.04,1985.64,1309.4
7378,2023-05-02,Техника,Москва,Корпоратив,11.0,1300.29,14303.19,8643.29,5659.9
7379,2023-07-07,Дом и сад,Санкт-Петербург,Корпоратив,6.0,511.46,3068.76,1914.33,1154.43
7380,2023-05-28,Мебель,Самара,Потребитель,8.0,385.55,3084.4,2419.51,664.89
7381,2023-08-16,Техника,Санкт-Петербург,Потребитель,29.0,1220.9,35406.1,27014.72,8391.38
7382,2024-11-18,Техника,Самара,Потребитель,8.0,613.68,4909.44,2888.25,2021.19
7383,2023-10-15,Офис,Санкт-Петербург,Потребитель,9.0,165.32,1487.88,865.26,622.62
7384,2024-04-14,Канцелярия,Самара,Корпоратив,2.0,509.7,1019.4,674.17,345.23
7385,2023-06-02,Техника,Самара,Потребитель,13.0,207.13,2692.69,1942.73,749.96
7386,2023-02-27,Техника,Санкт-Петербург,Потребитель,3.0,806.33,2418.99,1373.68,1045.31
7387,2023-07-14,Техника,Санкт-Петербург,Корпоратив,2.0,541.77,1083.54,697.02,386.52
7388,2024-07-10,Офис,Екатеринбург,Мелкий опт,26.0,550.05,14301.3,9404.88,4896.42
7389,2024-03-23,Дом и сад,Екатеринбург,Потребитель,3.0,150.29,450.87,326.34,124.53
7390,2023-08-23,Дом и сад,Санкт-Петербург,Корпоратив,10.0,179.73,1797.3,1292.53,504.77
7391,2024-12-08,Дом и сад,Москва,Потребитель,22.0,531.59,11694.98,8431.68,3263.3
7392,2024-05-24,Офис,Санкт-Петербург,Потребитель,12.0,469.29,5631.48,3731.52,1899.96
7393,2024-09-19,Канцелярия,Санкт-Петербург,Потребитель,2.0,238.04,-1.0,374.86,101.22
7394,2024-07-29,Дом и сад,Москва,Потребитель,20.0,314.79,6295.8,3694.56,2601.24
7395,2023-01-29,Канцелярия,Новосибирск,Корпоратив,13.0,471.69,6131.97,4243.55,1888.42
7396,2024-01-12,Офис,Екатеринбург,Потребитель,7.0,465.1,-1.0,2503.34,752.36
7397,2024-05-20,Офис,Новосибирск,Потребитель,5.0,820.55,4102.75,3056.75,1046.0
7398,2023-07-11,Канцелярия,Новосибирск,Корпоратив,6.0,310.31,1861.86,1025.29,836.57
7399,2023-09-13,Техника,Екатеринбург,Корпоратив,12.0,787.11,9445.32,6746.09,2699.23
7400,2024-06-23,Техника,Екатеринбург,Потребитель,6.0,372.51,2235.06,1748.69,486.37
7401,2024-05-04,Дом и сад,Самара,Корпоратив,25.0,490.84,12271.0,8372.91,3898.09
7402,2024-10-12,Канцелярия,Екатеринбург,Корпоратив,7.0,998.35,6988.45,5503.46,1484.99
7403,2024-04-27,Техника,Санкт-Петербург,Потребитель,,518.08,5698.88,4373.43,1325.45
7404,2024-05-24,Техника,Екатеринбург,Потребитель,12.0,543.53,6522.36,4874.55,1647.81
7405,2024-07-24,Офис,Москва,Потребитель,18.0,776.34,13974.12,8467.42,5506.7
7406,2023-02-03,Дом и сад,Екатеринбург,Потребитель,28.0,148.66,4162.48,3159.3,1003.18
7407,2023-08-26,Дом и сад,Самара,Потребитель,2.0,250.74,501.48,304.07,197.41
7408,2023-09-20,Техника,Самара,Корпоратив,29.0,343.17,9951.93,7527.27,2424.66
7409,2023-10-17,Канцелярия,Екатеринбург,Потребитель,3.0,1205.29,3615.87,2137.14,1478.73
7410,2023-10-30,Дом и сад,Самара,Потребитель,6.0,838.83,5032.98,3381.63,1651.35
7411,2024-09-28,Канцелярия,Екатеринбург,Корпоратив,4.0,172.47,689.88,398.84,291.04
7412,2023-10-09,Техника,Екатеринбург,Мелкий опт,13.0,362.71,4715.23,3276.49,1438.74
7413,2024-06-16,Мебель,Самара,Потребитель,12.0,301.08,3612.96,2683.69,929.27
7414,2024-02-29,Канцелярия,Новосибирск,Потребитель,5.0,250.62,1253.1,717.62,535.48
7415,2023-07-25,Мебель,Санкт-Петербург,Потребитель,11.0,1334.9,14683.9,9976.95,4706.95
7416,2024-10-26,Дом и сад,Екатеринбург,Потребитель,7.0,671.58,4701.06,3342.31,1358.75
7417,2023-05-05,Канцелярия,Самара,Корпоратив,11.0,43.32,476.52,367.11,109.41
7418,2024-01-28,Техника,Москва,Мелкий опт,5.0,311.79,1558.95,909.86,649.09
7419,2024-04-29,Техника,Самара,Корпоратив,26.0,273.74,7117.24,5676.18,1441.06
7420,2024-08-30,Канцелярия,Екатеринбург,Корпоратив,1.0,208.53,208.53,122.42,86.11
7421,2023-08-30,Канцелярия,Екатеринбург,Корпоратив,10.0,259.27,2592.7,2001.03,591.67
7422,2024-06-25,Дом и сад,Санкт-Петербург,Потребитель,4.0,300.75,1203.0,682.53,520.47
7423,2024-11-19,Техника,Самара,Потребитель,11.0,250.37,2754.07,1630.04,1124.03
7424,2023-10-04,Канцелярия,Екатеринбург,Корпоратив,3.0,2151.37,6454.11,4302.0,2152.11
7425,2023-11-06,Дом и сад,Екатеринбург,Потребитель,10.0,270.03,2700.3,1522.23,1178.07
7426,2024-11-20,Офис,Новосибирск,Корпоратив,5.0,196.69,983.45,650.09,333.36
7427,2023-11-16,Мебель,Самара,Мелкий опт,10.0,461.7,4617.0,3062.35,1554.65
7428,2024-09-17,Офис,Самара,Потребитель,11.0,1251.69,13768.59,8143.43,5625.16
7429,2024-01-27,Канцелярия,Екатеринбург,Корпоратив,1.0,32.32,32.32,24.15,8.17
7430,2023-01-01,Дом и сад,Санкт-Петербург,Потребитель,4.0,284.02,1136.08,848.11,287.97
7431,2024-01-25,Канцелярия,Санкт-Петербург,Корпоратив,14.0,814.96,11409.44,6382.24,5027.2
7432,2023-01-01,Дом и сад,Новосибирск,Корпоратив,18.0,1636.32,29453.76,22703.51,6750.25
7433,2024-03-02,Офис,Самара,Потребитель,17.0,237.71,4041.07,2703.68,1337.39
7434,2024-05-18,Техника,Екатеринбург,Потребитель,30.0,145.25,4357.5,3435.02,922.48
7435,2023-05-14,Техника,Санкт-Петербург,Мелкий опт,22.0,1398.21,30760.62,18110.89,12649.73
7436,2024-02-20,Канцелярия,Самара,Корпоратив,9.0,194.73,1752.57,1326.6,425.97
7437,2024-08-18,Техника,Москва,Мелкий опт,2.0,176.64,353.28,246.29,106.99
7438,2024-01-29,Техника,Екатеринбург,Потребитель,19.0,276.87,5260.53,3114.55,2145.98
7439,2024-06-02,Дом и сад,Самара,Корпоратив,20.0,1649.11,32982.2,21061.99,11920.21
7440,2024-05-26,Офис,Самара,Мелкий опт,6.0,423.56,2541.36,1908.26,633.1
7441,2023-11-18,Дом и сад,Москва,Потребитель,4.0,204.85,819.4,532.6,286.8
7442,2023-11-06,Техника,Москва,Потребитель,29.0,259.42,7523.18,4397.94,3125.24
7443,2023-10-23,Техника,Самара,Потребитель,13.0,1133.84,14739.92,11241.8,3498.12
7444,2024-07-22,Офис,Новосибирск,Мелкий опт,18.0,535.64,9641.52,6793.56,2847.96
7445,2023-02-06,Канцелярия,Самара,Потребитель,5.0,827.83,4139.15,2509.8,1629.35
7446,2023-05-10,Дом и сад,Москва,Потребитель,21.0,588.35,12355.35,7511.82,4843.53
7447,2024-04-10,Канцелярия,Москва,Потребитель,3.0,407.5,1222.5,911.09,311.41
7448,2023-06-26,Техника,Москва,Потребитель,5.0,423.14,2115.7,1388.76,726.94
7449,2024-11-18,Дом и сад,Екатеринбург,Потребитель,,487.21,2436.05,1397.8,1038.25
7450,2024-06-12,Мебель,Новосибирск,Потребитель,26.0,285.8,7430.8,4497.85,2932.95
7451,2023-08-20,Канцелярия,Москва,Потребитель,4.0,343.19,1372.76,888.05,484.71
7452,2024-08-10,Дом и сад,Новосибирск,Мелкий опт,10.0,402.41,4024.1,2289.92,1734.18
7453,2024-02-21,Канцелярия,Санкт-Петербург,Потребитель,25.0,3212.73,80318.25,46689.73,33628.52
7454,2024-06-17,Мебель,Новосибирск,Корпоратив,4.0,896.37,-1.0,2168.66,1416.82
7455,2024-10-18,Канцелярия,Самара,Потребитель,4.0,387.4,1549.6,1044.54,505.06
7456,2023-08-09,Дом и сад,Самара,Корпоратив,9.0,660.3,5942.7,4032.7,1910.0
7457,2023-10-15,Мебель,Екатеринбург,Потребитель,9.0,394.74,3552.66,2394.2,1158.46
7458,2023-05-07,Техника,Новосибирск,Потребитель,23.0,926.51,21309.73,14591.76,6717.97
7459,2023-04-23,Мебель,Самара,Мелкий опт,17.0,298.21,5069.57,3747.9,1321.67
7460,2024-10-14,Мебель,Новосибирск,Потребитель,12.0,109.3,1311.6,963.75,347.85
7461,2023-11-07,Канцелярия,Екатеринбург,Потребитель,10.0,1770.08,17700.8,13114.38,4586.42
7462,2024-01-12,Дом и сад,Новосибирск,Мелкий опт,8.0,923.19,7385.52,5299.67,2085.85
7463,2024-03-20,Техника,Москва,Потребитель,10.0,82.25,822.5,546.59,275.91
7464,2024-09-03,Офис,Санкт-Петербург,Потребитель,4.0,1130.89,-1.0,2798.45,1725.11
7465,2023-02-23,Техника,Екатеринбург,Потребитель,10.0,123.82,1238.2,815.87,422.33
7466,2024-11-24,Техника,Москва,Корпоратив,6.0,86.39,518.34,361.52,156.82
7467,2024-05-13,Дом и сад,Москва,Потребитель,2.0,250.28,500.56,294.9,205.66
7468,2024-11-09,Офис,Самара,Потребитель,20.0,1361.36,27227.2,20016.45,7210.75
7469,2023-05-11,Мебель,Самара,Корпоратив,7.0,421.34,2949.38,2114.44,834.94
7470,2024-09-21,Мебель,Новосибирск,Потребитель,26.0,85.75,2229.5,1660.22,569.28
7471,2023-01-14,Офис,Екатеринбург,Потребитель,2.0,237.88,475.76,263.21,212.55
7472,2024-09-13,Мебель,Москва,Потребитель,8.0,256.04,2048.32,1396.85,651.47
7473,2024-05-13,Дом и сад,Самара,Потребитель,11.0,230.12,2531.32,1672.52,858.8
7474,2023-05-01,Офис,Самара,Мелкий опт,1.0,593.95,593.95,353.84,240.11
7475,2023-06-07,Техника,Самара,Потребитель,19.0,437.4,8310.6,5337.69,2972.91
7476,2023-05-22,Дом и сад,Самара,Потребитель,3.0,218.43,655.29,478.25,177.04
7477,2023-03-20,Канцелярия,Новосибирск,Корпоратив,7.0,580.59,4064.13,2592.11,1472.02
7478,2023-11-16,Техника,Самара,Мелкий опт,47.0,223.22,10491.34,6729.84,3761.5
7479,2023-02-19,Дом и сад,Самара,Мелкий опт,8.0,1104.06,8832.48,5944.66,2887.82
7480,2023-12-22,Мебель,Москва,Потребитель,8.0,463.04,3704.32,2327.91,1376.41
7481,2023-12-15,Канцелярия,Самара,Мелкий опт,12.0,371.9,4462.8,3342.4,1120.4
7482,2024-04-02,Дом и сад,Новосибирск,Корпоратив,9.0,480.81,4327.29,3020.7,1306.59
7483,2023-03-01,Мебель,Санкт-Петербург,Потребитель,3.0,1276.39,3829.17,2603.06,1226.11
7484,2023-07-15,Офис,Москва,Потребитель,3.0,319.92,959.76,737.61,222.15
7485,2023-08-11,Техника,Москва,Потребитель,2.0,2213.62,4427.24,2458.96,1968.28
7486,2024-01-22,Офис,Самара,Потребитель,2.0,513.67,1027.34,601.79,425.55
7487,2024-07-04,Офис,Новосибирск,Потребитель,3.0,861.58,2584.74,1796.69,788.05
7488,2024-07-25,Дом и сад,Новосибирск,Корпоратив,27.0,274.68,7416.36,5361.02,2055.34
7489,2024-05-22,Канцелярия,Екатеринбург,Потребитель,6.0,1315.94,7895.64,4938.04,2957.6
7490,2023-05-08,Дом и сад,Москва,Потребитель,118.0,329.19,38844.42,23091.3,15753.12
7491,2023-07-29,Техника,Новосибирск,Мелкий опт,12.0,526.05,6312.6,3663.93,2648.67
7492,2023-01-07,Офис,Самара,Потребитель,17.0,290.61,4940.37,3746.88,1193.49
7493,2024-11-05,Канцелярия,Екатеринбург,Корпоратив,3.0,836.68,2510.04,1968.0,542.04
7494,2024-05-08,Канцелярия,Новосибирск,Потребитель,14.0,340.92,4772.88,2631.86,2141.02
7495,2023-10-29,Канцелярия,Новосибирск,Потребитель,4.0,376.16,1504.64,1045.47,459.17
7496,2023-08-29,Офис,Екатеринбург,Потребитель,8.0,378.03,3024.24,1805.12,1219.12
7497,2023-03-12,Офис,Москва,Корпоратив,4.0,559.74,2238.96,1636.04,602.92
7498,2024-02-03,Дом и сад,Санкт-Петербург,Потребитель,30.0,252.08,7562.4,5819.6,1742.8
7499,2024-02-22,Канцелярия,Новосибирск,Корпоратив,19.0,227.64,4325.16,3259.83,1065.33
7500,2023-03-05,Мебель,Москва,Корпоратив,16.0,947.95,15167.2,11100.87,4066.33
7501,2023-12-18,Канцелярия,Новосибирск,Потребитель,24.0,378.99,9095.76,5336.95,3758.81
7502,2023-05-11,Дом и сад,Новосибирск,Потребитель,28.0,274.28,7679.84,4807.16,2872.68
7503,2024-06-22,Техника,Новосибирск,Корпоратив,7.0,77.84,544.88,376.41,168.47
7504,2024-04-05,Офис,Самара,Корпоратив,3.0,879.35,2638.05,1568.81,1069.24
7505,2023-05-14,Канцелярия,Самара,Потребитель,5.0,145.04,725.2,538.27,186.93
7506,2024-09-30,Дом и сад,Самара,Потребитель,13.0,1106.95,14390.35,8532.05,5858.3
7507,2024-01-11,Офис,Самара,Корпоратив,13.0,535.48,6961.24,4735.5,2225.74
7508,2023-08-25,Офис,Екатеринбург,Потребитель,6.0,424.68,2548.08,1968.55,579.53
7509,2023-01-30,Дом и сад,Самара,Потребитель,28.0,430.29,12048.12,7389.55,4658.57
7510,2024-10-19,Дом и сад,Екатеринбург,Мелкий опт,10.0,576.14,5761.4,4039.46,1721.94
7511,2024-08-16,Техника,Санкт-Петербург,Корпоратив,22.0,458.13,10078.86,5961.37,4117.49
7512,2024-04-15,Дом и сад,Новосибирск,Потребитель,6.0,135.11,810.66,468.85,341.81
7513,2024-08-30,Канцелярия,Самара,Корпоратив,7.0,45.53,318.71,252.63,66.08
7514,2023-07-05,Дом и сад,Санкт-Петербург,Корпоратив,2.0,238.62,477.24,358.63,118.61
7515,2024-01-25,Канцелярия,Санкт-Петербург,Потребитель,10.0,1325.57,13255.7,9822.27,3433.43
7516,2024-11-16,Мебель,Новосибирск,Корпоратив,,587.19,24661.98,13858.15,10803.83
7517,2024-06-20,Техника,Москва,Мелкий опт,6.0,413.72,2482.32,1763.25,719.07
7518,2023-05-03,Офис,Самара,Корпоратив,1.0,587.79,587.79,332.36,255.43
7519,2023-11-20,Дом и сад,Санкт-Петербург,Корпоратив,17.0,562.64,9564.88,6236.78,3328.1
7520,2024-03-30,Офис,Новосибирск,Корпоратив,8.0,1048.78,8390.24,6028.47,2361.77
7521,2023-11-25,Техника,Самара,Потребитель,2.0,55.84,111.68,69.31,42.37
7522,2023-09-13,Дом и сад,Новосибирск,Потребитель,5.0,524.82,2624.1,1482.93,1141.17
7523,2024-09-11,Техника,Новосибирск,Потребитель,1.0,102.84,102.84,76.99,25.85
7524,2024-11-01,Канцелярия,Самара,Корпоратив,9.0,757.7,6819.3,4503.43,2315.87
7525,2023-10-30,Техника,Самара,Потребитель,14.0,1025.1,14351.4,9777.9,4573.5
7526,2024-12-13,Дом и сад,Новосибирск,Потребитель,6.0,123.49,740.94,452.25,288.69
7527,2023-03-03,Техника,Екатеринбург,Потребитель,6.0,446.29,2677.74,1824.72,853.02
7528,2024-05-16,Канцелярия,Москва,Потребитель,5.0,353.45,1767.25,1352.17,415.08
7529,2023-02-01,Офис,Новосибирск,Потребитель,33.0,478.09,15776.97,12325.24,3451.73
7530,2024-05-23,Дом и сад,Екатеринбург,Потребитель,4.0,1745.64,6982.56,4398.36,2584.2
7531,2023-10-03,Офис,Санкт-Петербург,Потребитель,12.0,357.66,4291.92,2990.55,1301.37
7532,2024-08-18,Дом и сад,Москва,Корпоратив,5.0,101.41,507.05,329.17,177.88
7533,2024-11-29,Дом и сад,Санкт-Петербург,Корпоратив,26.0,1212.37,31521.62,21733.93,9787.69
7534,2023-10-08,Техника,Санкт-Петербург,Корпоратив,18.0,776.29,13973.22,8993.62,4979.6
7535,2023-05-26,Техника,Санкт-Петербург,Потребитель,16.0,799.41,12790.56,8891.5,3899.06
7536,2024-06-07,Дом и сад,Новосибирск,Потребитель,5.0,793.41,3967.05,2305.55,1661.5
7537,2023-01-09,Техника,Москва,Потребитель,146.0,470.54,68698.84,53829.99,14868.85
7538,2024-11-14,Дом и сад,Новосибирск,Потребитель,17.0,1132.07,19245.19,10986.86,8258.33
7539,2023-07-24,Канцелярия,Новосибирск,Потребитель,2.0,825.17,1650.34,1228.61,421.73
7540,2023-08-22,Дом и сад,Санкт-Петербург,Корпоратив,56.0,1091.37,61116.72,47661.4,13455.32
7541,2024-11-25,Мебель,Санкт-Петербург,Корпоратив,3.0,946.68,2840.04,2203.16,636.88
7542,2023-06-24,Офис,Санкт-Петербург,Потребитель,18.0,831.49,14966.82,10635.77,4331.05
7543,2024-07-12,Техника,Санкт-Петербург,Мелкий опт,6.0,307.42,1844.52,1059.34,785.18
7544,2023-03-12,Мебель,Новосибирск,Корпоратив,12.0,256.87,3082.44,2057.28,1025.16
7545,2023-09-13,Техника,Санкт-Петербург,Мелкий опт,5.0,473.4,2367.0,1555.87,811.13
7546,2024-08-17,Канцелярия,Самара,Мелкий опт,2.0,191.77,383.54,286.96,96.58
7547,2023-03-08,Техника,Новосибирск,Мелкий опт,24.0,412.94,9910.56,7623.49,2287.07
7548,2023-10-10,Дом и сад,Екатеринбург,Корпоратив,4.0,648.31,2593.24,2002.35,590.89
7549,2023-06-30,Офис,Санкт-Петербург,Корпоратив,24.0,256.12,6146.88,4387.27,1759.61
7550,2024-10-02,Дом и сад,Москва,Мелкий опт,3.0,248.01,744.03,430.62,313.41
7551,2024-05-29,Канцелярия,Санкт-Петербург,Потребитель,18.0,600.05,10800.9,6175.92,4624.98
7552,2023-02-15,Офис,Екатеринбург,Потребитель,2.0,465.25,930.5,641.41,289.09
7553,2023-05-07,Дом и сад,Москва,Потребитель,1.0,655.98,655.98,394.99,260.99
7554,2023-08-27,Дом и сад,Москва,Мелкий опт,10.0,604.14,6041.4,3495.67,2545.73
7555,2023-09-14,Мебель,Новосибирск,Корпоратив,5.0,615.51,3077.55,1882.35,1195.2
7556,2024-02-23,Мебель,Самара,Мелкий опт,18.0,600.54,10809.72,8139.83,2669.89
7557,2024-12-31,Дом и сад,Санкт-Петербург,Корпоратив,8.0,231.66,1853.28,1121.4,731.88
7558,2024-07-15,Канцелярия,Санкт-Петербург,Потребитель,5.0,768.18,3840.9,2741.59,1099.31
7559,2023-12-29,Офис,Москва,Потребитель,1.0,1256.85,1256.85,933.67,323.18
7560,2024-08-04,Техника,Новосибирск,Корпоратив,8.0,618.77,4950.16,3562.49,1387.67
7561,2024-08-20,Канцелярия,Санкт-Петербург,Корпоратив,20.0,190.56,3811.2,2150.62,1660.58
7562,2023-03-14,Дом и сад,Санкт-Петербург,Потребитель,10.0,952.34,9523.4,5985.71,3537.69
7563,2023-08-14,Канцелярия,Санкт-Петербург,Корпоратив,2.0,732.34,1464.68,816.58,648.1
7564,2024-11-16,Канцелярия,Самара,Потребитель,1.0,229.41,229.41,177.37,52.04
7565,2023-02-01,Офис,Екатеринбург,Потребитель,12.0,186.88,2242.56,1667.55,575.01
7566,2023-06-20,Дом и сад,Санкт-Петербург,Мелкий опт,11.0,519.25,5711.75,4471.78,1239.97
7567,2024-03-17,Офис,Екатеринбург,Корпоратив,9.0,467.11,4203.99,2586.66,1617.33
7568,2023-12-16,Офис,Екатеринбург,Корпоратив,4.0,939.19,3756.76,2934.39,822.37
7569,2023-08-15,Техника,Москва,Потребитель,7.0,443.53,3104.71,1798.32,1306.39
7570,2024-09-04,Офис,Екатеринбург,Потребитель,2.0,933.59,-1.0,1463.18,404.0
7571,2023-11-06,Дом и сад,Екатеринбург,Корпоратив,7.0,433.72,3036.04,1876.47,1159.57
7572,2023-09-15,Офис,Москва,Потребитель,6.0,2495.66,14973.96,10979.87,3994.09
7573,2024-12-16,Офис,Москва,Корпоратив,33.0,309.56,10215.48,6643.12,3572.36
7574,2023-07-18,Канцелярия,Санкт-Петербург,Корпоратив,18.0,385.7,6942.6,4509.82,2432.78
7575,2023-06-24,Дом и сад,Самара,Мелкий опт,17.0,368.1,6257.7,3537.66,2720.04
7576,2024-03-27,Канцелярия,Новосибирск,Мелкий опт,42.0,47.58,1998.36,1330.68,667.68
7577,2023-02-22,Офис,Самара,Корпоратив,9.0,1750.48,15754.32,10746.58,5007.74
7578,2024-04-03,Дом и сад,Москва,Корпоратив,7.0,302.95,2120.65,1624.47,496.18
7579,2023-09-15,Техника,Самара,Потребитель,29.0,790.22,22916.38,17728.67,5187.71
7580,2023-12-16,Техника,Новосибирск,Потребитель,11.0,251.61,2767.71,1862.5,905.21
7581,2023-09-20,Офис,Самара,Потребитель,6.0,843.41,5060.46,2839.62,2220.84
7582,2024-04-04,Мебель,Самара,Корпоратив,4.0,790.07,3160.28,2045.68,1114.6
7583,2024-02-02,Дом и сад,Самара,Корпоратив,3.0,79.04,237.12,140.96,96.16
7584,2023-05-20,Техника,Самара,Корпоратив,8.0,283.51,2268.08,1551.38,716.7
7585,2023-03-12,Дом и сад,Самара,Корпоратив,4.0,636.55,2546.2,1560.41,985.79
7586,2024-05-04,Канцелярия,Самара,Потребитель,10.0,287.67,2876.7,2085.95,790.75
7587,2023-12-06,Мебель,Екатеринбург,Потребитель,1.0,278.49,278.49,203.29,75.2
7588,2023-05-31,Канцелярия,Москва,Потребитель,4.0,115.52,462.08,292.57,169.51
7589,2024-09-16,Офис,Новосибирск,Мелкий опт,13.0,711.24,9246.12,5797.4,3448.72
7590,2024-02-06,Офис,Новосибирск,Корпоратив,22.0,72.82,1602.04,1108.67,493.37
7591,2024-09-13,Мебель,Самара,Потребитель,28.0,298.66,8362.48,4928.54,3433.94
7592,2023-12-12,Офис,Самара,Корпоратив,13.0,214.49,2788.37,2011.57,776.8
7593,2023-05-25,Офис,Екатеринбург,Корпоратив,3.0,1539.4,4618.2,3142.47,1475.73
7594,2024-07-14,Канцелярия,Самара,Корпоратив,7.0,736.12,5152.84,3744.51,1408.33
7595,2023-12-16,Техника,Москва,Корпоратив,4.0,547.38,2189.52,1498.0,691.52
7596,2024-06-24,Мебель,Екатеринбург,Корпоратив,5.0,397.09,1985.45,1490.24,495.21
7597,2024-02-16,Офис,Москва,Мелкий опт,1.0,487.35,487.35,298.16,189.19
7598,2024-11-02,Канцелярия,Новосибирск,Потребитель,8.0,131.68,1053.44,620.52,432.92
7599,2024-02-08,Дом и сад,Москва,Потребитель,1.0,462.91,462.91,277.12,185.79
7600,2023-11-15,Техника,Москва,Потребитель,9.0,433.44,3900.96,2469.0,1431.96
7601,2023-12-29,Канцелярия,Санкт-Петербург,Корпоратив,36.0,847.37,30505.32,17144.63,13360.69
7602,2024-02-18,Дом и сад,Новосибирск,Потребитель,3.0,1587.84,4763.52,2808.99,1954.53
7603,2024-05-06,Канцелярия,Екатеринбург,Корпоратив,65.0,1260.47,81930.55,51870.03,30060.52
7604,2023-04-09,Техника,Москва,Корпоратив,8.0,71.55,572.4,368.81,203.59
7605,2024-12-20,Офис,Екатеринбург,Потребитель,,112.1,672.6,472.12,200.48
7606,2023-04-14,Техника,Самара,Мелкий опт,7.0,251.53,1760.71,1366.02,394.69
7607,2024-01-20,Офис,Новосибирск,Мелкий опт,4.0,891.99,3567.96,2576.3,991.66
7608,2024-04-14,Дом и сад,Екатеринбург,Корпоратив,7.0,228.71,1600.97,917.13,683.84
7609,2024-04-04,Дом и сад,Санкт-Петербург,Потребитель,8.0,142.6,1140.8,687.7,453.1
7610,2023-09-09,Мебель,Санкт-Петербург,Корпоратив,18.0,365.51,6579.18,4099.54,2479.64
7611,2023-04-12,Офис,Москва,Корпоратив,7.0,158.04,1106.28,771.37,334.91
7612,2024-11-18,Дом и сад,Москва,Потребитель,27.0,442.82,11956.14,8910.98,3045.16
7613,2024-08-09,Офис,Новосибирск,Потребитель,16.0,496.04,7936.64,5245.53,2691.11
7614,2023-12-25,Канцелярия,Новосибирск,Потребитель,9.0,183.25,1649.25,959.38,689.87
7615,2023-02-13,Дом и сад,Москва,Потребитель,16.0,562.66,9002.56,5343.24,3659.32
7616,2023-04-17,Техника,Москва,Корпоратив,43.0,454.78,19555.54,12248.09,7307.45
7617,2023-05-04,Дом и сад,Самара,Корпоратив,35.0,155.24,5433.4,3485.27,1948.13
7618,2023-06-13,Техника,Екатеринбург,Потребитель,4.0,140.56,562.24,410.56,151.68
7619,2023-01-01,Канцелярия,Новосибирск,Потребитель,3.0,1011.65,3034.95,1850.28,1184.67
7620,2023-02-16,Канцелярия,Екатеринбург,Мелкий опт,15.0,337.72,5065.8,3152.88,1912.92
7621,2023-10-07,Мебель,Москва,Потребитель,11.0,1030.19,11332.09,8484.95,2847.14
7622,2024-12-25,Дом и сад,Новосибирск,Потребитель,1.0,131.07,131.07,94.72,36.35
7623,2023-03-03,Мебель,Санкт-Петербург,Мелкий опт,11.0,302.96,3332.56,2527.0,805.56
7624,2024-06-10,Техника,Новосибирск,Корпоратив,11.0,153.29,1686.19,1238.2,447.99
7625,2023-08-13,Канцелярия,Новосибирск,Корпоратив,3.0,710.09,2130.27,1464.94,665.33
7626,2024-11-25,Канцелярия,Екатеринбург,Потребитель,3.0,512.04,1536.12,997.55,538.57
7627,2024-03-28,Офис,Санкт-Петербург,Потребитель,5.0,468.84,2344.2,1774.8,569.4
7628,2023-07-01,Дом и сад,Самара,Потребитель,18.0,187.31,3371.58,2523.25,848.33
7629,2024-04-19,Техника,Новосибирск,Корпоратив,4.0,197.87,791.48,620.37,171.11
7630,2024-03-31,Офис,Новосибирск,Корпоратив,10.0,352.86,3528.6,2728.43,800.17
7631,2023-03-31,Канцелярия,Москва,Корпоратив,6.0,491.26,2947.56,1930.42,1017.14
7632,2024-06-18,Техника,Самара,Потребитель,15.0,195.12,2926.8,2309.93,616.87
7633,2024-08-31,Дом и сад,Екатеринбург,Потребитель,6.0,433.68,2602.08,1834.33,767.75
7634,2024-04-15,Техника,Екатеринбург,Потребитель,5.0,246.08,1230.4,773.51,456.89
7635,2024-07-01,Канцелярия,Екатеринбург,Корпоратив,21.0,84.96,1784.16,1034.39,749.77
7636,2024-09-06,Дом и сад,Новосибирск,Корпоратив,36.0,400.01,14400.36,9087.77,5312.59
7637,2023-05-09,Офис,Новосибирск,Мелкий опт,5.0,1154.67,5773.35,3936.0,1837.35
7638,2023-06-04,Канцелярия,Москва,Потребитель,7.0,425.44,2978.08,2162.83,815.25
7639,2023-04-01,Офис,Москва,Потребитель,10.0,497.23,4972.3,2862.45,2109.85
7640,2023-08-18,Техника,Санкт-Петербург,Потребитель,3.0,397.37,1192.11,801.03,391.08
7641,2024-04-20,Канцелярия,Екатеринбург,Мелкий опт,1.0,1469.98,1469.98,827.34,642.64
7642,2024-11-13,Мебель,Екатеринбург,Потребитель,9.0,372.12,3349.08,2255.53,1093.55
7643,2024-04-18,Техника,Санкт-Петербург,Потребитель,18.0,298.71,5376.78,3251.68,2125.1
7644,2024-11-24,Дом и сад,Новосибирск,Потребитель,3.0,180.63,541.89,383.57,158.32
7645,2024-10-27,Дом и сад,Москва,Мелкий опт,2.0,395.51,791.02,521.33,269.69
7646,2023-10-13,Канцелярия,Самара,Потребитель,3.0,219.25,657.75,415.4,242.35
7647,2023-06-18,Мебель,Самара,Корпоратив,5.0,237.17,1185.85,683.62,502.23
7648,2023-06-25,Офис,Санкт-Петербург,Потребитель,8.0,145.17,1161.36,927.17,234.19
7649,2024-07-13,Канцелярия,Самара,Потребитель,47.0,1031.73,48491.31,36016.77,12474.54
7650,2023-03-24,Офис,Санкт-Петербург,Потребитель,0.0,191.87,0.0,0.0,0.0
7651,2024-06-05,Дом и сад,Самара,Мелкий опт,29.0,146.76,4256.04,2919.67,1336.37
7652,2024-01-01,Дом и сад,Санкт-Петербург,Потребитель,15.0,235.81,3537.15,2495.78,1041.37
7653,2024-02-08,Офис,Самара,Потребитель,9.0,212.59,1913.31,1307.55,605.76
7654,2024-08-15,Офис,Новосибирск,Корпоратив,29.0,148.08,4294.32,2818.84,1475.48
7655,2023-07-21,Мебель,Екатеринбург,Потребитель,2.0,725.37,1450.74,976.3,474.44
7656,2024-05-17,Техника,Санкт-Петербург,Мелкий опт,5.0,2032.65,10163.25,5678.94,4484.31
7657,2023-11-09,Техника,Самара,Потребитель,78.0,944.76,73691.28,44927.07,28764.21
7658,2023-06-18,Офис,Санкт-Петербург,Корпоратив,69.0,171.04,11801.76,9424.8,2376.96
7659,2024-12-07,Дом и сад,Москва,Корпоратив,0.0,506.02,0.0,0.0,0.0
7660,2024-04-27,Техника,Санкт-Петербург,Корпоратив,8.0,433.58,3468.64,2075.23,1393.41
7661,2024-04-27,Канцелярия,Санкт-Петербург,Потребитель,16.0,240.46,3847.36,2626.62,1220.74
7662,2024-06-09,Мебель,Санкт-Петербург,Потребитель,23.0,158.68,3649.64,2297.27,1352.37
7663,2023-03-10,Мебель,Санкт-Петербург,Потребитель,19.0,453.87,8623.53,5388.03,3235.5
7664,2023-04-26,Дом и сад,Екатеринбург,Корпоратив,14.0,267.2,3740.8,2625.77,1115.03
7665,2023-06-26,Дом и сад,Самара,Корпоратив,15.0,171.53,2572.95,1692.14,880.81
7666,2023-06-29,Дом и сад,Новосибирск,Мелкий опт,7.0,191.31,1339.17,821.16,518.01
7667,2024-11-03,Дом и сад,Новосибирск,Потребитель,4.0,154.91,619.64,374.21,245.43
7668,2023-03-16,Дом и сад,Новосибирск,Мелкий опт,25.0,154.2,3855.0,2751.59,1103.41
7669,2024-08-12,Дом и сад,Москва,Потребитель,19.0,104.68,1988.92,1541.23,447.69
7670,2023-01-27,Дом и сад,Новосибирск,Мелкий опт,2.0,458.94,917.88,650.52,267.36
7671,2024-10-01,Дом и сад,Санкт-Петербург,Мелкий опт,12.0,228.68,2744.16,1989.27,754.89
7672,2024-08-05,Дом и сад,Москва,Потребитель,6.0,889.58,5337.48,4251.87,1085.61
7673,2023-09-23,Офис,Москва,Корпоратив,6.0,856.14,5136.84,3999.25,1137.59
7674,2023-10-31,Дом и сад,Екатеринбург,Потребитель,6.0,440.02,2640.12,1748.17,891.95
7675,2023-04-19,Дом и сад,Новосибирск,Мелкий опт,12.0,438.43,5261.16,4176.14,1085.02
7676,2023-02-12,Офис,Санкт-Петербург,Мелкий опт,1.0,142.7,142.7,83.31,59.39
7677,2024-07-15,Офис,Екатеринбург,Мелкий опт,7.0,204.14,1428.98,1107.24,321.74
7678,2024-10-24,Техника,Екатеринбург,Потребитель,5.0,476.67,2383.35,1338.53,1044.82
7679,2023-07-11,Дом и сад,Москва,Потребитель,3.0,1132.25,3396.75,1975.92,1420.83
7680,2024-09-11,Канцелярия,Екатеринбург,Мелкий опт,14.0,201.31,2818.34,1575.36,1242.98
7681,2024-07-29,Мебель,Екатеринбург,Корпоратив,35.0,693.57,24274.95,17547.79,6727.16
7682,2024-07-13,Канцелярия,Санкт-Петербург,Потребитель,26.0,542.96,14116.96,8589.31,5527.65
7683,2023-07-01,Дом и сад,Москва,Потребитель,2.0,358.19,716.38,529.72,186.66
7684,2023-08-16,Офис,Москва,Потребитель,10.0,662.85,6628.5,3654.74,2973.76
7685,2024-04-16,Канцелярия,Самара,Потребитель,4.0,169.83,679.32,473.6,205.72
7686,2023-08-11,Техника,Самара,Корпоратив,5.0,378.05,1890.25,1381.28,508.97
7687,2023-04-11,Техника,Санкт-Петербург,Потребитель,3.0,836.55,2509.65,1692.76,816.89
7688,2023-08-10,Офис,Самара,Потребитель,11.0,588.58,6474.38,4220.51,2253.87
7689,2023-06-26,Техника,Екатеринбург,Мелкий опт,26.0,370.31,9628.06,7473.43,2154.63
7690,2024-01-20,Дом и сад,Москва,Потребитель,6.0,682.18,4093.08,2919.27,1173.81
7691,2023-10-07,Офис,Екатеринбург,Потребитель,10.0,548.22,5482.2,4131.86,1350.34
7692,2024-04-18,Мебель,Екатеринбург,Потребитель,10.0,337.81,3378.1,1983.85,1394.25
7693,2023-12-15,Техника,Самара,Потребитель,18.0,150.76,2713.68,2158.84,554.84
7694,2023-07-27,Офис,Самара,Потребитель,12.0,857.55,10290.6,6687.59,3603.01
7695,2024-02-01,Дом и сад,Новосибирск,Потребитель,23.0,543.33,12496.59,7622.12,4874.47
7696,2024-07-04,Техника,Екатеринбург,Потребитель,34.0,1452.05,49369.7,30168.48,19201.22
7697,2023-09-22,Мебель,Екатеринбург,Потребитель,6.0,202.71,1216.26,752.88,463.38
7698,2024-03-14,Канцелярия,Санкт-Петербург,Потребитель,3.0,478.17,1434.51,865.87,568.64
7699,2024-07-02,Техника,Екатеринбург,Корпоратив,6.0,501.09,3006.54,2024.39,982.15
7700,2024-02-28,Канцелярия,Новосибирск,Потребитель,17.0,927.37,15765.29,9046.48,6718.81
7701,2024-10-08,Канцелярия,Самара,Потребитель,11.0,496.04,5456.44,3527.1,1929.34
7702,2023-09-10,Офис,Москва,Потребитель,,220.24,1321.44,929.62,391.82
7703,2024-03-19,Канцелярия,Екатеринбург,Мелкий опт,8.0,1002.63,8021.04,5863.76,2157.28
7704,2023-05-14,Канцелярия,Самара,Потребитель,8.0,128.27,1026.16,637.35,388.81
7705,2023-03-26,Канцелярия,Москва,Потребитель,1.0,2098.21,2098.21,1477.37,620.84
7706,2023-07-29,Техника,Санкт-Петербург,Потребитель,9.0,144.6,1301.4,967.76,333.64
7707,2024-10-08,Офис,Новосибирск,Потребитель,5.0,1170.23,5851.15,3952.39,1898.76
7708,2024-12-29,Дом и сад,Самара,Потребитель,11.0,101.13,1112.43,689.04,423.39
7709,2024-07-29,Мебель,Новосибирск,Корпоратив,10.0,329.44,3294.4,2459.66,834.74
7710,2024-01-29,Дом и сад,Самара,Потребитель,22.0,738.11,16238.42,11523.82,4714.6
7711,2024-10-17,Дом и сад,Санкт-Петербург,Мелкий опт,11.0,784.8,8632.8,5669.64,2963.16
7712,2023-06-15,Офис,Екатеринбург,Мелкий опт,3.0,766.57,2299.71,1573.15,726.56
7713,2023-02-14,Канцелярия,Санкт-Петербург,Потребитель,23.0,118.78,2731.94,2087.93,644.01
7714,2023-07-07,Офис,Новосибирск,Корпоратив,9.0,219.51,1975.59,1528.82,446.77
7715,2024-05-13,Дом и сад,Санкт-Петербург,Мелкий опт,9.0,499.77,4497.93,2566.59,1931.34
7716,2024-04-08,Офис,Москва,Потребитель,25.0,91.79,2294.75,1715.51,579.24
7717,2024-05-24,Дом и сад,Новосибирск,Потребитель,11.0,741.92,8161.12,5257.64,2903.48
7718,2024-10-12,Канцелярия,Новосибирск,Корпоратив,29.0,504.4,14627.6,8211.46,6416.14
7719,2024-11-20,Мебель,Санкт-Петербург,Потребитель,11.0,189.94,2089.34,1385.21,704.13
7720,2024-02-07,Офис,Екатеринбург,Потребитель,8.0,1507.04,12056.32,9420.09,2636.23
7721,2023-08-14,Офис,Санкт-Петербург,Потребитель,2.0,568.8,1137.6,702.92,434.68
7722,2023-05-29,Офис,Самара,Потребитель,24.0,579.77,13914.48,9693.22,4221.26
7723,2024-12-12,Канцелярия,Самара,Потребитель,7.0,1142.52,7997.64,6343.04,1654.6
7724,2023-11-18,Канцелярия,Санкт-Петербург,Мелкий опт,11.0,95.94,1055.34,632.45,422.89
7725,2024-11-12,Офис,Санкт-Петербург,Потребитель,12.0,546.56,6558.72,4608.66,1950.06
7726,2024-09-08,Офис,Самара,Корпоратив,38.0,172.92,6570.96,4623.93,1947.03
7727,2024-12-09,Дом и сад,Москва,Потребитель,19.0,189.82,3606.58,2668.44,938.14
7728,2023-12-12,Дом и сад,Екатеринбург,Потребитель,1.0,301.89,301.89,201.61,100.28
7729,2023-08-30,Офис,Екатеринбург,Потребитель,8.0,285.28,2282.24,1811.56,470.68
7730,2023-12-25,Офис,Санкт-Петербург,Потребитель,4.0,1036.49,4145.96,2876.37,1269.59
7731,2024-02-01,Канцелярия,Екатеринбург,Потребитель,3.0,530.0,1590.0,980.87,609.13
7732,2024-03-07,Мебель,Самара,Мелкий опт,4.0,1388.21,5552.84,3652.61,1900.23
7733,2023-09-03,Офис,Екатеринбург,Потребитель,6.0,402.5,2415.0,1804.33,610.67
7734,2024-01-27,Дом и сад,Санкт-Петербург,Потребитель,12.0,679.89,8158.68,5546.79,2611.89
7735,2023-02-17,Дом и сад,Новосибирск,Корпоратив,44.0,288.25,12683.0,8761.51,3921.49
7736,2023-09-18,Канцелярия,Москва,Корпоратив,18.0,1028.13,18506.34,13127.47,5378.87
7737,2024-06-18,Офис,Самара,Мелкий опт,7.0,210.42,1472.94,836.85,636.09
7738,2023-01-16,Мебель,Новосибирск,Потребитель,45.0,884.59,39806.55,26167.8,13638.75
7739,2024-08-08,Канцелярия,Екатеринбург,Мелкий опт,5.0,898.22,4491.1,3189.83,1301.27
7740,2024-10-30,Дом и сад,Екатеринбург,Потребитель,10.0,108.44,1084.4,824.18,260.22
7741,2024-07-26,Офис,Екатеринбург,Потребитель,2.0,956.8,1913.6,1517.18,396.42
7742,2024-05-22,Техника,Самара,Потребитель,8.0,156.15,1249.2,779.83,469.37
7743,2024-01-06,Канцелярия,Санкт-Петербург,Потребитель,3.0,271.13,813.39,609.73,203.66
7744,2024-12-23,Мебель,Москва,Потребитель,26.0,136.36,3545.36,2627.03,918.33
7745,2024-09-30,Техника,Екатеринбург,Потребитель,2.0,231.11,462.22,307.93,154.29
7746,2023-10-05,Мебель,Екатеринбург,Потребитель,40.0,86.91,3476.4,1958.63,1517.77
7747,2023-01-05,Офис,Новосибирск,Корпоратив,34.0,176.52,6001.68,4507.31,1494.37
7748,2023-03-16,Дом и сад,Новосибирск,Мелкий опт,18.0,750.15,13502.7,7967.7,5535.0
7749,2024-05-30,Канцелярия,Екатеринбург,Корпоратив,21.0,537.84,11294.64,8016.42,3278.22
7750,2023-10-13,Дом и сад,Новосибирск,Потребитель,8.0,395.7,3165.6,2162.35,1003.25
7751,2023-09-27,Офис,Санкт-Петербург,Потребитель,36.0,808.47,29104.92,18735.38,10369.54
7752,2023-12-02,Дом и сад,Самара,Потребитель,11.0,374.88,4123.68,3005.54,1118.14
7753,2024-03-18,Дом и сад,Самара,Потребитель,,1174.68,5873.4,3394.55,2478.85
7754,2024-02-20,Канцелярия,Новосибирск,Потребитель,10.0,857.46,8574.6,6344.97,2229.63
7755,2023-12-11,Канцелярия,Москва,Потребитель,16.0,410.41,6566.56,4858.13,1708.43
7756,2023-04-23,Офис,Новосибирск,Потребитель,7.0,3490.59,24434.13,17001.68,7432.45
7757,2024-03-23,Офис,Новосибирск,Потребитель,4.0,1141.91,4567.64,2578.83,1988.81
7758,2023-09-21,Канцелярия,Новосибирск,Потребитель,3.0,890.91,2672.73,1757.64,915.09
7759,2023-09-03,Канцелярия,Санкт-Петербург,Потребитель,4.0,551.38,2205.52,1685.61,519.91
7760,2024-10-22,Техника,Санкт-Петербург,Потребитель,28.0,1421.87,39812.36,22195.74,17616.62
7761,2023-11-08,Мебель,Екатеринбург,Потребитель,14.0,348.41,4877.74,3489.27,1388.47
7762,2024-07-03,Техника,Самара,Корпоратив,2.0,276.23,552.46,322.84,229.62
7763,2024-11-13,Офис,Екатеринбург,Потребитель,36.0,241.96,8710.56,4831.91,3878.65
7764,2023-03-12,Техника,Екатеринбург,Корпоратив,17.0,621.69,10568.73,8116.51,2452.22
7765,2024-03-10,Дом и сад,Самара,Потребитель,15.0,628.05,9420.75,6305.22,3115.53
7766,2023-04-01,Дом и сад,Москва,Потребитель,4.0,230.03,920.12,734.99,185.13
7767,2024-03-02,Канцелярия,Новосибирск,Корпоратив,4.0,399.32,1597.28,1148.5,448.78
7768,2023-03-08,Мебель,Екатеринбург,Корпоратив,8.0,280.42,2243.36,1728.95,514.41
7769,2023-04-03,Дом и сад,Москва,Потребитель,11.0,228.28,2511.08,1914.19,596.89
7770,2024-09-11,Техника,Самара,Потребитель,6.0,578.37,3470.22,2424.44,1045.78
7771,2023-09-28,Офис,Санкт-Петербург,Корпоратив,5.0,850.28,4251.4,2891.04,1360.36
7772,2024-02-29,Офис,Москва,Корпоратив,4.0,50.61,202.44,120.86,81.58
7773,2023-11-03,Дом и сад,Новосибирск,Потребитель,15.0,107.05,1605.75,1036.84,568.91
7774,2023-01-12,Техника,Москва,Потребитель,33.0,1305.33,43075.89,31607.34,11468.55
7775,2024-12-14,Дом и сад,Екатеринбург,Корпоратив,8.0,125.93,1007.44,576.27,431.17
7776,2024-10-05,Техника,Новосибирск,Потребитель,4.0,147.44,589.76,432.83,156.93
7777,2023-08-21,Канцелярия,Новосибирск,Потребитель,12.0,154.24,1850.88,1178.53,672.35
7778,2023-12-17,Дом и сад,Санкт-Петербург,Корпоратив,42.0,647.18,27181.56,16851.49,10330.07
7779,2024-02-01,Дом и сад,Екатеринбург,Потребитель,7.0,522.32,3656.24,2072.59,1583.65
7780,2023-04-16,Офис,Екатеринбург,Корпоратив,12.0,597.85,7174.2,4002.9,3171.3
7781,2023-04-28,Дом и сад,Новосибирск,Корпоратив,8.0,786.9,6295.2,4648.14,1647.06
7782,2024-08-13,Техника,Санкт-Петербург,Мелкий опт,17.0,238.48,4054.16,2886.74,1167.42
7783,2024-12-12,Дом и сад,Екатеринбург,Корпоратив,3.0,275.64,826.92,500.26,326.66
7784,2023-01-03,Мебель,Москва,Потребитель,19.0,844.43,16044.17,11683.61,4360.56
7785,2023-09-03,Канцелярия,Новосибирск,Потребитель,2.0,313.63,627.26,361.23,266.03
7786,2024-10-24,Дом и сад,Самара,Потребитель,4.0,345.35,1381.4,965.87,415.53
7787,2024-09-28,Канцелярия,Новосибирск,Корпоратив,3.0,330.11,990.33,577.32,413.01
7788,2023-04-18,Дом и сад,Москва,Потребитель,8.0,241.31,1930.48,1317.97,612.51
7789,2024-06-11,Офис,Санкт-Петербург,Потребитель,7.0,414.16,2899.12,2208.73,690.39
7790,2024-04-08,Дом и сад,Новосибирск,Корпоратив,20.0,293.58,5871.6,3487.82,2383.78
7791,2024-03-17,Техника,Москва,Потребитель,20.0,500.91,10018.2,5586.46,4431.74
7792,2023-03-29,Техника,Самара,Корпоратив,1.0,190.75,190.75,108.62,82.13
7793,2023-01-14,Офис,Москва,Мелкий опт,10.0,223.62,2236.2,1240.93,995.27
7794,2024-06-20,Техника,Санкт-Петербург,Мелкий опт,14.0,1614.35,22600.9,15318.3,7282.6
7795,2024-10-22,Техника,Екатеринбург,Потребитель,12.0,656.26,7875.12,4977.78,2897.34
7796,2023-12-05,Техника,Самара,Корпоратив,16.0,296.11,4737.76,3333.96,1403.8
7797,2024-03-19,Техника,Санкт-Петербург,Потребитель,5.0,940.52,4702.6,2835.66,1866.94
7798,2023-08-12,Канцелярия,Москва,Потребитель,9.0,235.48,2119.32,1657.95,461.37
7799,2023-11-06,Офис,Самара,Корпоратив,8.0,258.55,2068.4,1616.8,451.6
7800,2023-06-27,Канцелярия,Новосибирск,Потребитель,16.0,785.75,12572.0,7626.27,4945.73
7801,2023-08-12,Дом и сад,Самара,Потребитель,21.0,1241.78,26077.38,17187.7,8889.68
7802,2023-02-23,Мебель,Екатеринбург,Потребитель,8.0,678.29,5426.32,3209.55,2216.77
7803,2023-07-06,Канцелярия,Санкт-Петербург,Потребитель,16.0,62.25,996.0,666.46,329.54
7804,2023-10-21,Офис,Новосибирск,Корпоратив,2.0,400.89,801.78,624.97,176.81
7805,2023-08-05,Дом и сад,Санкт-Петербург,Корпоратив,6.0,709.58,4257.48,2508.74,1748.74
7806,2023-08-08,Канцелярия,Екатеринбург,Потребитель,5.0,644.28,3221.4,2397.55,823.85
7807,2023-09-04,Офис,Новосибирск,Потребитель,24.0,720.0,17280.0,11993.15,5286.85
7808,2023-09-01,Дом и сад,Санкт-Петербург,Мелкий опт,72.0,111.07,7997.04,4641.12,3355.92
7809,2024-02-16,Офис,Санкт-Петербург,Потребитель,2.0,411.06,822.12,585.54,236.58
7810,2024-03-29,Дом и сад,Москва,Корпоратив,7.0,774.05,5418.35,4273.01,1145.34
7811,2024-02-16,Дом и сад,Санкт-Петербург,Корпоратив,6.0,227.66,1365.96,1076.0,289.96
7812,2023-03-01,Мебель,Екатеринбург,Мелкий опт,19.0,410.24,7794.56,4790.77,3003.79
7813,2023-05-08,Канцелярия,Москва,Потребитель,6.0,210.32,1261.92,697.33,564.59
7814,2024-03-20,Техника,Санкт-Петербург,Потребитель,2.0,588.11,1176.22,857.99,318.23
7815,2024-04-01,Офис,Самара,Мелкий опт,18.0,474.6,8542.8,5617.56,2925.24
7816,2023-11-04,Офис,Новосибирск,Потребитель,3.0,1008.99,3026.97,1910.9,1116.07
7817,2024-11-17,Офис,Новосибирск,Мелкий опт,9.0,492.66,4433.94,3357.31,1076.63
7818,2023-08-06,Дом и сад,Санкт-Петербург,Мелкий опт,17.0,654.96,11134.32,7747.09,3387.23
7819,2023-10-06,Канцелярия,Екатеринбург,Потребитель,6.0,2023.63,12141.78,8960.61,3181.17
7820,2024-12-11,Техника,Самара,Потребитель,41.0,1052.96,43171.36,32408.28,10763.08
7821,2024-08-13,Офис,Москва,Корпоратив,10.0,327.95,3279.5,2118.69,1160.81
7822,2023-03-23,Офис,Екатеринбург,Потребитель,3.0,917.58,2752.74,1979.02,773.72
7823,2023-04-08,Техника,Москва,Потребитель,17.0,83.65,1422.05,1011.49,410.56
7824,2024-02-17,Техника,Екатеринбург,Корпоратив,13.0,102.08,1327.04,734.16,592.88
7825,2023-07-24,Дом и сад,Москва,Корпоратив,95.0,1127.33,107096.35,59652.09,47444.26
7826,2023-02-08,Дом и сад,Москва,Мелкий опт,9.0,445.27,4007.43,2554.1,1453.33
7827,2023-09-21,Офис,Новосибирск,Мелкий опт,2.0,470.54,941.08,702.0,239.08
7828,2024-05-04,Техника,Санкт-Петербург,Потребитель,33.0,395.35,13046.55,7397.02,5649.53
7829,2024-08-23,Дом и сад,Санкт-Петербург,Корпоратив,12.0,233.43,2801.16,1963.04,838.12
7830,2024-04-12,Техника,Санкт-Петербург,Корпоратив,3.0,138.49,415.47,326.24,89.23
7831,2023-07-24,Дом и сад,Санкт-Петербург,Потребитель,4.0,356.08,1424.32,878.84,545.48
7832,2023-08-03,Офис,Санкт-Петербург,Потребитель,12.0,202.39,2428.68,1552.0,876.68
7833,2023-10-22,Мебель,Москва,Корпоратив,2.0,628.29,1256.58,873.3,383.28
7834,2024-05-01,Техника,Новосибирск,Потребитель,6.0,314.01,1884.06,1474.47,409.59
7835,2024-06-19,Канцелярия,Санкт-Петербург,Потребитель,10.0,245.45,2454.5,1352.47,1102.03
7836,2024-04-17,Дом и сад,Санкт-Петербург,Потребитель,9.0,585.32,5267.88,3016.22,2251.66
7837,2024-09-07,Дом и сад,Санкт-Петербург,Корпоратив,13.0,562.95,7318.35,4220.23,3098.12
7838,2024-08-03,Канцелярия,Самара,Корпоратив,10.0,353.97,3539.7,2568.81,970.89
7839,2024-03-15,Канцелярия,Самара,Потребитель,8.0,343.59,2748.72,1968.31,780.41
7840,2023-11-15,Канцелярия,Москва,Корпоратив,21.0,39.81,836.01,626.53,209.48
7841,2023-07-24,Канцелярия,Москва,Потребитель,4.0,614.56,2458.24,1644.64,813.6
7842,2024-07-12,Канцелярия,Самара,Потребитель,4.0,283.65,1134.6,661.86,472.74
7843,2024-01-04,Мебель,Новосибирск,Потребитель,5.0,312.06,1560.3,1062.48,497.82
7844,2023-06-06,Дом и сад,Самара,Корпоратив,11.0,1336.39,14700.29,8897.6,5802.69
7845,2023-06-13,Техника,Москва,Корпоратив,5.0,934.99,4674.95,3168.02,1506.93
7846,2023-07-25,Мебель,Екатеринбург,Мелкий опт,7.0,1435.94,10051.58,7553.92,2497.66
7847,2023-12-17,Техника,Самара,Потребитель,18.0,1574.54,28341.72,16871.29,11470.43
7848,2024-05-27,Дом и сад,Самара,Корпоратив,8.0,230.06,1840.48,1188.0,652.48
7849,2024-05-03,Техника,Новосибирск,Корпоратив,35.0,504.52,17658.2,11363.23,6294.97
7850,2024-05-19,Канцелярия,Екатеринбург,Потребитель,9.0,138.61,1247.49,697.07,550.42
7851,2024-10-05,Канцелярия,Москва,Потребитель,12.0,443.41,5320.92,4007.5,1313.42
7852,2023-01-07,Офис,Екатеринбург,Корпоратив,25.0,44.05,1101.25,617.98,483.27
7853,2023-03-15,Дом и сад,Самара,Мелкий опт,18.0,482.28,8681.04,6770.43,1910.61
7854,2024-07-21,Офис,Екатеринбург,Корпоратив,4.0,182.47,729.88,411.99,317.89
7855,2023-01-22,Мебель,Москва,Потребитель,10.0,121.16,1211.6,850.48,361.12
7856,2023-03-17,Офис,Самара,Потребитель,13.0,360.13,4681.69,2716.77,1964.92
7857,2024-02-07,Техника,Екатеринбург,Корпоратив,2.0,300.36,600.72,351.51,249.21
7858,2023-04-18,Офис,Новосибирск,Корпоратив,15.0,328.85,4932.75,3352.92,1579.83
7859,2023-09-09,Дом и сад,Санкт-Петербург,Корпоратив,9.0,662.73,5964.57,4168.28,1796.29
7860,2024-05-03,Канцелярия,Екатеринбург,Потребитель,7.0,544.96,3814.72,2618.12,1196.6
7861,2023-12-07,Дом и сад,Самара,Корпоратив,12.0,1328.55,15942.6,10683.05,5259.55
7862,2024-01-13,Техника,Москва,Потребитель,7.0,337.12,2359.84,1439.53,920.31
7863,2024-03-03,Офис,Новосибирск,Потребитель,5.0,387.27,1936.35,1314.07,622.28
7864,2023-06-30,Мебель,Москва,Корпоратив,4.0,424.93,1699.72,1150.24,549.48
7865,2023-08-26,Дом и сад,Новосибирск,Корпоратив,2.0,382.81,765.62,505.69,259.93
7866,2024-07-15,Дом и сад,Новосибирск,Потребитель,1.0,95.84,-1.0,59.91,35.93
7867,2023-02-02,Дом и сад,Санкт-Петербург,Корпоратив,6.0,2784.69,16708.14,10872.11,5836.03
7868,2023-03-10,Техника,Москва,Корпоратив,18.0,166.49,2996.82,1765.02,1231.8
7869,2023-08-19,Техника,Санкт-Петербург,Потребитель,9.0,740.22,6661.98,5029.3,1632.68
7870,2023-11-15,Техника,Новосибирск,Потребитель,3.0,732.04,2196.12,1720.19,475.93
7871,2023-07-17,Дом и сад,Самара,Корпоратив,2.0,114.01,228.02,149.38,78.64
7872,2023-05-22,Техника,Екатеринбург,Мелкий опт,4.0,209.24,836.96,531.68,305.28
7873,2024-01-13,Техника,Екатеринбург,Потребитель,1.0,112.83,112.83,71.18,41.65
7874,2024-05-04,Дом и сад,Санкт-Петербург,Потребитель,14.0,281.75,3944.5,2929.98,1014.52
7875,2024-03-16,Дом и сад,Самара,Потребитель,3.0,531.8,1595.4,992.42,602.98
7876,2023-05-26,Дом и сад,Санкт-Петербург,Корпоратив,13.0,115.53,1501.89,1157.62,344.27
7877,2023-11-15,Дом и сад,Новосибирск,Корпоратив,8.0,200.33,1602.64,931.76,670.88
7878,2023-02-04,Мебель,Санкт-Петербург,Потребитель,5.0,929.45,4647.25,3107.88,1539.37
7879,2023-11-20,Дом и сад,Москва,Корпоратив,13.0,398.01,5174.13,2907.65,2266.48
7880,2024-06-04,Техника,Екатеринбург,Потребитель,7.0,478.78,3351.46,2013.57,1337.89
7881,2024-09-21,Мебель,Самара,Корпоратив,7.0,339.17,2374.19,1642.66,731.53
7882,2024-08-25,Офис,Санкт-Петербург,Корпоратив,33.0,468.53,15461.49,12085.08,3376.41
7883,2024-03-31,Дом и сад,Новосибирск,Потребитель,3.0,186.33,558.99,424.28,134.71
7884,2023-06-01,Мебель,Москва,Потребитель,9.0,860.59,7745.31,5259.03,2486.28
7885,2023-05-31,Дом и сад,Санкт-Петербург,Потребитель,1.0,348.27,348.27,236.98,111.29
7886,2024-08-11,Мебель,Москва,Корпоратив,12.0,706.85,8482.2,6686.85,1795.35
7887,2023-04-08,Канцелярия,Екатеринбург,Потребитель,2.0,450.35,900.7,695.04,205.66
7888,2023-01-22,Канцелярия,Самара,Потребитель,22.0,242.99,5345.78,4113.49,1232.29
7889,2023-12-08,Офис,Екатеринбург,Потребитель,14.0,182.89,2560.46,1921.59,638.87
7890,2023-06-28,Дом и сад,Новосибирск,Потребитель,2.0,726.9,1453.8,1085.11,368.69
7891,2023-02-01,Мебель,Новосибирск,Корпоратив,5.0,80.96,404.8,231.56,173.24
7892,2024-01-27,Канцелярия,Самара,Корпоратив,4.0,155.32,621.28,380.05,241.23
7893,2024-01-21,Дом и сад,Москва,Корпоратив,10.0,992.43,9924.3,6249.0,3675.3
7894,2023-10-01,Канцелярия,Новосибирск,Потребитель,45.0,284.87,12819.15,9223.65,3595.5
7895,2024-10-11,Техника,Самара,Потребитель,1.0,412.45,412.45,255.34,157.11
7896,2023-08-16,Техника,Москва,Потребитель,22.0,590.39,12988.58,7420.34,5568.24
7897,2023-07-07,Техника,Самара,Потребитель,39.0,671.74,26197.86,16456.54,9741.32
7898,2024-10-25,Канцелярия,Екатеринбург,Мелкий опт,9.0,1903.32,17129.88,10920.35,6209.53
7899,2024-05-16,Техника,Санкт-Петербург,Потребитель,7.0,1302.05,9114.35,5276.71,3837.64
7900,2023-04-19,Дом и сад,Самара,Потребитель,4.0,2826.6,11306.4,8256.07,3050.33
7901,2024-04-07,Канцелярия,Москва,Корпоратив,9.0,983.79,8854.11,6642.3,2211.81
7902,2023-09-01,Офис,Екатеринбург,Потребитель,21.0,331.17,6954.57,5229.76,1724.81
7903,2024-06-17,Техника,Самара,Потребитель,8.0,1033.71,8269.68,5328.51,2941.17
7904,2024-06-22,Мебель,Москва,Потребитель,,563.09,6193.99,4949.29,1244.7
7905,2023-10-10,Дом и сад,Москва,Потребитель,40.0,160.16,6406.4,3949.89,2456.51
7906,2024-12-14,Техника,Екатеринбург,Корпоратив,29.0,817.51,23707.79,16851.51,6856.28
7907,2023-02-21,Канцелярия,Екатеринбург,Корпоратив,12.0,135.3,1623.6,1061.64,561.96
7908,2023-12-23,Офис,Екатеринбург,Мелкий опт,8.0,384.42,3075.36,2274.41,800.95
7909,2024-08-04,Офис,Екатеринбург,Корпоратив,11.0,358.92,3948.12,2870.2,1077.92
7910,2023-11-27,Канцелярия,Санкт-Петербург,Потребитель,13.0,346.63,4506.19,3448.02,1058.17
7911,2023-10-15,Дом и сад,Москва,Потребитель,30.0,936.55,28096.5,16533.02,11563.48
7912,2024-09-28,Офис,Москва,Потребитель,20.0,277.72,5554.4,3179.58,2374.82
7913,2024-05-26,Дом и сад,Екатеринбург,Потребитель,6.0,300.9,1805.4,1335.98,469.42
7914,2024-07-26,Канцелярия,Новосибирск,Мелкий опт,5.0,549.35,2746.75,2002.81,743.94
7915,2023-09-30,Канцелярия,Москва,Потребитель,5.0,264.92,1324.6,885.85,438.75
7916,2023-08-08,Техника,Новосибирск,Потребитель,22.0,510.8,11237.6,7645.57,3592.03
7917,2024-03-16,Офис,Самара,Мелкий опт,3.0,327.97,983.91,778.35,205.56
7918,2023-12-29,Дом и сад,Новосибирск,Корпоратив,4.0,362.06,1448.24,1096.22,352.02
7919,2023-04-14,Техника,Санкт-Петербург,Потребитель,7.0,1118.35,7828.45,4884.26,2944.19
7920,2023-02-09,Дом и сад,Москва,Корпоратив,15.0,661.14,9917.1,6903.77,3013.33
7921,2024-05-30,Дом и сад,Екатеринбург,Корпоратив,2.0,1062.96,2125.92,1443.67,682.25
7922,2024-09-13,Мебель,Екатеринбург,Мелкий опт,4.0,245.11,980.44,752.87,227.57
7923,2023-12-30,Дом и сад,Екатеринбург,Корпоратив,17.0,522.18,8877.06,6108.5,2768.56
7924,2024-01-27,Мебель,Екатеринбург,Потребитель,3.0,1183.18,3549.54,2204.28,1345.26
7925,2023-11-11,Дом и сад,Самара,Потребитель,11.0,1500.62,16506.82,9836.26,6670.56
7926,2023-03-22,Техника,Екатеринбург,Потребитель,1.0,432.06,432.06,312.14,119.92
7927,2024-02-03,Канцелярия,Москва,Потребитель,13.0,356.59,4635.67,3636.35,999.32
7928,2023-07-29,Техника,Санкт-Петербург,Корпоратив,23.0,131.2,3017.6,2229.82,787.78
7929,2024-07-14,Канцелярия,Екатеринбург,Мелкий опт,5.0,416.77,2083.85,1167.63,916.22
7930,2024-07-16,Дом и сад,Екатеринбург,Потребитель,2.0,2454.63,4909.26,3223.67,1685.59
7931,2024-02-26,Канцелярия,Екатеринбург,Потребитель,24.0,804.13,19299.12,11349.27,7949.85
7932,2023-12-15,Мебель,Москва,Потребитель,7.0,1404.7,9832.9,6017.32,3815.58
7933,2024-01-23,Канцелярия,Москва,Мелкий опт,9.0,423.59,3812.31,2377.49,1434.82
7934,2024-07-16,Дом и сад,Москва,Потребитель,4.0,1238.6,4954.4,2858.2,2096.2
7935,2023-06-11,Дом и сад,Москва,Потребитель,16.0,1651.99,26431.84,17661.18,8770.66
7936,2023-03-31,Офис,Москва,Мелкий опт,4.0,1070.24,4280.96,2491.88,1789.08
7937,2023-02-05,Офис,Москва,Потребитель,11.0,115.12,1266.32,946.46,319.86
7938,2024-11-05,Канцелярия,Самара,Потребитель,3.0,290.06,870.18,672.19,197.99
7939,2024-05-18,Техника,Новосибирск,Корпоратив,5.0,1223.12,6115.6,4554.49,1561.11
7940,2024-02-13,Канцелярия,Самара,Корпоратив,14.0,107.41,1503.74,1194.69,309.05
7941,2024-03-06,Техника,Самара,Потребитель,4.0,447.27,1789.08,1362.16,426.92
7942,2023-01-23,Дом и сад,Санкт-Петербург,Потребитель,4.0,71.66,286.64,201.92,84.72
7943,2024-02-04,Дом и сад,Самара,Потребитель,12.0,238.54,2862.48,2141.11,721.37
7944,2024-01-01,Дом и сад,Санкт-Петербург,Потребитель,7.0,1916.2,13413.4,9605.29,3808.11
7945,2024-09-20,Офис,Москва,Мелкий опт,5.0,1410.66,7053.3,4144.75,2908.55
7946,2023-05-06,Дом и сад,Самара,Мелкий опт,2.0,458.43,916.86,670.22,246.64
7947,2024-07-29,Мебель,Екатеринбург,Потребитель,6.0,431.34,2588.04,1602.75,985.29
7948,2023-09-19,Дом и сад,Самара,Потребитель,3.0,1491.8,4475.4,2995.39,1480.01
7949,2024-03-31,Техника,Санкт-Петербург,Потребитель,2.0,735.63,1471.26,1036.17,435.09
7950,2023-10-03,Техника,Екатеринбург,Корпоратив,11.0,1898.41,20882.51,15976.96,4905.55
7951,2023-09-16,Офис,Санкт-Петербург,Мелкий опт,12.0,1293.31,15519.72,11678.15,3841.57
7952,2024-07-29,Канцелярия,Санкт-Петербург,Потребитель,5.0,453.18,2265.9,1491.69,774.21
7953,2023-05-25,Канцелярия,Самара,Потребитель,26.0,404.52,10517.52,6166.33,4351.19
7954,2024-11-12,Офис,Санкт-Петербург,Потребитель,2.0,186.84,373.68,291.04,82.64
7955,2024-12-01,Техника,Санкт-Петербург,Потребитель,4.0,746.13,2984.52,2058.13,926.39
7956,2024-06-19,Техника,Санкт-Петербург,Мелкий опт,19.0,345.89,6571.91,4678.85,1893.06
7957,2024-12-16,Дом и сад,Новосибирск,Потребитель,7.0,1083.49,7584.43,5365.48,2218.95
7958,2023-07-01,Дом и сад,Новосибирск,Корпоратив,4.0,119.39,477.56,351.82,125.74
7959,2023-03-17,Канцелярия,Екатеринбург,Потребитель,3.0,384.08,1152.24,666.64,485.6
7960,2023-01-29,Техника,Самара,Потребитель,8.0,287.4,2299.2,1558.79,740.41
7961,2024-11-26,Дом и сад,Москва,Потребитель,1.0,136.94,136.94,83.3,53.64
7962,2024-05-30,Техника,Санкт-Петербург,Мелкий опт,4.0,1083.2,4332.8,2629.44,1703.36
7963,2024-05-16,Техника,Санкт-Петербург,Потребитель,9.0,225.49,2029.41,1368.1,661.31
7964,2024-02-29,Мебель,Екатеринбург,Потребитель,8.0,298.3,2386.4,1322.06,1064.34
7965,2024-05-26,Дом и сад,Екатеринбург,Потребитель,5.0,305.99,1529.95,1075.14,454.81
7966,2024-10-27,Техника,Новосибирск,Потребитель,4.0,168.77,675.08,525.79,149.29
7967,2024-03-11,Офис,Самара,Корпоратив,1.0,550.16,550.16,400.69,149.47
7968,2023-08-25,Офис,Москва,Мелкий опт,9.0,480.13,4321.17,2442.84,1878.33
7969,2024-09-13,Техника,Екатеринбург,Потребитель,14.0,1231.91,17246.74,12970.58,4276.16
7970,2024-09-27,Дом и сад,Москва,Потребитель,12.0,745.15,8941.8,5267.4,3674.4
7971,2023-10-03,Дом и сад,Екатеринбург,Корпоратив,3.0,1099.57,3298.71,2059.23,1239.48
7972,2023-11-03,Техника,Екатеринбург,Потребитель,19.0,1194.84,22701.96,17324.33,5377.63
7973,2024-06-05,Мебель,Екатеринбург,Корпоратив,4.0,225.79,903.16,716.32,186.84
7974,2024-10-27,Офис,Екатеринбург,Корпоратив,14.0,607.4,8503.6,5240.21,3263.39
7975,2023-02-14,Канцелярия,Новосибирск,Потребитель,5.0,1511.52,7557.6,5700.53,1857.07
7976,2024-02-16,Техника,Самара,Мелкий опт,3.0,510.79,1532.37,1198.48,333.89
7977,2023-12-15,Канцелярия,Москва,Потребитель,2.0,1737.55,3475.1,2616.96,858.14
7978,2023-01-20,Дом и сад,Самара,Мелкий опт,,330.18,660.36,396.65,263.71
7979,2023-05-25,Канцелярия,Екатеринбург,Потребитель,12.0,1442.42,17309.04,12320.82,4988.22
7980,2023-12-15,Дом и сад,Екатеринбург,Корпоратив,44.0,1045.86,46017.84,26309.51,19708.33
7981,2023-05-13,Офис,Екатеринбург,Корпоратив,1.0,827.96,827.96,655.29,172.67
7982,2023-05-12,Офис,Новосибирск,Потребитель,7.0,561.04,3927.28,2404.87,1522.41
7983,2023-05-02,Дом и сад,Москва,Мелкий опт,14.0,725.83,10161.62,6955.53,3206.09
7984,2024-01-21,Канцелярия,Новосибирск,Потребитель,18.0,549.43,9889.74,6961.94,2927.8
7985,2024-09-19,Канцелярия,Екатеринбург,Потребитель,8.0,443.78,3550.24,2586.59,963.65
7986,2024-03-26,Офис,Екатеринбург,Потребитель,5.0,865.69,4328.45,3140.82,1187.63
7987,2023-12-10,Дом и сад,Екатеринбург,Корпоратив,3.0,2268.64,-1.0,4157.09,2648.83
7988,2023-10-14,Мебель,Москва,Корпоратив,4.0,121.59,486.36,274.07,212.29
7989,2023-04-08,Канцелярия,Самара,Мелкий опт,25.0,274.22,6855.5,5296.73,1558.77
7990,2024-10-14,Мебель,Екатеринбург,Корпоратив,3.0,560.09,1680.27,1109.35,570.92
7991,2023-02-17,Канцелярия,Москва,Корпоратив,10.0,1490.3,14903.0,8742.25,6160.75
7992,2024-05-08,Канцелярия,Москва,Потребитель,4.0,1294.58,5178.32,3507.76,1670.56
7993,2024-08-27,Дом и сад,Екатеринбург,Потребитель,14.0,439.49,6152.86,4449.35,1703.51
7994,2024-09-11,Офис,Екатеринбург,Потребитель,27.0,150.07,4051.89,2337.3,1714.59
7995,2023-11-26,Дом и сад,Екатеринбург,Потребитель,23.0,630.13,14492.99,8472.37,6020.62
7996,2024-05-25,Дом и сад,Москва,Мелкий опт,6.0,175.11,1050.66,699.55,351.11
7997,2023-08-28,Техника,Екатеринбург,Корпоратив,2.0,1016.07,2032.14,1317.84,714.3
7998,2023-03-10,Канцелярия,Санкт-Петербург,Потребитель,8.0,1190.86,9526.88,7059.23,2467.65
7999,2024-01-12,Офис,Москва,Потребитель,17.0,332.27,5648.59,3878.68,1769.91
8000,2024-04-07,Офис,Санкт-Петербург,Потребитель,1.0,139.28,139.28,104.84,34.44
8001,2023-07-08,Техника,Новосибирск,Корпоратив,8.0,1465.77,11726.16,7794.93,3931.23
8002,2023-08-25,Мебель,Новосибирск,Потребитель,10.0,372.79,3727.9,2826.31,901.59
8003,2024-11-15,Канцелярия,Москва,Корпоратив,1.0,129.76,129.76,87.18,42.58
8004,2024-02-12,Мебель,Самара,Корпоратив,5.0,777.95,3889.75,2768.04,1121.71
8005,2023-12-17,Офис,Новосибирск,Потребитель,31.0,578.73,17940.63,14335.98,3604.65
8006,2024-07-12,Мебель,Москва,Корпоратив,4.0,510.09,2040.36,1533.02,507.34
8007,2024-10-10,Канцелярия,Екатеринбург,Мелкий опт,,229.56,2525.16,1826.04,699.12
8008,2024-11-28,Канцелярия,Новосибирск,Корпоратив,2.0,480.53,961.06,592.35,368.71
8009,2023-01-17,Техника,Москва,Потребитель,27.0,913.3,24659.1,19284.64,5374.46
8010,2024-04-15,Канцелярия,Новосибирск,Потребитель,4.0,269.26,1077.04,754.35,322.69
8011,2023-05-11,Техника,Москва,Потребитель,6.0,271.01,1626.06,1176.09,449.97
8012,2024-04-06,Мебель,Екатеринбург,Мелкий опт,30.0,355.97,10679.1,6679.79,3999.31
8013,2023-02-01,Канцелярия,Санкт-Петербург,Потребитель,3.0,446.81,1340.43,904.84,435.59
8014,2024-03-16,Техника,Москва,Потребитель,19.0,755.74,14359.06,11139.35,3219.71
8015,2023-11-18,Канцелярия,Екатеринбург,Потребитель,17.0,432.71,7356.07,5467.0,1889.07
8016,2023-08-31,Канцелярия,Новосибирск,Потребитель,16.0,1356.46,21703.36,12919.95,8783.41
8017,2024-08-30,Мебель,Екатеринбург,Потребитель,46.0,636.0,29256.0,20435.21,8820.79
8018,2023-11-02,Канцелярия,Москва,Потребитель,7.0,416.67,2916.69,1860.32,1056.37
8019,2024-02-19,Техника,Санкт-Петербург,Потребитель,4.0,275.55,1102.2,618.91,483.29
8020,2024-08-30,Техника,Самара,Потребитель,3.0,182.68,548.04,304.52,243.52
8021,2024-06-24,Дом и сад,Санкт-Петербург,Мелкий опт,11.0,389.04,4279.44,2757.4,1522.04
8022,2024-01-01,Офис,Екатеринбург,Мелкий опт,4.0,673.71,2694.84,1700.2,994.64
8023,2024-03-23,Дом и сад,Новосибирск,Мелкий опт,26.0,1206.65,31372.9,24590.98,6781.92
8024,2024-01-14,Дом и сад,Самара,Мелкий опт,4.0,402.34,1609.36,1103.72,505.64
8025,2024-11-15,Техника,Санкт-Петербург,Потребитель,9.0,487.66,4388.94,2932.44,1456.5
8026,2024-04-30,Дом и сад,Санкт-Петербург,Корпоратив,2.0,653.54,-1.0,960.88,346.2
8027,2024-07-23,Офис,Санкт-Петербург,Потребитель,1.0,71.26,71.26,50.07,21.19
8028,2024-03-04,Канцелярия,Самара,Потребитель,5.0,1262.05,6310.25,4106.0,2204.25
8029,2024-05-07,Дом и сад,Екатеринбург,Потребитель,,2674.48,2674.48,2045.44,629.04
8030,2024-11-02,Техника,Москва,Потребитель,3.0,717.44,2152.32,1709.33,442.99
8031,2023-12-22,Мебель,Самара,Мелкий опт,20.0,256.05,5121.0,3263.28,1857.72
8032,2023-09-29,Техника,Санкт-Петербург,Корпоратив,15.0,184.66,2769.9,1694.96,1074.94
8033,2023-12-30,Офис,Новосибирск,Мелкий опт,6.0,360.65,2163.9,1324.1,839.8
8034,2024-07-25,Дом и сад,Екатеринбург,Потребитель,26.0,109.5,2847.0,1879.35,967.65
8035,2023-09-24,Мебель,Екатеринбург,Корпоратив,45.0,333.37,15001.65,11564.08,3437.57
8036,2024-12-31,Дом и сад,Новосибирск,Мелкий опт,55.0,537.99,29589.45,23371.89,6217.56
8037,2023-04-21,Офис,Москва,Корпоратив,16.0,1631.22,26099.52,14777.35,11322.17
8038,2023-11-04,Дом и сад,Самара,Потребитель,23.0,314.32,7229.36,4440.52,2788.84
8039,2024-01-18,Техника,Самара,Корпоратив,2.0,500.01,1000.02,582.6,417.42
8040,2023-12-18,Офис,Санкт-Петербург,Корпоратив,16.0,885.42,14166.72,8602.88,5563.84
8041,2023-07-08,Техника,Санкт-Петербург,Корпоратив,16.0,358.97,5743.52,3986.81,1756.71
8042,2024-03-27,Дом и сад,Санкт-Петербург,Корпоратив,2.0,163.81,327.62,227.6,100.02
8043,2023-05-17,Дом и сад,Санкт-Петербург,Корпоратив,27.0,209.34,5652.18,3154.06,2498.12
8044,2024-10-12,Мебель,Новосибирск,Потребитель,10.0,635.54,6355.4,4666.17,1689.23
8045,2023-05-25,Канцелярия,Санкт-Петербург,Корпоратив,22.0,1048.57,23068.54,16667.65,6400.89
8046,2023-12-26,Канцелярия,Самара,Потребитель,4.0,125.21,500.84,282.32,218.52
8047,2024-02-03,Дом и сад,Самара,Потребитель,9.0,994.25,8948.25,6541.14,2407.11
8048,2024-04-06,Дом и сад,Москва,Потребитель,5.0,661.1,3305.5,2494.6,810.9
8049,2024-02-04,Офис,Москва,Корпоратив,7.0,343.61,2405.27,1661.39,743.88
8050,2023-02-13,Мебель,Санкт-Петербург,Потребитель,15.0,95.36,1430.4,806.65,623.75
8051,2024-11-03,Канцелярия,Санкт-Петербург,Потребитель,41.0,337.36,13831.76,9939.5,3892.26
8052,2023-09-07,Дом и сад,Москва,Потребитель,1.0,334.21,334.21,261.03,73.18
8053,2024-06-22,Офис,Новосибирск,Потребитель,2.0,223.63,447.26,324.66,122.6
8054,2024-11-06,Дом и сад,Новосибирск,Потребитель,6.0,269.83,1618.98,1090.28,528.7
8055,2024-05-12,Офис,Новосибирск,Потребитель,4.0,127.87,511.48,316.15,195.33
8056,2024-11-07,Дом и сад,Новосибирск,Потребитель,9.0,206.54,1858.86,1239.17,619.69
8057,2024-05-12,Дом и сад,Санкт-Петербург,Корпоратив,4.0,323.06,1292.24,975.01,317.23
8058,2023-02-20,Техника,Новосибирск,Корпоратив,13.0,390.59,5077.67,3664.95,1412.72
8059,2023-09-14,Офис,Самара,Потребитель,14.0,760.41,10645.74,5890.16,4755.58
8060,2024-06-27,Канцелярия,Санкт-Петербург,Потребитель,18.0,259.85,4677.3,3239.27,1438.03
8061,2023-11-09,Офис,Самара,Мелкий опт,18.0,384.18,6915.24,4906.01,2009.23
8062,2024-05-18,Дом и сад,Санкт-Петербург,Потребитель,16.0,905.04,14480.64,9991.15,4489.49
8063,2024-05-24,Канцелярия,Санкт-Петербург,Потребитель,2.0,576.33,1152.66,817.56,335.1
8064,2024-04-15,Мебель,Новосибирск,Потребитель,5.0,807.38,4036.9,2253.73,1783.17
8065,2024-06-30,Техника,Екатеринбург,Корпоратив,5.0,587.48,2937.4,1927.26,1010.14
8066,2024-01-09,Дом и сад,Санкт-Петербург,Мелкий опт,9.0,431.92,3887.28,3098.35,788.93
8067,2023-11-19,Офис,Екатеринбург,Мелкий опт,4.0,356.9,1427.6,1025.09,402.51
8068,2024-12-15,Офис,Москва,Потребитель,38.0,205.59,7812.42,4573.66,3238.76
8069,2024-05-08,Канцелярия,Новосибирск,Корпоратив,4.0,352.4,1409.6,864.91,544.69
8070,2023-12-13,Офис,Москва,Потребитель,22.0,329.31,7244.82,4295.26,2949.56
8071,2023-04-21,Дом и сад,Новосибирск,Мелкий опт,4.0,535.54,2142.16,1322.24,819.92
8072,2023-06-25,Канцелярия,Екатеринбург,Потребитель,21.0,896.33,18822.93,10442.21,8380.72
8073,2023-09-15,Дом и сад,Самара,Потребитель,8.0,250.1,2000.8,1126.15,874.65
8074,2023-12-01,Канцелярия,Екатеринбург,Потребитель,6.0,1667.82,10006.92,5755.94,4250.98
8075,2024-06-13,Техника,Санкт-Петербург,Потребитель,2.0,361.74,723.48,520.99,202.49
8076,2024-02-08,Офис,Екатеринбург,Потребитель,9.0,482.38,4341.42,3203.12,1138.3
8077,2023-11-15,Канцелярия,Екатеринбург,Корпоратив,1.0,1370.48,1370.48,929.04,441.44
8078,2023-01-01,Дом и сад,Екатеринбург,Потребитель,2.0,1329.25,2658.5,1573.56,1084.94
8079,2024-09-05,Канцелярия,Новосибирск,Мелкий опт,8.0,550.95,4407.6,3274.62,1132.98
8080,2023-10-12,Канцелярия,Москва,Потребитель,4.0,147.86,591.44,428.13,163.31
8081,2024-02-27,Дом и сад,Новосибирск,Потребитель,11.0,137.08,1507.88,938.56,569.32
8082,2024-03-08,Канцелярия,Новосибирск,Корпоратив,22.0,79.65,1752.3,1079.5,672.8
8083,2023-10-10,Техника,Новосибирск,Потребитель,10.0,468.84,4688.4,3606.54,1081.86
8084,2023-03-16,Дом и сад,Екатеринбург,Корпоратив,4.0,529.09,2116.36,1483.38,632.98
8085,2024-07-11,Офис,Москва,Потребитель,16.0,431.45,6903.2,4269.69,2633.51
8086,2024-11-20,Дом и сад,Екатеринбург,Потребитель,10.0,1452.92,14529.2,9371.64,5157.56
8087,2024-08-05,Канцелярия,Москва,Потребитель,37.0,355.7,13160.9,9906.83,3254.07
8088,2023-10-12,Канцелярия,Самара,Мелкий опт,31.0,4681.56,145128.36,88859.02,56269.34
8089,2023-12-31,Дом и сад,Москва,Корпоратив,6.0,382.35,2294.1,1583.51,710.59
8090,2024-01-17,Техника,Новосибирск,Корпоратив,2.0,589.99,1179.98,669.9,510.08
8091,2024-12-21,Офис,Санкт-Петербург,Мелкий опт,28.0,390.34,10929.52,8326.04,2603.48
8092,2023-04-04,Дом и сад,Екатеринбург,Корпоратив,11.0,1390.54,15295.94,12123.51,3172.43
8093,2024-10-28,Дом и сад,Екатеринбург,Потребитель,2.0,111.83,223.66,157.03,66.63
8094,2024-05-26,Техника,Екатеринбург,Корпоратив,6.0,758.56,4551.36,2583.17,1968.19
8095,2023-03-29,Канцелярия,Екатеринбург,Потребитель,6.0,376.32,2257.92,1628.46,629.46
8096,2023-10-30,Канцелярия,Екатеринбург,Корпоратив,6.0,252.84,1517.04,1208.92,308.12
8097,2024-07-23,Канцелярия,Самара,Потребитель,21.0,455.48,9565.08,6093.0,3472.08
8098,2023-09-04,Канцелярия,Самара,Потребитель,8.0,2889.78,23118.24,16875.11,6243.13
8099,2024-02-28,Дом и сад,Санкт-Петербург,Мелкий опт,3.0,134.45,403.35,269.9,133.45
8100,2024-12-01,Дом и сад,Екатеринбург,Потребитель,5.0,98.28,491.4,271.79,219.61
8101,2023-09-28,Канцелярия,Санкт-Петербург,Корпоратив,4.0,1330.09,5320.36,3545.24,1775.12
8102,2023-02-26,Дом и сад,Москва,Корпоратив,7.0,631.5,4420.5,3192.39,1228.11
8103,2023-07-28,Дом и сад,Санкт-Петербург,Потребитель,14.0,431.98,6047.72,4819.91,1227.81
8104,2023-01-28,Дом и сад,Екатеринбург,Корпоратив,18.0,847.65,15257.7,10556.57,4701.13
8105,2023-01-04,Офис,Санкт-Петербург,Потребитель,3.0,409.09,1227.27,811.24,416.03
8106,2023-01-11,Канцелярия,Екатеринбург,Потребитель,7.0,268.61,1880.27,1294.1,586.17
8107,2024-07-20,Техника,Новосибирск,Корпоратив,,228.81,2516.91,1564.34,952.57
8108,2024-02-11,Канцелярия,Новосибирск,Корпоратив,9.0,319.21,2872.89,2170.82,702.07
8109,2023-05-02,Офис,Самара,Корпоратив,15.0,642.91,9643.65,6379.98,3263.67
8110,2023-02-11,Мебель,Новосибирск,Потребитель,48.0,351.82,16887.36,9882.53,7004.83
8111,2024-11-30,Дом и сад,Санкт-Петербург,Корпоратив,3.0,649.12,1947.36,1306.14,641.22
8112,2023-04-24,Офис,Санкт-Петербург,Корпоратив,10.0,172.16,1721.6,1332.04,389.56
8113,2024-02-23,Офис,Екатеринбург,Корпоратив,10.0,870.62,8706.2,6518.78,2187.42
8114,2023-07-25,Дом и сад,Новосибирск,Потребитель,6.0,114.25,685.5,412.57,272.93
8115,2024-01-24,Канцелярия,Екатеринбург,Потребитель,6.0,481.1,2886.6,2078.78,807.82
8116,2023-06-11,Канцелярия,Санкт-Петербург,Потребитель,8.0,1147.88,9183.04,6581.72,2601.32
8117,2023-09-21,Канцелярия,Новосибирск,Потребитель,6.0,151.48,908.88,520.99,387.89
8118,2023-01-23,Мебель,Москва,Корпоратив,24.0,855.65,20535.6,15942.83,4592.77
8119,2023-10-21,Канцелярия,Москва,Потребитель,12.0,471.97,5663.64,3348.04,2315.6
8120,2024-06-30,Дом и сад,Екатеринбург,Потребитель,6.0,182.32,1093.92,638.44,455.48
8121,2023-12-14,Офис,Самара,Потребитель,93.0,223.23,20760.39,16462.57,4297.82
8122,2023-06-11,Офис,Екатеринбург,Потребитель,7.0,3032.68,21228.76,15409.0,5819.76
8123,2023-01-14,Дом и сад,Санкт-Петербург,Потребитель,19.0,60.44,1148.36,688.33,460.03
8124,2024-10-26,Дом и сад,Новосибирск,Корпоратив,10.0,688.73,6887.3,5202.84,1684.46
8125,2024-03-18,Дом и сад,Екатеринбург,Потребитель,4.0,293.46,1173.84,792.82,381.02
8126,2023-08-30,Мебель,Екатеринбург,Потребитель,9.0,155.85,1402.65,809.66,592.99
8127,2023-03-17,Дом и сад,Москва,Потребитель,7.0,648.35,4538.45,2799.77,1738.68
8128,2024-01-14,Офис,Самара,Потребитель,4.0,874.4,3497.6,2694.85,802.75
8129,2023-05-08,Офис,Екатеринбург,Мелкий опт,8.0,197.68,1581.44,1028.64,552.8
8130,2023-06-01,Техника,Москва,Потребитель,6.0,216.86,1301.16,757.84,543.32
8131,2024-07-12,Офис,Москва,Потребитель,33.0,297.81,9827.73,6613.99,3213.74
8132,2024-08-23,Канцелярия,Москва,Потребитель,16.0,801.78,12828.48,8992.71,3835.77
8133,2023-10-28,Техника,Екатеринбург,Мелкий опт,21.0,123.36,2590.56,1506.48,1084.08
8134,2024-03-18,Дом и сад,Екатеринбург,Потребитель,8.0,482.66,3861.28,2237.33,1623.95
8135,2023-04-20,Офис,Новосибирск,Потребитель,8.0,181.0,1448.0,1016.87,431.13
8136,2024-05-25,Канцелярия,Екатеринбург,Потребитель,3.0,408.82,1226.46,747.44,479.02
8137,2024-04-28,Канцелярия,Москва,Корпоратив,6.0,232.46,1394.76,775.14,619.62
8138,2024-01-26,Канцелярия,Самара,Корпоратив,11.0,1275.87,14034.57,8633.75,5400.82
8139,2023-02-04,Канцелярия,Самара,Потребитель,8.0,863.17,6905.36,5186.35,1719.01
8140,2024-07-17,Офис,Санкт-Петербург,Потребитель,20.0,115.89,2317.8,1368.54,949.26
8141,2024-09-22,Канцелярия,Москва,Потребитель,2.0,203.72,407.44,239.04,168.4
8142,2023-06-04,Канцелярия,Москва,Мелкий опт,8.0,214.91,1719.28,1019.95,699.33
8143,2024-04-12,Техника,Самара,Потребитель,5.0,431.34,2156.7,1690.06,466.64
8144,2023-05-20,Техника,Самара,Потребитель,52.0,246.96,12841.92,9592.08,3249.84
8145,2024-02-07,Техника,Москва,Потребитель,7.0,343.34,2403.38,1599.42,803.96
8146,2024-09-10,Канцелярия,Новосибирск,Потребитель,16.0,261.59,4185.44,3048.4,1137.04
8147,2024-10-10,Техника,Москва,Потребитель,6.0,431.2,2587.2,1443.57,1143.63
8148,2023-11-21,Канцелярия,Самара,Потребитель,5.0,294.01,1470.05,817.34,652.71
8149,2024-07-12,Техника,Санкт-Петербург,Потребитель,8.0,192.54,1540.32,1230.65,309.67
8150,2023-04-21,Дом и сад,Новосибирск,Потребитель,3.0,411.59,1234.77,955.83,278.94
8151,2024-06-19,Дом и сад,Самара,Потребитель,7.0,284.75,1993.25,1579.51,413.74
8152,2023-06-01,Канцелярия,Новосибирск,Корпоратив,13.0,508.57,6611.41,4827.53,1783.88
8153,2024-10-12,Техника,Екатеринбург,Корпоратив,9.0,384.38,3459.42,2679.98,779.44
8154,2024-06-15,Техника,Санкт-Петербург,Потребитель,13.0,2164.49,28138.37,18913.75,9224.62
8155,2023-09-15,Офис,Самара,Мелкий опт,2.0,301.17,602.34,450.3,152.04
8156,2024-08-03,Дом и сад,Екатеринбург,Корпоратив,3.0,169.9,509.7,334.45,175.25
8157,2023-11-28,Техника,Самара,Потребитель,9.0,926.45,8338.05,4676.36,3661.69
8158,2024-10-29,Техника,Екатеринбург,Мелкий опт,4.0,606.63,2426.52,1869.21,557.31
8159,2024-12-11,Офис,Москва,Мелкий опт,66.0,519.79,34306.14,26199.25,8106.89
8160,2024-12-02,Дом и сад,Санкт-Петербург,Корпоратив,3.0,1250.58,3751.74,2345.92,1405.82
8161,2023-12-16,Техника,Екатеринбург,Корпоратив,3.0,548.16,1644.48,1197.93,446.55
8162,2024-03-23,Офис,Новосибирск,Корпоратив,17.0,1120.92,19055.64,11398.66,7656.98
8163,2023-03-29,Мебель,Самара,Корпоратив,8.0,389.92,3119.36,2455.99,663.37
8164,2024-08-26,Офис,Санкт-Петербург,Потребитель,1.0,440.44,440.44,333.0,107.44
8165,2023-07-11,Канцелярия,Самара,Потребитель,7.0,83.79,586.53,412.82,173.71
8166,2023-03-21,Офис,Самара,Потребитель,5.0,333.15,1665.75,1144.01,521.74
8167,2023-02-26,Техника,Самара,Потребитель,2.0,371.59,743.18,497.94,245.24
8168,2023-06-07,Дом и сад,Новосибирск,Мелкий опт,26.0,1122.65,29188.9,18185.25,11003.65
8169,2024-08-08,Дом и сад,Самара,Потребитель,2.0,815.62,1631.24,1282.83,348.41
8170,2024-02-16,Техника,Екатеринбург,Мелкий опт,5.0,1179.68,5898.4,3759.14,2139.26
8171,2024-03-29,Канцелярия,Новосибирск,Потребитель,27.0,330.21,8915.67,6566.98,2348.69
8172,2024-04-09,Дом и сад,Новосибирск,Потребитель,10.0,634.87,6348.7,4782.07,1566.63
8173,2024-01-02,Канцелярия,Екатеринбург,Мелкий опт,8.0,554.15,4433.2,3452.78,980.42
8174,2023-08-05,Дом и сад,Екатеринбург,Потребитель,,269.87,5127.53,3388.97,1738.56
8175,2024-06-14,Дом и сад,Екатеринбург,Корпоратив,6.0,174.72,1048.32,732.59,315.73
8176,2023-01-31,Мебель,Самара,Мелкий опт,,300.01,37501.25,27423.94,10077.31
8177,2024-10-11,Офис,Санкт-Петербург,Потребитель,10.0,1279.64,12796.4,9937.64,2858.76
8178,2024-08-19,Офис,Новосибирск,Потребитель,6.0,464.11,2784.66,1850.37,934.29
8179,2023-06-22,Мебель,Москва,Потребитель,1.0,148.58,148.58,82.53,66.05
8180,2023-03-02,Офис,Москва,Потребитель,44.0,65.98,2903.12,1636.11,1267.01
8181,2023-02-24,Техника,Новосибирск,Корпоратив,24.0,348.36,8360.64,5040.91,3319.73
8182,2023-07-28,Мебель,Санкт-Петербург,Корпоратив,3.0,233.02,699.06,501.88,197.18
8183,2024-03-28,Дом и сад,Екатеринбург,Корпоратив,21.0,2163.26,45428.46,26070.58,19357.88
8184,2023-08-18,Дом и сад,Санкт-Петербург,Потребитель,27.0,411.01,11097.27,7237.87,3859.4
8185,2024-04-01,Офис,Екатеринбург,Потребитель,,1758.5,5275.5,3850.44,1425.06
8186,2023-01-25,Канцелярия,Новосибирск,Потребитель,,651.91,5215.28,3121.17,2094.11
8187,2023-03-03,Техника,Екатеринбург,Мелкий опт,5.0,204.68,1023.4,610.38,413.02
8188,2024-02-18,Офис,Санкт-Петербург,Мелкий опт,45.0,302.08,13593.6,9198.23,4395.37
8189,2024-03-13,Офис,Санкт-Петербург,Корпоратив,23.0,194.45,4472.35,3541.22,931.13
8190,2023-06-28,Мебель,Самара,Мелкий опт,17.0,431.59,7337.03,4753.13,2583.9
8191,2023-03-07,Дом и сад,Самара,Потребитель,29.0,134.93,3912.97,3098.48,814.49
8192,2023-05-03,Канцелярия,Москва,Потребитель,6.0,380.26,2281.56,1667.36,614.2
8193,2023-07-06,Дом и сад,Санкт-Петербург,Потребитель,4.0,294.45,1177.8,844.11,333.69
8194,2024-08-02,Техника,Самара,Мелкий опт,53.0,1119.05,59309.65,35177.93,24131.72
8195,2023-11-17,Дом и сад,Екатеринбург,Потребитель,32.0,515.1,16483.2,11628.61,4854.59
8196,2023-07-31,Техника,Новосибирск,Мелкий опт,3.0,329.84,989.52,687.74,301.78
8197,2024-08-27,Дом и сад,Самара,Потребитель,8.0,509.17,4073.36,3054.08,1019.28
8198,2023-04-02,Канцелярия,Новосибирск,Потребитель,8.0,484.07,3872.56,2518.29,1354.27
8199,2023-12-09,Мебель,Самара,Потребитель,7.0,225.06,1575.42,1236.87,338.55
8200,2023-01-18,Дом и сад,Самара,Потребитель,1.0,402.22,402.22,319.05,83.17
8201,2024-09-11,Техника,Новосибирск,Потребитель,9.0,205.73,1851.57,1094.31,757.26
8202,2023-09-24,Дом и сад,Екатеринбург,Потребитель,16.0,370.3,5924.8,4620.07,1304.73
8203,2023-07-14,Канцелярия,Екатеринбург,Потребитель,4.0,705.16,2820.64,1637.31,1183.33
8204,2023-06-27,Техника,Екатеринбург,Корпоратив,12.0,916.03,10992.36,7518.43,3473.93
8205,2024-10-06,Мебель,Новосибирск,Потребитель,27.0,171.02,4617.54,3569.73,1047.81
8206,2023-12-14,Дом и сад,Екатеринбург,Мелкий опт,8.0,587.73,4701.84,3302.63,1399.21
8207,2023-09-08,Техника,Москва,Потребитель,4.0,211.98,847.92,668.59,179.33
8208,2023-05-14,Дом и сад,Санкт-Петербург,Мелкий опт,13.0,1296.67,16856.71,10653.49,6203.22
8209,2023-09-09,Дом и сад,Новосибирск,Мелкий опт,19.0,503.36,9563.84,6792.86,2770.98
8210,2023-02-11,Дом и сад,Санкт-Петербург,Мелкий опт,10.0,92.54,925.4,736.73,188.67
8211,2023-11-08,Канцелярия,Новосибирск,Корпоратив,28.0,247.29,6924.12,4212.39,2711.73
8212,2024-04-20,Дом и сад,Москва,Мелкий опт,18.0,701.53,12627.54,8507.16,4120.38
8213,2024-09-06,Офис,Новосибирск,Потребитель,33.0,922.7,30449.1,20117.66,10331.44
8214,2024-02-16,Мебель,Самара,Корпоратив,13.0,1669.89,21708.57,14457.58,7250.99
8215,2024-07-06,Техника,Новосибирск,Потребитель,21.0,203.04,4263.84,2423.59,1840.25
8216,2024-02-09,Канцелярия,Екатеринбург,Мелкий опт,3.0,214.0,642.0,485.98,156.02
8217,2024-01-31,Канцелярия,Самара,Потребитель,8.0,370.86,2966.88,2066.92,899.96
8218,2023-12-22,Канцелярия,Санкт-Петербург,Потребитель,9.0,330.95,2978.55,2271.74,706.81
8219,2023-11-25,Канцелярия,Новосибирск,Потребитель,12.0,531.09,6373.08,4245.52,2127.56
8220,2024-02-02,Офис,Москва,Корпоратив,5.0,114.51,572.55,351.03,221.52
8221,2023-10-29,Канцелярия,Москва,Корпоратив,3.0,431.87,1295.61,1022.97,272.64
8222,2024-02-07,Канцелярия,Москва,Корпоратив,10.0,545.19,5451.9,4206.98,1244.92
8223,2024-03-31,Дом и сад,Самара,Корпоратив,21.0,223.1,-1.0,2955.85,1729.25
8224,2024-12-29,Дом и сад,Москва,Потребитель,9.0,220.48,1984.32,1096.84,887.48
8225,2024-04-19,Офис,Санкт-Петербург,Мелкий опт,13.0,442.3,5749.9,3543.75,2206.15
8226,2023-05-02,Техника,Москва,Потребитель,4.0,234.25,937.0,546.72,390.28
8227,2024-02-20,Офис,Самара,Корпоратив,20.0,1249.91,24998.2,19256.79,5741.41
8228,2024-12-21,Канцелярия,Новосибирск,Потребитель,19.0,210.28,3995.32,2267.78,1727.54
8229,2023-05-08,Офис,Москва,Потребитель,18.0,907.33,16331.94,11754.5,4577.44
8230,2024-03-11,Мебель,Самара,Потребитель,22.0,68.56,1508.32,1171.4,336.92
8231,2024-12-10,Офис,Санкт-Петербург,Корпоратив,,91.87,3582.93,2144.85,1438.08
8232,2023-02-19,Техника,Самара,Корпоратив,3.0,642.6,1927.8,1376.94,550.86
8233,2024-05-23,Техника,Екатеринбург,Потребитель,4.0,182.45,729.8,552.21,177.59
8234,2023-12-23,Техника,Самара,Мелкий опт,14.0,498.33,6976.62,5314.31,1662.31
8235,2024-07-18,Дом и сад,Москва,Корпоратив,16.0,168.8,2700.8,2141.92,558.88
8236,2024-03-06,Дом и сад,Москва,Потребитель,3.0,486.23,1458.69,820.82,637.87
8237,2023-10-18,Канцелярия,Новосибирск,Потребитель,26.0,559.39,14544.14,8532.66,6011.48
8238,2023-11-26,Мебель,Новосибирск,Потребитель,7.0,515.57,3608.99,2826.58,782.41
8239,2024-07-14,Канцелярия,Санкт-Петербург,Потребитель,14.0,799.29,11190.06,7199.14,3990.92
8240,2024-04-17,Дом и сад,Москва,Корпоратив,7.0,121.7,851.9,520.8,331.1
8241,2023-06-24,Техника,Санкт-Петербург,Корпоратив,10.0,357.17,3571.7,2073.81,1497.89
8242,2023-11-09,Техника,Екатеринбург,Потребитель,21.0,247.56,5198.76,3437.63,1761.13
8243,2023-10-27,Дом и сад,Санкт-Петербург,Корпоратив,5.0,347.87,1739.35,963.14,776.21
8244,2024-06-20,Канцелярия,Екатеринбург,Потребитель,10.0,910.19,9101.9,5244.16,3857.74
8245,2024-07-09,Офис,Новосибирск,Потребитель,3.0,1367.57,4102.71,2258.24,1844.47
8246,2023-09-09,Дом и сад,Екатеринбург,Потребитель,5.0,90.36,451.8,302.11,149.69
8247,2023-04-17,Дом и сад,Екатеринбург,Корпоратив,4.0,250.12,1000.48,639.93,360.55
8248,2023-12-23,Офис,Екатеринбург,Потребитель,5.0,222.75,1113.75,670.68,443.07
8249,2023-03-18,Канцелярия,Санкт-Петербург,Корпоратив,9.0,745.99,-1.0,4954.95,1758.96
8250,2023-07-14,Канцелярия,Москва,Корпоратив,8.0,288.51,2308.08,1598.93,709.15
8251,2024-08-05,Дом и сад,Новосибирск,Мелкий опт,11.0,232.78,2560.58,1910.27,650.31
8252,2024-05-23,Канцелярия,Новосибирск,Потребитель,19.0,106.36,2020.84,1198.59,822.25
8253,2024-04-10,Канцелярия,Новосибирск,Мелкий опт,30.0,234.51,7035.3,5461.42,1573.88
8254,2023-09-18,Дом и сад,Самара,Потребитель,2.0,538.09,1076.18,651.7,424.48
8255,2023-10-30,Канцелярия,Новосибирск,Потребитель,3.0,325.3,975.9,661.87,314.03
8256,2024-06-25,Дом и сад,Самара,Корпоратив,40.0,426.16,17046.4,12770.49,4275.91
8257,2024-03-25,Техника,Екатеринбург,Корпоратив,9.0,2379.22,21412.98,12956.05,8456.93
8258,2023-06-10,Дом и сад,Москва,Мелкий опт,3.0,384.77,1154.31,649.91,504.4
8259,2024-04-10,Канцелярия,Москва,Потребитель,3.0,1000.6,3001.8,2059.6,942.2
8260,2024-06-04,Канцелярия,Новосибирск,Мелкий опт,7.0,461.91,3233.37,2104.6,1128.77
8261,2023-01-30,Офис,Санкт-Петербург,Мелкий опт,45.0,573.03,25786.35,16287.29,9499.06
8262,2024-02-23,Дом и сад,Екатеринбург,Потребитель,42.0,499.98,20999.16,13725.54,7273.62
8263,2023-11-23,Дом и сад,Новосибирск,Потребитель,7.0,108.91,762.37,441.29,321.08
8264,2024-02-06,Дом и сад,Санкт-Петербург,Мелкий опт,7.0,573.08,4011.56,2222.41,1789.15
8265,2023-12-19,Офис,Екатеринбург,Потребитель,14.0,514.05,7196.7,4123.85,3072.85
8266,2024-03-20,Офис,Екатеринбург,Потребитель,8.0,707.79,5662.32,4498.63,1163.69
8267,2024-11-25,Дом и сад,Екатеринбург,Потребитель,3.0,238.75,716.25,552.06,164.19
8268,2024-08-04,Офис,Екатеринбург,Корпоратив,5.0,320.37,1601.85,893.39,708.46
8269,2023-07-04,Дом и сад,Санкт-Петербург,Потребитель,15.0,360.95,5414.25,3079.78,2334.47
8270,2023-11-03,Техника,Самара,Потребитель,6.0,305.42,1832.52,1429.0,403.52
8271,2023-05-24,Дом и сад,Екатеринбург,Корпоратив,15.0,85.21,1278.15,764.94,513.21
8272,2024-01-27,Техника,Санкт-Петербург,Мелкий опт,22.0,841.27,18507.94,12961.95,5545.99
8273,2024-03-27,Офис,Новосибирск,Потребитель,10.0,538.99,5389.9,3605.37,1784.53
8274,2023-05-08,Дом и сад,Москва,Корпоратив,13.0,182.67,2374.71,1705.51,669.2
8275,2023-07-24,Дом и сад,Екатеринбург,Потребитель,4.0,299.15,1196.6,787.15,409.45
8276,2024-04-11,Техника,Санкт-Петербург,Мелкий опт,8.0,1125.89,9007.12,6815.25,2191.87
8277,2023-04-10,Канцелярия,Самара,Потребитель,13.0,459.79,5977.27,3972.99,2004.28
8278,2024-05-09,Канцелярия,Самара,Мелкий опт,8.0,1104.44,8835.52,5057.26,3778.26
8279,2024-05-17,Канцелярия,Екатеринбург,Корпоратив,2.0,1207.79,2415.58,1492.29,923.29
8280,2023-08-24,Дом и сад,Новосибирск,Потребитель,5.0,1476.7,7383.5,5711.33,1672.17
8281,2023-08-25,Дом и сад,Новосибирск,Потребитель,2.0,533.5,1067.0,841.01,225.99
8282,2023-11-22,Канцелярия,Москва,Корпоратив,2.0,186.85,373.7,254.23,119.47
8283,2024-04-05,Офис,Самара,Потребитель,6.0,1269.41,7616.46,4266.61,3349.85
8284,2024-05-23,Техника,Новосибирск,Потребитель,,812.18,10558.34,7590.42,2967.92
8285,2023-07-21,Техника,Новосибирск,Корпоратив,4.0,1182.66,4730.64,3463.72,1266.92
8286,2023-04-22,Офис,Екатеринбург,Потребитель,2.0,429.93,859.86,579.6,280.26
8287,2024-09-12,Техника,Самара,Корпоратив,4.0,1435.38,5741.52,3777.62,1963.9
8288,2023-07-11,Канцелярия,Екатеринбург,Мелкий опт,6.0,426.96,2561.76,1865.46,696.3
8289,2023-09-04,Мебель,Екатеринбург,Корпоратив,7.0,2372.17,16605.19,11040.87,5564.32
8290,2023-05-14,Дом и сад,Екатеринбург,Мелкий опт,12.0,217.89,2614.68,1725.38,889.3
8291,2024-12-14,Канцелярия,Москва,Корпоратив,7.0,431.34,3019.38,1887.07,1132.31
8292,2024-11-08,Офис,Екатеринбург,Потребитель,6.0,511.28,3067.68,1950.56,1117.12
8293,2023-01-06,Канцелярия,Новосибирск,Корпоратив,14.0,175.27,2453.78,1485.59,968.19
8294,2023-01-28,Дом и сад,Санкт-Петербург,Потребитель,10.0,468.03,4680.3,3018.0,1662.3
8295,2024-08-19,Дом и сад,Санкт-Петербург,Корпоратив,5.0,84.4,422.0,243.8,178.2
8296,2023-12-26,Техника,Москва,Мелкий опт,1.0,690.51,690.51,524.46,166.05
8297,2023-06-27,Мебель,Новосибирск,Потребитель,2.0,185.89,371.78,207.21,164.57
8298,2023-09-09,Офис,Новосибирск,Потребитель,8.0,341.3,2730.4,2017.83,712.57
8299,2024-02-02,Дом и сад,Новосибирск,Корпоратив,12.0,74.6,895.2,632.72,262.48
8300,2024-06-22,Канцелярия,Екатеринбург,Потребитель,10.0,150.69,1506.9,1164.37,342.53
8301,2024-01-20,Дом и сад,Новосибирск,Мелкий опт,1.0,1006.66,1006.66,712.76,293.9
8302,2024-11-25,Канцелярия,Санкт-Петербург,Потребитель,3.0,887.78,2663.34,1597.47,1065.87
8303,2024-02-27,Канцелярия,Екатеринбург,Потребитель,6.0,1066.41,6398.46,3867.65,2530.81
8304,2024-03-23,Офис,Екатеринбург,Мелкий опт,11.0,99.85,1098.35,703.15,395.2
8305,2023-02-01,Дом и сад,Екатеринбург,Потребитель,48.0,297.81,14294.88,8440.92,5853.96
8306,2024-03-06,Техника,Самара,Корпоратив,5.0,129.66,648.3,476.89,171.41
8307,2024-08-19,Дом и сад,Самара,Мелкий опт,11.0,404.55,4450.05,2718.32,1731.73
8308,2024-09-15,Офис,Новосибирск,Мелкий опт,12.0,140.53,1686.36,1196.71,489.65
8309,2024-04-21,Канцелярия,Санкт-Петербург,Потребитель,12.0,392.0,4704.0,3724.62,979.38
8310,2023-01-29,Мебель,Санкт-Петербург,Потребитель,100.0,200.32,20032.0,13904.47,6127.53
8311,2024-10-29,Офис,Екатеринбург,Корпоратив,4.0,545.77,2183.08,1297.4,885.68
8312,2024-12-13,Канцелярия,Самара,Потребитель,14.0,229.11,3207.54,1909.49,1298.05
8313,2023-07-16,Техника,Москва,Потребитель,15.0,811.55,12173.25,8906.47,3266.78
8314,2024-06-25,Канцелярия,Новосибирск,Потребитель,19.0,231.92,4406.48,3142.89,1263.59
8315,2023-07-06,Мебель,Москва,Корпоратив,9.0,236.01,2124.09,1643.58,480.51
8316,2023-11-01,Канцелярия,Новосибирск,Корпоратив,28.0,184.91,5177.48,3061.44,2116.04
8317,2024-03-29,Техника,Самара,Корпоратив,3.0,968.88,2906.64,1795.54,1111.1
8318,2024-12-11,Офис,Москва,Корпоратив,16.0,1101.44,17623.04,11418.7,6204.34
8319,2024-01-11,Техника,Екатеринбург,Потребитель,6.0,210.82,1264.92,850.53,414.39
8320,2023-07-01,Техника,Москва,Потребитель,51.0,1174.63,59906.13,46681.08,13225.05
8321,2024-08-01,Канцелярия,Москва,Потребитель,11.0,524.7,5771.7,4175.95,1595.75
8322,2023-11-26,Мебель,Санкт-Петербург,Потребитель,12.0,116.82,1401.84,1036.76,365.08
8323,2024-06-21,Канцелярия,Москва,Корпоратив,4.0,185.97,743.88,540.48,203.4
8324,2023-12-14,Канцелярия,Санкт-Петербург,Потребитель,9.0,453.04,4077.36,2498.19,1579.17
8325,2023-08-25,Мебель,Москва,Потребитель,5.0,181.06,905.3,499.89,405.41
8326,2024-05-03,Техника,Новосибирск,Потребитель,9.0,126.23,1136.07,715.16,420.91
8327,2024-02-11,Канцелярия,Москва,Корпоратив,9.0,1167.71,10509.39,6397.17,4112.22
8328,2023-02-21,Мебель,Екатеринбург,Потребитель,5.0,730.51,3652.55,2277.15,1375.4
8329,2023-09-15,Дом и сад,Санкт-Петербург,Потребитель,7.0,279.73,1958.11,1313.26,644.85
8330,2023-05-23,Дом и сад,Самара,Потребитель,27.0,391.38,10567.26,6959.14,3608.12
8331,2023-03-22,Канцелярия,Екатеринбург,Мелкий опт,24.0,1772.76,42546.24,29113.15,13433.09
8332,2023-07-03,Мебель,Санкт-Петербург,Корпоратив,12.0,1992.73,23912.76,18392.51,5520.25
8333,2023-01-28,Дом и сад,Самара,Потребитель,17.0,176.74,3004.58,2172.15,832.43
8334,2024-02-06,Мебель,Новосибирск,Корпоратив,6.0,166.82,1000.92,609.19,391.73
8335,2023-09-27,Канцелярия,Санкт-Петербург,Корпоратив,39.0,522.58,20380.62,13283.26,7097.36
8336,2024-11-05,Мебель,Санкт-Петербург,Потребитель,4.0,210.91,843.64,560.53,283.11
8337,2024-01-27,Канцелярия,Новосибирск,Корпоратив,1.0,246.52,246.52,153.29,93.23
8338,2023-05-10,Техника,Москва,Потребитель,28.0,149.17,4176.76,3154.49,1022.27
8339,2023-01-22,Канцелярия,Москва,Корпоратив,1.0,516.11,516.11,386.58,129.53
8340,2024-05-29,Канцелярия,Екатеринбург,Потребитель,8.0,667.2,5337.6,3788.75,1548.85
8341,2023-10-07,Техника,Новосибирск,Потребитель,5.0,297.72,1488.6,896.62,591.98
8342,2023-09-13,Канцелярия,Санкт-Петербург,Корпоратив,19.0,507.72,9646.68,7135.62,2511.06
8343,2023-10-28,Дом и сад,Москва,Потребитель,1.0,777.91,777.91,439.53,338.38
8344,2023-08-27,Мебель,Москва,Потребитель,2.0,115.82,231.64,149.47,82.17
8345,2023-09-20,Техника,Санкт-Петербург,Потребитель,32.0,125.3,4009.6,2773.68,1235.92
8346,2024-06-26,Канцелярия,Новосибирск,Потребитель,1.0,95.87,95.87,54.35,41.52
8347,2023-02-05,Мебель,Санкт-Петербург,Корпоратив,5.0,307.23,1536.15,1094.62,441.53
8348,2024-09-14,Офис,Москва,Корпоратив,16.0,210.03,3360.48,1994.43,1366.05
8349,2023-01-02,Техника,Москва,Потребитель,13.0,601.38,7817.94,4536.78,3281.16
8350,2023-12-18,Техника,Новосибирск,Корпоратив,3.0,503.53,1510.59,928.18,582.41
8351,2024-06-21,Дом и сад,Новосибирск,Потребитель,,305.82,5504.76,4260.17,1244.59
8352,2023-05-21,Техника,Москва,Мелкий опт,2.0,962.41,1924.82,1440.31,484.51
8353,2023-02-19,Дом и сад,Самара,Мелкий опт,11.0,640.29,7043.19,4605.58,2437.61
8354,2023-03-05,Мебель,Москва,Потребитель,9.0,157.13,1414.17,916.48,497.69
8355,2024-06-09,Дом и сад,Екатеринбург,Потребитель,32.0,280.36,8971.52,5971.43,3000.09
8356,2024-11-18,Дом и сад,Новосибирск,Мелкий опт,7.0,402.29,2816.03,1655.7,1160.33
8357,2024-01-03,Дом и сад,Новосибирск,Потребитель,7.0,593.08,4151.56,3008.85,1142.71
8358,2023-10-26,Канцелярия,Новосибирск,Корпоратив,29.0,537.16,15577.64,11860.86,3716.78
8359,2024-02-17,Канцелярия,Москва,Корпоратив,11.0,340.88,3749.68,2477.8,1271.88
8360,2023-09-18,Дом и сад,Санкт-Петербург,Потребитель,17.0,211.72,3599.24,2487.12,1112.12
8361,2024-04-16,Офис,Москва,Мелкий опт,6.0,145.59,873.54,597.51,276.03
8362,2023-10-04,Техника,Москва,Потребитель,110.0,722.16,79437.6,55463.79,23973.81
8363,2023-06-07,Канцелярия,Новосибирск,Потребитель,6.0,285.33,1711.98,1044.19,667.79
8364,2024-10-10,Дом и сад,Новосибирск,Корпоратив,8.0,264.54,2116.32,1523.12,593.2
8365,2024-04-16,Техника,Санкт-Петербург,Потребитель,2.0,371.53,743.06,541.56,201.5
8366,2024-12-09,Дом и сад,Екатеринбург,Мелкий опт,9.0,104.95,944.55,598.67,345.88
8367,2024-10-24,Дом и сад,Санкт-Петербург,Корпоратив,10.0,651.0,6510.0,3764.25,2745.75
8368,2024-09-26,Техника,Самара,Мелкий опт,38.0,173.2,6581.6,5217.86,1363.74
8369,2023-06-06,Канцелярия,Новосибирск,Потребитель,7.0,182.83,1279.81,955.28,324.53
8370,2024-12-06,Дом и сад,Москва,Потребитель,,209.73,1468.11,825.51,642.6
8371,2023-10-29,Мебель,Новосибирск,Потребитель,3.0,308.89,926.67,664.82,261.85
8372,2023-02-17,Канцелярия,Самара,Потребитель,6.0,5603.04,33618.24,25082.7,8535.54
8373,2023-10-11,Техника,Екатеринбург,Мелкий опт,6.0,495.05,2970.3,1856.4,1113.9
8374,2024-07-18,Канцелярия,Екатеринбург,Потребитель,16.0,943.98,15103.68,9025.83,6077.85
8375,2024-04-18,Дом и сад,Санкт-Петербург,Корпоратив,5.0,294.15,1470.75,1075.0,395.75
8376,2024-09-21,Дом и сад,Екатеринбург,Корпоратив,85.0,255.73,21737.05,15225.74,6511.31
8377,2023-09-14,Мебель,Москва,Корпоратив,7.0,412.59,2888.13,2172.45,715.68
8378,2024-10-09,Канцелярия,Санкт-Петербург,Потребитель,1.0,483.89,483.89,384.27,99.62
8379,2023-01-07,Офис,Самара,Потребитель,14.0,624.45,8742.3,6149.78,2592.52
8380,2023-01-27,Дом и сад,Москва,Потребитель,4.0,112.22,448.88,357.7,91.18
8381,2024-04-17,Офис,Москва,Корпоратив,5.0,126.75,633.75,401.22,232.53
8382,2023-08-03,Дом и сад,Екатеринбург,Потребитель,3.0,403.11,1209.33,841.26,368.07
8383,2023-09-27,Канцелярия,Самара,Корпоратив,17.0,1727.98,29375.66,18652.47,10723.19
8384,2024-05-13,Дом и сад,Самара,Корпоратив,5.0,203.47,1017.35,759.67,257.68
8385,2024-06-27,Дом и сад,Москва,Потребитель,10.0,117.9,1179.0,833.3,345.7
8386,2023-02-17,Дом и сад,Москва,Потребитель,10.0,231.3,2313.0,1303.48,1009.52
8387,2023-07-15,Офис,Москва,Корпоратив,9.0,311.97,2807.73,2085.89,721.84
8388,2023-06-11,Техника,Санкт-Петербург,Корпоратив,13.0,610.48,7936.24,5646.03,2290.21
8389,2023-04-10,Офис,Москва,Потребитель,2.0,70.96,141.92,96.32,45.6
8390,2024-02-24,Дом и сад,Екатеринбург,Корпоратив,16.0,679.37,10869.92,7804.36,3065.56
8391,2024-04-03,Техника,Екатеринбург,Корпоратив,17.0,184.32,3133.44,2274.19,859.25
8392,2023-11-10,Офис,Новосибирск,Корпоратив,5.0,210.22,1051.1,727.27,323.83
8393,2023-06-18,Офис,Екатеринбург,Потребитель,41.0,684.46,28062.86,18848.63,9214.23
8394,2024-06-17,Офис,Екатеринбург,Потребитель,13.0,183.71,2388.23,1453.02,935.21
8395,2024-07-04,Канцелярия,Москва,Потребитель,1.0,61.78,61.78,39.22,22.56
8396,2023-10-31,Дом и сад,Санкт-Петербург,Потребитель,42.0,330.96,13900.32,9436.14,4464.18
8397,2023-10-22,Канцелярия,Москва,Потребитель,11.0,604.24,6646.64,4890.17,1756.47
8398,2023-11-02,Дом и сад,Новосибирск,Корпоратив,7.0,287.15,2010.05,1131.08,878.97
8399,2023-03-12,Дом и сад,Новосибирск,Потребитель,34.0,80.33,2731.22,1700.48,1030.74
8400,2023-11-15,Мебель,Санкт-Петербург,Потребитель,4.0,370.35,1481.4,1119.37,362.03
8401,2023-06-04,Канцелярия,Новосибирск,Потребитель,5.0,1171.04,5855.2,3441.83,2413.37
8402,2024-12-08,Офис,Екатеринбург,Потребитель,38.0,205.49,7808.62,5091.92,2716.7
8403,2024-06-26,Офис,Санкт-Петербург,Потребитель,8.0,863.09,6904.72,5131.44,1773.28
8404,2024-05-15,Дом и сад,Новосибирск,Корпоратив,3.0,490.85,1472.55,1152.74,319.81
8405,2024-02-20,Мебель,Екатеринбург,Корпоратив,12.0,515.5,6186.0,4770.74,1415.26
8406,2023-06-29,Дом и сад,Самара,Корпоратив,7.0,316.32,2214.24,1332.48,881.76
8407,2023-12-30,Дом и сад,Самара,Потребитель,24.0,505.26,12126.24,7294.34,4831.9
8408,2023-12-18,Дом и сад,Москва,Потребитель,14.0,358.68,5021.52,2810.54,2210.98
8409,2023-04-24,Дом и сад,Новосибирск,Потребитель,19.0,1642.52,31207.88,17982.05,13225.83
8410,2024-08-28,Дом и сад,Самара,Потребитель,9.0,386.17,3475.53,1974.15,1501.38
8411,2023-06-24,Офис,Екатеринбург,Корпоратив,11.0,732.42,8056.62,5976.69,2079.93
8412,2023-11-26,Дом и сад,Самара,Мелкий опт,53.0,471.19,24973.07,16030.31,8942.76
8413,2023-09-17,Техника,Самара,Потребитель,14.0,208.23,2915.22,1874.33,1040.89
8414,2023-02-07,Канцелярия,Новосибирск,Потребитель,6.0,290.31,1741.86,1101.08,640.78
8415,2023-05-09,Канцелярия,Екатеринбург,Корпоратив,2.0,1180.24,2360.48,1887.3,473.18
8416,2023-11-06,Канцелярия,Новосибирск,Корпоратив,60.0,187.11,11226.6,7181.13,4045.47
8417,2024-07-21,Мебель,Санкт-Петербург,Потребитель,18.0,73.87,1329.66,902.1,427.56
8418,2024-08-06,Канцелярия,Москва,Потребитель,4.0,464.24,1856.96,1052.01,804.95
8419,2023-08-18,Канцелярия,Москва,Корпоратив,4.0,373.6,1494.4,1000.21,494.19
8420,2023-01-31,Мебель,Самара,Мелкий опт,14.0,962.87,13480.18,10093.0,3387.18
8421,2024-06-27,Канцелярия,Москва,Потребитель,1.0,376.53,376.53,272.74,103.79
8422,2024-02-13,Мебель,Самара,Потребитель,4.0,156.73,626.92,354.0,272.92
8423,2024-03-23,Дом и сад,Санкт-Петербург,Потребитель,5.0,57.01,285.05,193.27,91.78
8424,2023-02-02,Мебель,Москва,Потребитель,13.0,78.95,1026.35,588.59,437.76
8425,2024-08-24,Офис,Самара,Мелкий опт,18.0,1947.56,35056.08,23495.61,11560.47
8426,2023-02-24,Техника,Санкт-Петербург,Потребитель,11.0,620.97,6830.67,3844.09,2986.58
8427,2024-09-05,Дом и сад,Новосибирск,Корпоратив,5.0,618.79,3093.95,2369.58,724.37
8428,2024-12-31,Канцелярия,Екатеринбург,Потребитель,17.0,549.14,9335.38,7368.42,1966.96
8429,2024-12-20,Мебель,Новосибирск,Потребитель,2.0,236.75,473.5,328.1,145.4
8430,2024-03-30,Дом и сад,Санкт-Петербург,Корпоратив,2.0,339.62,679.24,413.95,265.29
8431,2024-10-08,Техника,Самара,Мелкий опт,53.0,567.63,30084.39,18882.07,11202.32
8432,2023-10-04,Техника,Санкт-Петербург,Потребитель,7.0,821.94,5753.58,3268.09,2485.49
8433,2024-09-20,Канцелярия,Екатеринбург,Потребитель,12.0,493.33,5919.96,3947.53,1972.43
8434,2023-04-15,Канцелярия,Москва,Корпоратив,20.0,748.66,14973.2,9467.45,5505.75
8435,2024-02-06,Дом и сад,Екатеринбург,Потребитель,9.0,923.39,8310.51,5172.65,3137.86
8436,2024-04-13,Офис,Новосибирск,Потребитель,10.0,1513.19,15131.9,10164.79,4967.11
8437,2024-11-21,Канцелярия,Самара,Потребитель,13.0,217.55,2828.15,1567.34,1260.81
8438,2024-04-12,Канцелярия,Екатеринбург,Корпоратив,9.0,709.9,6389.1,3845.59,2543.51
8439,2024-02-20,Канцелярия,Москва,Потребитель,4.0,297.06,1188.24,766.23,422.01
8440,2023-09-20,Мебель,Москва,Потребитель,6.0,1007.11,6042.66,4231.09,1811.57
8441,2024-03-31,Дом и сад,Новосибирск,Потребитель,8.0,131.23,1049.84,734.48,315.36
8442,2024-05-09,Канцелярия,Москва,Потребитель,6.0,121.27,727.62,502.59,225.03
8443,2024-01-14,Дом и сад,Санкт-Петербург,Мелкий опт,32.0,416.61,13331.52,8538.37,4793.15
8444,2024-06-02,Дом и сад,Екатеринбург,Потребитель,3.0,476.9,1430.7,957.89,472.81
8445,2024-10-21,Офис,Самара,Корпоратив,4.0,579.41,2317.64,1654.41,663.23
8446,2023-12-18,Дом и сад,Санкт-Петербург,Потребитель,31.0,332.19,10297.89,7641.33,2656.56
8447,2024-09-16,Мебель,Самара,Потребитель,15.0,292.37,4385.55,3193.59,1191.96
8448,2023-01-17,Дом и сад,Новосибирск,Мелкий опт,5.0,182.2,911.0,718.23,192.77
8449,2024-05-08,Дом и сад,Самара,Потребитель,3.0,1258.69,3776.07,2173.25,1602.82
8450,2023-09-14,Мебель,Новосибирск,Потребитель,30.0,555.37,16661.1,12263.97,4397.13
8451,2024-12-22,Канцелярия,Москва,Мелкий опт,8.0,772.04,6176.32,3631.23,2545.09
8452,2024-08-25,Офис,Самара,Корпоратив,22.0,193.36,4253.92,2506.72,1747.2
8453,2024-03-07,Канцелярия,Новосибирск,Корпоратив,9.0,507.58,4568.22,2985.67,1582.55
8454,2024-02-17,Дом и сад,Санкт-Петербург,Потребитель,32.0,104.18,3333.76,2127.14,1206.62
8455,2023-01-26,Дом и сад,Екатеринбург,Корпоратив,3.0,420.43,1261.29,1000.86,260.43
8456,2023-11-28,Техника,Самара,Потребитель,11.0,1801.83,19820.13,12594.26,7225.87
8457,2023-01-01,Дом и сад,Новосибирск,Корпоратив,2.0,225.71,451.42,270.71,180.71
8458,2024-08-10,Техника,Новосибирск,Потребитель,5.0,195.27,976.35,770.51,205.84
8459,2023-10-10,Дом и сад,Екатеринбург,Потребитель,2.0,952.95,1905.9,1394.89,511.01
8460,2024-07-06,Офис,Новосибирск,Корпоратив,3.0,285.96,857.88,666.73,191.15
8461,2024-05-30,Техника,Москва,Потребитель,4.0,901.34,3605.36,2475.06,1130.3
8462,2023-09-06,Техника,Самара,Потребитель,9.0,805.0,7245.0,5075.01,2169.99
8463,2023-07-05,Мебель,Санкт-Петербург,Потребитель,4.0,568.04,2272.16,1358.93,913.23
8464,2023-12-07,Офис,Самара,Потребитель,9.0,257.93,2321.37,1492.82,828.55
8465,2024-12-13,Дом и сад,Самара,Мелкий опт,6.0,388.82,2332.92,1803.51,529.41
8466,2023-08-26,Канцелярия,Самара,Потребитель,6.0,1483.92,8903.52,5764.44,3139.08
8467,2023-11-22,Офис,Москва,Потребитель,7.0,508.57,3559.99,2378.25,1181.74
8468,2024-05-11,Офис,Санкт-Петербург,Мелкий опт,7.0,1076.13,7532.91,5569.56,1963.35
8469,2023-03-10,Мебель,Новосибирск,Потребитель,7.0,729.04,5103.28,3914.8,1188.48
8470,2023-07-18,Техника,Екатеринбург,Потребитель,12.0,769.3,9231.6,6083.38,3148.22
8471,2023-10-17,Дом и сад,Екатеринбург,Потребитель,62.0,192.16,11913.92,8053.75,3860.17
8472,2024-12-27,Офис,Екатеринбург,Потребитель,10.0,873.6,8736.0,5265.8,3470.2
8473,2023-06-19,Канцелярия,Москва,Корпоратив,11.0,263.4,2897.4,1970.18,927.22
8474,2023-02-20,Канцелярия,Санкт-Петербург,Мелкий опт,18.0,273.94,4930.92,3380.33,1550.59
8475,2023-03-12,Офис,Екатеринбург,Потребитель,3.0,222.91,668.73,519.75,148.98
8476,2023-10-21,Техника,Москва,Потребитель,29.0,504.75,14637.75,9701.6,4936.15
8477,2024-10-26,Канцелярия,Новосибирск,Потребитель,1.0,205.13,205.13,142.3,62.83
8478,2023-04-04,Канцелярия,Москва,Потребитель,16.0,171.55,2744.8,2105.92,638.88
8479,2023-02-23,Офис,Санкт-Петербург,Корпоратив,5.0,590.77,2953.85,2187.3,766.55
8480,2023-03-17,Дом и сад,Санкт-Петербург,Мелкий опт,15.0,378.44,5676.6,3259.09,2417.51
8481,2023-04-16,Мебель,Новосибирск,Мелкий опт,8.0,495.6,3964.8,2382.26,1582.54
8482,2024-03-19,Офис,Москва,Потребитель,6.0,267.8,1606.8,1127.86,478.94
8483,2023-05-08,Офис,Москва,Потребитель,5.0,322.26,1611.3,1234.92,376.38
8484,2024-03-29,Дом и сад,Новосибирск,Потребитель,45.0,329.92,14846.4,10252.75,4593.65
8485,2023-12-08,Дом и сад,Екатеринбург,Потребитель,40.0,280.78,11231.2,8061.47,3169.73
8486,2024-02-24,Дом и сад,Санкт-Петербург,Мелкий опт,25.0,537.22,13430.5,9073.77,4356.73
8487,2023-08-01,Офис,Новосибирск,Потребитель,18.0,37.35,672.3,479.7,192.6
8488,2023-08-16,Мебель,Самара,Потребитель,27.0,976.72,26371.44,18809.41,7562.03
8489,2023-09-27,Дом и сад,Самара,Корпоратив,4.0,361.09,1444.36,1122.1,322.26
8490,2024-10-17,Мебель,Москва,Мелкий опт,35.0,207.21,7252.35,4512.88,2739.47
8491,2023-01-03,Техника,Санкт-Петербург,Мелкий опт,,654.03,15042.69,9723.03,5319.66
8492,2023-12-22,Канцелярия,Санкт-Петербург,Корпоратив,5.0,278.22,1391.1,1068.6,322.5
8493,2023-08-17,Техника,Москва,Потребитель,2.0,573.02,1146.04,700.16,445.88
8494,2023-05-22,Дом и сад,Самара,Мелкий опт,3.0,1118.43,3355.29,2197.4,1157.89
8495,2024-03-07,Канцелярия,Екатеринбург,Потребитель,12.0,3213.13,38557.56,24501.86,14055.7
8496,2023-02-24,Дом и сад,Самара,Корпоратив,18.0,473.06,8515.08,4689.96,3825.12
8497,2023-09-09,Дом и сад,Самара,Корпоратив,6.0,192.91,1157.46,739.28,418.18
8498,2024-09-11,Дом и сад,Санкт-Петербург,Корпоратив,15.0,872.17,13082.55,7359.59,5722.96
8499,2024-10-20,Дом и сад,Москва,Потребитель,27.0,1261.07,34048.89,23328.77,10720.12
8500,2024-03-06,Канцелярия,Санкт-Петербург,Корпоратив,1.0,238.28,238.28,146.77,91.51
8501,2023-01-03,Дом и сад,Санкт-Петербург,Потребитель,10.0,403.71,4037.1,2240.97,1796.13
8502,2023-03-08,Мебель,Екатеринбург,Потребитель,22.0,635.75,13986.5,7704.04,6282.46
8503,2023-11-16,Техника,Самара,Потребитель,3.0,793.18,2379.54,1524.5,855.04
8504,2023-06-22,Дом и сад,Санкт-Петербург,Корпоратив,17.0,496.12,8434.04,6356.32,2077.72
8505,2024-10-07,Дом и сад,Новосибирск,Мелкий опт,10.0,138.1,1381.0,856.07,524.93
8506,2023-10-25,Мебель,Новосибирск,Потребитель,41.0,884.86,36279.26,24568.91,11710.35
8507,2023-07-29,Канцелярия,Самара,Мелкий опт,14.0,651.3,9118.2,5363.48,3754.72
8508,2023-06-15,Канцелярия,Новосибирск,Корпоратив,3.0,881.45,2644.35,1664.22,980.13
8509,2024-04-12,Мебель,Самара,Корпоратив,82.0,968.53,79419.46,49334.85,30084.61
8510,2024-01-29,Техника,Санкт-Петербург,Мелкий опт,10.0,880.82,8808.2,5472.42,3335.78
8511,2024-08-09,Дом и сад,Самара,Мелкий опт,12.0,71.29,855.48,626.34,229.14
8512,2023-02-19,Дом и сад,Москва,Потребитель,11.0,655.38,7209.18,5399.75,1809.43
8513,2023-06-19,Техника,Новосибирск,Мелкий опт,2.0,158.38,316.76,248.49,68.27
8514,2023-08-10,Канцелярия,Санкт-Петербург,Корпоратив,7.0,199.44,1396.08,1000.02,396.06
8515,2024-09-08,Канцелярия,Екатеринбург,Потребитель,6.0,314.58,1887.48,1074.08,813.4
8516,2023-03-01,Канцелярия,Самара,Потребитель,2.0,549.65,1099.3,617.33,481.97
8517,2023-12-30,Дом и сад,Санкт-Петербург,Корпоратив,17.0,1335.78,22708.26,16594.89,6113.37
8518,2023-03-16,Техника,Самара,Мелкий опт,3.0,249.18,747.54,560.17,187.37
8519,2024-05-15,Офис,Новосибирск,Потребитель,3.0,1042.85,3128.55,2178.34,950.21
8520,2024-07-27,Техника,Самара,Потребитель,4.0,1111.42,4445.68,3284.59,1161.09
8521,2024-02-05,Дом и сад,Новосибирск,Корпоратив,30.0,622.8,18684.0,13569.01,5114.99
8522,2024-04-11,Техника,Новосибирск,Потребитель,42.0,380.02,15960.84,10672.89,5287.95
8523,2024-07-30,Канцелярия,Москва,Потребитель,,347.45,2084.7,1455.68,629.02
8524,2023-03-28,Канцелярия,Москва,Потребитель,6.0,175.18,1051.08,589.73,461.35
8525,2024-06-22,Мебель,Екатеринбург,Потребитель,61.0,248.99,15188.39,11139.62,4048.77
8526,2023-05-29,Дом и сад,Новосибирск,Корпоратив,8.0,147.85,1182.8,918.98,263.82
8527,2024-03-01,Дом и сад,Самара,Потребитель,1.0,221.29,221.29,162.96,58.33
8528,2024-06-06,Канцелярия,Самара,Мелкий опт,18.0,627.05,11286.9,7066.36,4220.54
8529,2023-11-23,Дом и сад,Самара,Мелкий опт,7.0,281.75,1972.25,1439.8,532.45
8530,2023-11-04,Техника,Москва,Потребитель,15.0,166.84,2502.6,1559.19,943.41
8531,2023-09-20,Мебель,Москва,Мелкий опт,7.0,345.96,2421.72,1885.24,536.48
8532,2023-05-02,Мебель,Новосибирск,Корпоратив,8.0,978.79,7830.32,5040.17,2790.15
8533,2023-01-25,Канцелярия,Екатеринбург,Потребитель,9.0,293.4,2640.6,1831.65,808.95
8534,2023-09-22,Офис,Самара,Потребитель,46.0,124.4,5722.4,3808.7,1913.7
8535,2023-02-07,Офис,Самара,Корпоратив,1.0,248.47,248.47,142.89,105.58
8536,2024-04-23,Техника,Екатеринбург,Корпоратив,15.0,311.19,4667.85,3653.46,1014.39
8537,2023-07-15,Дом и сад,Самара,Потребитель,2.0,168.29,336.58,233.29,103.29
8538,2024-04-15,Дом и сад,Екатеринбург,Корпоратив,6.0,297.3,1783.8,1204.24,579.56
8539,2024-05-24,Мебель,Москва,Корпоратив,2.0,154.84,309.68,181.87,127.81
8540,2023-01-26,Дом и сад,Самара,Потребитель,2.0,600.84,1201.68,783.11,418.57
8541,2023-05-09,Канцелярия,Санкт-Петербург,Корпоратив,14.0,703.09,9843.26,7115.3,2727.96
8542,2023-04-18,Техника,Екатеринбург,Потребитель,9.0,69.17,622.53,431.87,190.66
8543,2023-07-30,Дом и сад,Москва,Потребитель,5.0,698.94,3494.7,2370.79,1123.91
8544,2023-07-05,Офис,Екатеринбург,Корпоратив,3.0,439.03,-1.0,782.67,534.42
8545,2023-12-30,Дом и сад,Новосибирск,Потребитель,1.0,1041.22,1041.22,715.09,326.13
8546,2024-01-17,Техника,Санкт-Петербург,Потребитель,6.0,517.64,3105.84,2184.7,921.14
8547,2023-02-09,Офис,Москва,Потребитель,1.0,311.46,311.46,175.89,135.57
8548,2024-09-20,Канцелярия,Новосибирск,Корпоратив,4.0,275.36,1101.44,790.82,310.62
8549,2024-02-11,Канцелярия,Москва,Потребитель,8.0,742.4,5939.2,4304.99,1634.21
8550,2024-07-18,Дом и сад,Самара,Потребитель,6.0,3556.86,21341.16,12843.63,8497.53
8551,2023-04-02,Мебель,Новосибирск,Потребитель,7.0,647.84,4534.88,3544.01,990.87
8552,2024-01-19,Офис,Новосибирск,Потребитель,11.0,170.31,1873.41,1372.09,501.32
8553,2024-04-08,Офис,Санкт-Петербург,Потребитель,5.0,790.37,3951.85,2753.2,1198.65
8554,2024-10-01,Мебель,Новосибирск,Корпоратив,0.0,110.48,0.0,0.0,0.0
8555,2023-12-17,Офис,Екатеринбург,Мелкий опт,11.0,367.47,4042.17,2911.56,1130.61
8556,2023-04-19,Дом и сад,Новосибирск,Потребитель,7.0,691.44,4840.08,2733.36,2106.72
8557,2023-10-06,Дом и сад,Екатеринбург,Потребитель,11.0,1229.21,13521.31,8784.82,4736.49
8558,2024-07-17,Дом и сад,Москва,Потребитель,23.0,80.6,1853.8,1191.6,662.2
8559,2024-08-25,Офис,Санкт-Петербург,Корпоратив,27.0,1832.82,49486.14,27944.62,21541.52
8560,2024-10-18,Канцелярия,Самара,Мелкий опт,9.0,285.59,2570.31,1891.35,678.96
8561,2023-06-25,Дом и сад,Санкт-Петербург,Потребитель,10.0,1093.58,10935.8,7256.4,3679.4
8562,2023-05-03,Офис,Санкт-Петербург,Потребитель,28.0,324.26,9079.28,6316.95,2762.33
8563,2024-05-25,Техника,Новосибирск,Корпоратив,17.0,3161.83,53751.11,41131.45,12619.66
8564,2024-05-22,Офис,Екатеринбург,Потребитель,15.0,532.23,7983.45,4665.47,3317.98
8565,2024-06-04,Техника,Новосибирск,Корпоратив,1.0,301.63,301.63,227.73,73.9
8566,2023-01-28,Канцелярия,Санкт-Петербург,Корпоратив,11.0,243.73,2681.03,1577.24,1103.79
8567,2024-11-19,Офис,Новосибирск,Потребитель,6.0,512.39,3074.34,2145.26,929.08
8568,2024-10-21,Техника,Новосибирск,Мелкий опт,9.0,467.11,4203.99,2572.75,1631.24
8569,2024-07-08,Техника,Самара,Потребитель,12.0,45.69,548.28,438.46,109.82
8570,2024-05-04,Техника,Самара,Потребитель,4.0,318.47,1273.88,992.98,280.9
8571,2024-10-05,Офис,Самара,Корпоратив,14.0,1380.74,19330.36,13155.52,6174.84
8572,2023-01-17,Дом и сад,Санкт-Петербург,Потребитель,4.0,939.7,3758.8,2305.68,1453.12
8573,2023-03-23,Канцелярия,Москва,Потребитель,36.0,137.31,4943.16,3368.72,1574.44
8574,2023-04-26,Мебель,Санкт-Петербург,Мелкий опт,12.0,314.27,3771.24,2749.79,1021.45
8575,2024-10-20,Техника,Новосибирск,Потребитель,9.0,621.59,5594.31,3297.2,2297.11
8576,2024-07-04,Дом и сад,Санкт-Петербург,Потребитель,61.0,276.28,16853.08,11133.93,5719.15
8577,2024-04-01,Офис,Москва,Мелкий опт,25.0,121.77,3044.25,2258.32,785.93
8578,2024-01-08,Дом и сад,Екатеринбург,Корпоратив,10.0,2410.43,24104.3,15646.99,8457.31
8579,2023-04-03,Дом и сад,Новосибирск,Потребитель,16.0,589.2,9427.2,6875.61,2551.59
8580,2023-06-08,Дом и сад,Самара,Потребитель,7.0,1509.77,10568.39,7135.05,3433.34
8581,2023-08-12,Канцелярия,Екатеринбург,Корпоратив,95.0,113.55,10787.25,7854.04,2933.21
8582,2023-04-23,Техника,Екатеринбург,Корпоратив,24.0,271.13,6507.12,3709.62,2797.5
8583,2023-01-17,Канцелярия,Самара,Корпоратив,6.0,974.69,5848.14,3690.91,2157.23
8584,2024-04-14,Техника,Новосибирск,Мелкий опт,11.0,426.59,4692.49,2784.03,1908.46
8585,2023-03-02,Дом и сад,Москва,Потребитель,3.0,391.77,1175.31,929.19,246.12
8586,2023-02-20,Дом и сад,Новосибирск,Корпоратив,7.0,426.95,2988.65,1926.31,1062.34
8587,2024-01-30,Дом и сад,Москва,Потребитель,3.0,540.89,1622.67,892.49,730.18
8588,2023-04-13,Дом и сад,Санкт-Петербург,Корпоратив,2.0,629.37,1258.74,904.91,353.83
8589,2024-10-01,Канцелярия,Москва,Потребитель,6.0,370.24,2221.44,1511.56,709.88
8590,2024-12-19,Техника,Новосибирск,Потребитель,9.0,148.85,1339.65,1063.12,276.53
8591,2023-06-12,Мебель,Санкт-Петербург,Потребитель,1.0,263.41,263.41,150.17,113.24
8592,2024-12-19,Канцелярия,Самара,Потребитель,49.0,427.61,20952.89,16297.04,4655.85
8593,2023-02-15,Дом и сад,Новосибирск,Потребитель,8.0,336.94,2695.52,1539.8,1155.72
8594,2023-08-19,Дом и сад,Самара,Мелкий опт,7.0,417.93,2925.51,1749.21,1176.3
8595,2023-07-01,Офис,Новосибирск,Потребитель,5.0,399.87,1999.35,1428.55,570.8
8596,2023-11-10,Дом и сад,Москва,Мелкий опт,3.0,408.84,1226.52,918.76,307.76
8597,2024-10-27,Офис,Екатеринбург,Мелкий опт,16.0,324.45,5191.2,3025.64,2165.56
8598,2023-10-19,Мебель,Новосибирск,Корпоратив,10.0,1137.29,11372.9,8291.8,3081.1
8599,2023-06-29,Дом и сад,Санкт-Петербург,Мелкий опт,10.0,113.92,1139.2,697.45,441.75
8600,2024-07-22,Канцелярия,Самара,Потребитель,41.0,1523.77,62474.57,36987.49,25487.08
8601,2023-11-03,Дом и сад,Екатеринбург,Потребитель,66.0,349.98,23098.68,16082.6,7016.08
8602,2023-02-19,Мебель,Самара,Потребитель,19.0,575.24,10929.56,7779.33,3150.23
8603,2023-03-11,Офис,Самара,Корпоратив,44.0,699.39,30773.16,17447.16,13326.0
8604,2023-09-09,Канцелярия,Самара,Потребитель,3.0,294.64,883.92,526.81,357.11
8605,2024-04-14,Мебель,Самара,Потребитель,3.0,400.54,1201.62,922.5,279.12
8606,2023-05-10,Офис,Новосибирск,Потребитель,16.0,170.46,2727.36,1691.95,1035.41
8607,2024-01-17,Дом и сад,Санкт-Петербург,Потребитель,18.0,262.41,4723.38,3767.4,955.98
8608,2023-12-26,Канцелярия,Новосибирск,Потребитель,1.0,445.6,445.6,303.41,142.19
8609,2024-08-02,Дом и сад,Екатеринбург,Потребитель,4.0,500.29,2001.16,1442.96,558.2
8610,2024-08-19,Дом и сад,Новосибирск,Потребитель,20.0,410.64,8212.8,5407.58,2805.22
8611,2023-10-16,Канцелярия,Санкт-Петербург,Потребитель,14.0,429.13,6007.82,3595.98,2411.84
8612,2024-02-29,Дом и сад,Новосибирск,Мелкий опт,2.0,110.0,220.0,146.13,73.87
8613,2024-10-12,Офис,Москва,Потребитель,22.0,372.67,8198.74,4824.43,3374.31
8614,2024-09-23,Дом и сад,Самара,Потребитель,2.0,435.25,870.5,495.66,374.84
8615,2023-11-30,Офис,Новосибирск,Мелкий опт,9.0,1154.74,10392.66,7575.1,2817.56
8616,2023-06-22,Дом и сад,Москва,Потребитель,30.0,197.91,5937.3,4643.44,1293.86
8617,2023-10-23,Мебель,Санкт-Петербург,Корпоратив,17.0,335.45,5702.65,3538.42,2164.23
8618,2023-05-14,Мебель,Москва,Потребитель,2.0,228.25,456.5,284.39,172.11
8619,2024-11-21,Канцелярия,Москва,Потребитель,2.0,467.27,934.54,572.45,362.09
8620,2024-11-21,Дом и сад,Самара,Потребитель,8.0,191.51,1532.08,964.32,567.76
8621,2023-12-29,Офис,Новосибирск,Потребитель,7.0,1523.7,10665.9,5894.25,4771.65
8622,2023-06-08,Офис,Москва,Корпоратив,7.0,826.73,5787.11,3607.19,2179.92
8623,2024-01-24,Техника,Санкт-Петербург,Корпоратив,25.0,563.75,14093.75,7914.42,6179.33
8624,2024-05-15,Дом и сад,Москва,Корпоратив,11.0,754.84,8303.24,5637.71,2665.53
8625,2023-03-18,Офис,Екатеринбург,Потребитель,3.0,826.31,2478.93,1723.38,755.55
8626,2024-10-03,Офис,Самара,Потребитель,8.0,739.94,5919.52,4240.85,1678.67
8627,2023-08-03,Канцелярия,Санкт-Петербург,Потребитель,1.0,190.62,190.62,129.81,60.81
8628,2023-06-22,Техника,Санкт-Петербург,Потребитель,,976.0,1952.0,1302.95,649.05
8629,2024-12-14,Техника,Новосибирск,Потребитель,21.0,198.81,4175.01,2423.32,1751.69
8630,2023-10-19,Дом и сад,Новосибирск,Потребитель,8.0,84.41,675.28,420.12,255.16
8631,2023-06-03,Офис,Санкт-Петербург,Потребитель,11.0,86.24,948.64,591.82,356.82
8632,2024-04-25,Офис,Москва,Потребитель,23.0,446.62,10272.26,8097.04,2175.22
8633,2024-11-30,Дом и сад,Новосибирск,Потребитель,1.0,50.07,50.07,39.91,10.16
8634,2024-05-16,Дом и сад,Новосибирск,Потребитель,5.0,268.07,1340.35,825.47,514.88
8635,2023-11-27,Дом и сад,Екатеринбург,Корпоратив,24.0,538.82,12931.68,10278.11,2653.57
8636,2023-07-01,Техника,Екатеринбург,Потребитель,3.0,764.55,2293.65,1784.76,508.89
8637,2023-12-15,Дом и сад,Санкт-Петербург,Потребитель,6.0,1357.04,8142.24,6490.61,1651.63
8638,2024-04-16,Офис,Екатеринбург,Мелкий опт,6.0,1027.05,6162.3,3408.73,2753.57
8639,2024-04-06,Канцелярия,Москва,Потребитель,9.0,470.45,4234.05,2875.43,1358.62
8640,2023-06-21,Офис,Самара,Потребитель,23.0,513.47,11809.81,7729.48,4080.33
8641,2023-09-25,Техника,Санкт-Петербург,Потребитель,15.0,680.88,10213.2,6233.31,3979.89
8642,2023-05-26,Мебель,Новосибирск,Корпоратив,6.0,377.63,2265.78,1447.86,817.92
8643,2024-02-05,Техника,Самара,Потребитель,2.0,384.85,769.7,444.5,325.2
8644,2024-11-12,Дом и сад,Санкт-Петербург,Потребитель,8.0,238.48,1907.84,1464.67,443.17
8645,2024-03-25,Дом и сад,Новосибирск,Потребитель,2.0,963.64,1927.28,1249.97,677.31
8646,2023-12-19,Офис,Санкт-Петербург,Корпоратив,6.0,660.8,3964.8,2907.99,1056.81
8647,2024-01-18,Техника,Самара,Потребитель,2.0,478.52,957.04,640.71,316.33
8648,2023-12-04,Офис,Новосибирск,Корпоратив,15.0,440.78,6611.7,4342.08,2269.62
8649,2023-07-24,Техника,Москва,Корпоратив,10.0,210.78,2107.8,1238.34,869.46
8650,2023-01-14,Мебель,Самара,Потребитель,8.0,491.99,3935.92,2879.33,1056.59
8651,2024-12-14,Техника,Новосибирск,Потребитель,7.0,485.67,3399.69,2390.5,1009.19
8652,2024-05-25,Мебель,Екатеринбург,Потребитель,9.0,219.67,1977.03,1353.93,623.1
8653,2023-02-13,Офис,Екатеринбург,Мелкий опт,2.0,68.28,136.56,78.73,57.83
8654,2023-09-03,Офис,Екатеринбург,Корпоратив,11.0,1073.05,11803.55,8361.53,3442.02
8655,2023-11-04,Офис,Екатеринбург,Потребитель,13.0,284.61,3699.93,2103.6,1596.33
8656,2023-09-12,Дом и сад,Москва,Корпоратив,5.0,217.96,1089.8,747.81,341.99
8657,2024-08-02,Техника,Самара,Потребитель,8.0,338.8,2710.4,2000.53,709.87
8658,2023-12-27,Техника,Екатеринбург,Корпоратив,18.0,573.54,-1.0,7168.21,3155.51
8659,2024-02-02,Офис,Новосибирск,Корпоратив,14.0,1812.95,25381.3,16656.92,8724.38
8660,2024-11-08,Дом и сад,Москва,Потребитель,2.0,495.71,991.42,696.22,295.2
8661,2024-03-23,Мебель,Новосибирск,Мелкий опт,67.0,124.46,8338.82,5922.26,2416.56
8662,2023-04-30,Дом и сад,Санкт-Петербург,Корпоратив,6.0,173.55,1041.3,724.91,316.39
8663,2023-09-22,Дом и сад,Новосибирск,Корпоратив,4.0,813.76,3255.04,2488.23,766.81
8664,2023-03-14,Офис,Новосибирск,Корпоратив,4.0,333.8,1335.2,756.43,578.77
8665,2023-11-27,Дом и сад,Москва,Потребитель,4.0,1493.78,5975.12,3578.12,2397.0
8666,2024-09-09,Дом и сад,Санкт-Петербург,Корпоратив,5.0,300.6,1503.0,829.9,673.1
8667,2024-08-18,Канцелярия,Москва,Потребитель,6.0,1353.52,8121.12,4820.09,3301.03
8668,2024-06-30,Дом и сад,Новосибирск,Мелкий опт,9.0,167.47,1507.23,927.93,579.3
8669,2023-05-29,Канцелярия,Санкт-Петербург,Потребитель,14.0,138.9,1944.6,1119.94,824.66
8670,2024-03-10,Офис,Новосибирск,Потребитель,4.0,2366.74,9466.96,6201.27,3265.69
8671,2023-03-23,Дом и сад,Самара,Потребитель,4.0,221.6,886.4,540.37,346.03
8672,2023-02-12,Офис,Москва,Корпоратив,21.0,1958.71,41132.91,29262.24,11870.67
8673,2024-02-21,Мебель,Новосибирск,Потребитель,12.0,160.52,1926.24,1211.18,715.06
8674,2024-12-14,Дом и сад,Екатеринбург,Корпоратив,12.0,678.53,8142.36,5933.53,2208.83
8675,2023-09-06,Канцелярия,Новосибирск,Потребитель,12.0,2320.34,27844.08,20729.34,7114.74
8676,2023-09-19,Техника,Москва,Потребитель,21.0,469.15,9852.15,7024.34,2827.81
8677,2024-09-25,Техника,Екатеринбург,Потребитель,4.0,236.24,944.96,677.95,267.01
8678,2024-09-03,Мебель,Самара,Корпоратив,5.0,913.71,4568.55,3494.31,1074.24
8679,2024-10-06,Дом и сад,Новосибирск,Мелкий опт,23.0,152.49,3507.27,2290.92,1216.35
8680,2023-01-22,Офис,Екатеринбург,Потребитель,10.0,263.03,2630.3,2070.17,560.13
8681,2023-07-04,Дом и сад,Москва,Потребитель,8.0,464.71,3717.68,2801.83,915.85
8682,2023-02-05,Канцелярия,Москва,Корпоратив,17.0,678.63,11536.71,7565.87,3970.84
8683,2024-03-01,Дом и сад,Новосибирск,Потребитель,12.0,96.07,1152.84,638.68,514.16
8684,2024-08-05,Офис,Самара,Потребитель,16.0,402.6,6441.6,4400.73,2040.87
8685,2024-04-05,Дом и сад,Самара,Потребитель,5.0,832.35,4161.75,2467.64,1694.11
8686,2023-01-15,Офис,Новосибирск,Потребитель,11.0,215.29,2368.19,1311.65,1056.54
8687,2024-11-02,Дом и сад,Москва,Корпоратив,14.0,467.87,6550.18,4062.22,2487.96
8688,2023-07-08,Мебель,Екатеринбург,Потребитель,5.0,1674.95,8374.75,5140.97,3233.78
8689,2024-01-19,Дом и сад,Самара,Потребитель,3.0,471.89,1415.67,1059.5,356.17
8690,2024-09-02,Дом и сад,Москва,Мелкий опт,5.0,663.49,3317.45,2215.2,1102.25
8691,2023-11-24,Техника,Москва,Потребитель,14.0,390.49,5466.86,3064.55,2402.31
8692,2024-07-05,Техника,Самара,Корпоратив,19.0,137.78,2617.82,1546.52,1071.3
8693,2024-03-28,Канцелярия,Екатеринбург,Корпоратив,1.0,968.58,968.58,762.55,206.03
8694,2024-11-09,Канцелярия,Самара,Потребитель,18.0,109.81,1976.58,1098.86,877.72
8695,2023-07-10,Канцелярия,Екатеринбург,Мелкий опт,6.0,130.09,780.54,471.8,308.74
8696,2023-06-24,Мебель,Екатеринбург,Потребитель,2.0,501.12,1002.24,796.6,205.64
8697,2023-02-17,Техника,Новосибирск,Потребитель,10.0,750.62,7506.2,4774.29,2731.91
8698,2024-08-27,Канцелярия,Санкт-Петербург,Потребитель,6.0,352.99,2117.94,1358.87,759.07
8699,2023-08-06,Канцелярия,Самара,Мелкий опт,9.0,430.62,3875.58,2286.26,1589.32
8700,2023-05-25,Мебель,Москва,Потребитель,6.0,105.0,630.0,491.96,138.04
8701,2023-11-27,Офис,Екатеринбург,Потребитель,8.0,1260.98,10087.84,8052.96,2034.88
8702,2024-07-16,Техника,Самара,Корпоратив,22.0,85.05,1871.1,1034.26,836.84
8703,2023-07-05,Мебель,Екатеринбург,Корпоратив,3.0,770.03,2310.09,1409.76,900.33
8704,2023-06-29,Офис,Москва,Потребитель,3.0,558.51,1675.53,993.72,681.81
8705,2023-12-19,Мебель,Самара,Потребитель,7.0,439.92,3079.44,2201.12,878.32
8706,2023-10-12,Мебель,Санкт-Петербург,Мелкий опт,18.0,464.82,8366.76,5860.83,2505.93
8707,2024-07-23,Мебель,Санкт-Петербург,Корпоратив,8.0,326.04,2608.32,1698.34,909.98
8708,2023-06-23,Канцелярия,Екатеринбург,Мелкий опт,1.0,785.14,785.14,547.0,238.14
8709,2023-03-28,Мебель,Москва,Потребитель,8.0,462.6,3700.8,2797.94,902.86
8710,2023-03-16,Канцелярия,Новосибирск,Потребитель,1.0,3795.05,3795.05,2225.43,1569.62
8711,2024-01-31,Канцелярия,Екатеринбург,Мелкий опт,13.0,882.77,11476.01,8520.84,2955.17
8712,2024-07-21,Офис,Самара,Потребитель,9.0,155.79,1402.11,1081.81,320.3
8713,2024-12-01,Техника,Самара,Потребитель,9.0,214.61,1931.49,1139.51,791.98
8714,2023-06-27,Офис,Новосибирск,Корпоратив,9.0,562.61,5063.49,3759.61,1303.88
8715,2024-10-26,Техника,Санкт-Петербург,Корпоратив,2.0,240.57,481.14,294.75,186.39
8716,2023-12-29,Офис,Екатеринбург,Потребитель,20.0,521.63,10432.6,6788.72,3643.88
8717,2023-01-14,Дом и сад,Санкт-Петербург,Мелкий опт,9.0,698.57,6287.13,4450.41,1836.72
8718,2024-11-04,Офис,Екатеринбург,Потребитель,8.0,285.35,2282.8,1276.76,1006.04
8719,2023-06-07,Дом и сад,Екатеринбург,Потребитель,12.0,602.02,7224.24,4700.24,2524.0
8720,2024-07-20,Дом и сад,Санкт-Петербург,Мелкий опт,10.0,304.01,3040.1,1834.11,1205.99
8721,2023-09-04,Дом и сад,Самара,Корпоратив,15.0,213.39,3200.85,2405.77,795.08
8722,2023-11-17,Канцелярия,Новосибирск,Корпоратив,19.0,2429.07,46152.33,33613.38,12538.95
8723,2023-10-21,Дом и сад,Екатеринбург,Корпоратив,26.0,435.56,11324.56,8389.84,2934.72
8724,2024-01-20,Дом и сад,Самара,Корпоратив,7.0,224.06,1568.42,1015.22,553.2
8725,2024-03-26,Дом и сад,Екатеринбург,Потребитель,3.0,300.27,900.81,518.79,382.02
8726,2024-03-03,Офис,Самара,Корпоратив,24.0,358.62,8606.88,5776.84,2830.04
8727,2023-04-01,Дом и сад,Самара,Потребитель,11.0,1069.23,11761.53,7656.65,4104.88
8728,2024-06-25,Дом и сад,Санкт-Петербург,Потребитель,15.0,208.21,3123.15,2339.86,783.29
8729,2023-02-20,Дом и сад,Санкт-Петербург,Корпоратив,4.0,244.91,979.64,760.46,219.18
8730,2024-11-25,Офис,Самара,Потребитель,3.0,557.4,1672.2,1117.28,554.92
8731,2024-12-04,Канцелярия,Самара,Потребитель,51.0,103.74,5290.74,3248.59,2042.15
8732,2024-11-26,Офис,Новосибирск,Потребитель,2.0,222.79,445.58,290.59,154.99
8733,2024-08-27,Офис,Москва,Потребитель,8.0,777.64,6221.12,4903.09,1318.03
8734,2024-06-06,Офис,Самара,Потребитель,4.0,152.03,608.12,462.07,146.05
8735,2023-08-30,Дом и сад,Москва,Потребитель,13.0,780.97,10152.61,7452.2,2700.41
8736,2023-09-09,Канцелярия,Санкт-Петербург,Потребитель,8.0,529.38,4235.04,2877.62,1357.42
8737,2024-07-11,Канцелярия,Самара,Потребитель,2.0,335.26,670.52,401.77,268.75
8738,2023-12-30,Техника,Санкт-Петербург,Потребитель,18.0,384.25,6916.5,4192.29,2724.21
8739,2024-11-30,Техника,Москва,Мелкий опт,3.0,511.95,1535.85,1063.72,472.13
8740,2024-10-12,Техника,Новосибирск,Мелкий опт,10.0,1245.26,12452.6,6864.94,5587.66
8741,2023-10-23,Техника,Москва,Потребитель,11.0,449.02,4939.22,3625.06,1314.16
8742,2024-07-06,Техника,Новосибирск,Корпоратив,6.0,845.83,5074.98,3410.8,1664.18
8743,2023-06-16,Дом и сад,Новосибирск,Потребитель,9.0,571.78,5146.02,3234.16,1911.86
8744,2024-06-14,Дом и сад,Самара,Потребитель,6.0,81.61,489.66,350.1,139.56
8745,2023-03-24,Мебель,Екатеринбург,Корпоратив,8.0,306.85,2454.8,1831.56,623.24
8746,2023-10-04,Мебель,Москва,Потребитель,6.0,1141.99,6851.94,5331.91,1520.03
8747,2023-02-27,Офис,Екатеринбург,Потребитель,2.0,54.28,108.56,63.65,44.91
8748,2024-05-23,Канцелярия,Новосибирск,Потребитель,14.0,194.17,2718.38,2091.68,626.7
8749,2023-05-05,Дом и сад,Самара,Потребитель,7.0,407.0,2849.0,2072.59,776.41
8750,2023-04-19,Мебель,Москва,Потребитель,4.0,388.21,1552.84,899.94,652.9
8751,2024-03-05,Техника,Москва,Потребитель,106.0,189.74,20112.44,13076.97,7035.47
8752,2024-06-11,Техника,Екатеринбург,Потребитель,50.0,421.13,21056.5,15498.81,5557.69
8753,2024-02-09,Мебель,Самара,Потребитель,14.0,392.86,5500.04,3141.93,2358.11
8754,2023-07-07,Офис,Самара,Корпоратив,16.0,610.47,9767.52,7632.37,2135.15
8755,2024-01-13,Дом и сад,Москва,Потребитель,3.0,362.75,1088.25,662.63,425.62
8756,2024-01-10,Дом и сад,Екатеринбург,Корпоратив,6.0,257.9,1547.4,950.75,596.65
8757,2023-06-22,Техника,Новосибирск,Потребитель,12.0,359.88,4318.56,3005.13,1313.43
8758,2023-10-06,Канцелярия,Екатеринбург,Корпоратив,46.0,2604.56,119809.76,92484.5,27325.26
8759,2024-05-22,Дом и сад,Екатеринбург,Корпоратив,2.0,1418.82,2837.64,1673.95,1163.69
8760,2024-06-07,Дом и сад,Санкт-Петербург,Потребитель,12.0,511.28,6135.36,4197.78,1937.58
8761,2023-10-30,Дом и сад,Москва,Потребитель,14.0,150.96,2113.44,1644.39,469.05
8762,2023-12-13,Офис,Самара,Потребитель,3.0,453.56,1360.68,1032.82,327.86
8763,2023-08-15,Дом и сад,Москва,Потребитель,2.0,333.49,666.98,522.1,144.88
8764,2024-02-02,Дом и сад,Екатеринбург,Потребитель,16.0,473.11,7569.76,6025.62,1544.14
8765,2024-08-22,Техника,Екатеринбург,Корпоратив,10.0,449.1,4491.0,2548.66,1942.34
8766,2024-12-16,Офис,Москва,Потребитель,4.0,257.93,1031.72,608.2,423.52
8767,2023-11-06,Мебель,Екатеринбург,Потребитель,27.0,90.17,2434.59,1869.99,564.6
8768,2024-02-17,Техника,Санкт-Петербург,Корпоратив,7.0,58.57,409.99,260.35,149.64
8769,2023-10-02,Офис,Самара,Потребитель,,2632.83,31593.96,21405.48,10188.48
8770,2023-07-04,Офис,Екатеринбург,Корпоратив,46.0,115.83,5328.18,4156.79,1171.39
8771,2024-06-19,Канцелярия,Москва,Корпоратив,8.0,624.33,4994.64,2828.05,2166.59
8772,2024-07-24,Офис,Москва,Мелкий опт,11.0,718.96,7908.56,5241.62,2666.94
8773,2023-06-01,Мебель,Самара,Корпоратив,4.0,96.79,387.16,291.07,96.09
8774,2023-04-21,Дом и сад,Москва,Потребитель,7.0,689.56,4826.92,3542.84,1284.08
8775,2024-08-28,Дом и сад,Новосибирск,Мелкий опт,75.0,603.39,45254.25,27305.09,17949.16
8776,2024-01-10,Дом и сад,Санкт-Петербург,Потребитель,2.0,315.94,631.88,381.77,250.11
8777,2024-08-12,Канцелярия,Новосибирск,Корпоратив,4.0,797.54,3190.16,1862.09,1328.07
8778,2024-07-13,Техника,Самара,Корпоратив,14.0,398.18,5574.52,3770.16,1804.36
8779,2024-03-10,Канцелярия,Москва,Потребитель,15.0,584.38,8765.7,6635.93,2129.77
8780,2024-09-16,Канцелярия,Санкт-Петербург,Потребитель,9.0,227.39,2046.51,1331.57,714.94
8781,2023-02-24,Мебель,Новосибирск,Корпоратив,13.0,161.13,2094.69,1468.28,626.41
8782,2024-08-13,Мебель,Москва,Корпоратив,7.0,494.39,3460.73,1941.17,1519.56
8783,2024-12-02,Канцелярия,Екатеринбург,Потребитель,8.0,586.93,4695.44,3637.82,1057.62
8784,2023-07-19,Дом и сад,Москва,Корпоратив,20.0,282.72,5654.4,3931.31,1723.09
8785,2023-10-13,Канцелярия,Екатеринбург,Потребитель,27.0,864.0,23328.0,13555.84,9772.16
8786,2023-07-08,Канцелярия,Новосибирск,Мелкий опт,2.0,336.71,673.42,464.23,209.19
8787,2023-09-12,Техника,Санкт-Петербург,Потребитель,7.0,334.16,2339.12,1424.75,914.37
8788,2023-10-06,Техника,Екатеринбург,Мелкий опт,16.0,808.51,12936.16,7766.0,5170.16
8789,2023-07-06,Офис,Новосибирск,Корпоратив,13.0,555.85,7226.05,5361.97,1864.08
8790,2024-06-07,Мебель,Новосибирск,Корпоратив,9.0,852.91,7676.19,4293.66,3382.53
8791,2023-01-27,Мебель,Санкт-Петербург,Потребитель,6.0,1293.58,7761.48,6162.03,1599.45
8792,2023-06-20,Канцелярия,Москва,Корпоратив,8.0,264.76,2118.08,1231.86,886.22
8793,2023-03-25,Офис,Санкт-Петербург,Корпоратив,6.0,186.98,1121.88,839.61,282.27
8794,2023-04-11,Канцелярия,Санкт-Петербург,Мелкий опт,21.0,576.19,12099.99,6794.94,5305.05
8795,2023-10-29,Канцелярия,Новосибирск,Корпоратив,14.0,1806.07,25284.98,19730.24,5554.74
8796,2024-11-26,Офис,Самара,Потребитель,18.0,116.08,2089.44,1360.1,729.34
8797,2023-04-08,Дом и сад,Москва,Потребитель,26.0,897.69,23339.94,17273.58,6066.36
8798,2024-06-18,Канцелярия,Екатеринбург,Потребитель,12.0,374.33,4491.96,2515.65,1976.31
8799,2024-02-10,Канцелярия,Новосибирск,Потребитель,14.0,1073.65,15031.1,10354.21,4676.89
8800,2024-06-16,Офис,Екатеринбург,Корпоратив,15.0,932.68,13990.2,9116.0,4874.2
8801,2023-09-28,Канцелярия,Новосибирск,Корпоратив,10.0,289.34,2893.4,2044.97,848.43
8802,2024-12-02,Дом и сад,Новосибирск,Потребитель,9.0,1133.58,10202.22,7945.05,2257.17
8803,2024-05-26,Офис,Екатеринбург,Мелкий опт,3.0,563.35,1690.05,1198.17,491.88
8804,2024-10-12,Канцелярия,Санкт-Петербург,Потребитель,12.0,165.44,1985.28,1135.91,849.37
8805,2024-10-19,Канцелярия,Самара,Потребитель,12.0,1540.95,18491.4,10787.63,7703.77
8806,2023-09-12,Техника,Самара,Корпоратив,6.0,231.3,1387.8,817.79,570.01
8807,2023-10-23,Офис,Самара,Потребитель,31.0,114.0,3534.0,2011.85,1522.15
8808,2023-09-21,Техника,Санкт-Петербург,Корпоратив,6.0,721.89,4331.34,2716.75,1614.59
8809,2023-03-05,Канцелярия,Самара,Корпоратив,56.0,757.02,42393.12,29461.07,12932.05
8810,2023-07-28,Офис,Москва,Потребитель,4.0,172.58,690.32,386.48,303.84
8811,2024-11-03,Канцелярия,Санкт-Петербург,Потребитель,2.0,1944.79,3889.58,2816.04,1073.54
8812,2023-12-10,Офис,Новосибирск,Мелкий опт,13.0,559.16,7269.08,5338.65,1930.43
8813,2023-03-06,Канцелярия,Москва,Потребитель,11.0,4846.51,-1.0,40214.39,13097.22
8814,2023-05-20,Дом и сад,Екатеринбург,Мелкий опт,4.0,93.15,372.6,263.92,108.68
8815,2023-08-18,Канцелярия,Москва,Мелкий опт,7.0,591.22,4138.54,2915.82,1222.72
8816,2024-07-26,Мебель,Санкт-Петербург,Мелкий опт,4.0,613.38,2453.52,1724.39,729.13
8817,2024-07-15,Офис,Новосибирск,Корпоратив,11.0,614.4,6758.4,4994.37,1764.03
8818,2023-07-26,Техника,Новосибирск,Потребитель,12.0,172.91,2074.92,1419.09,655.83
8819,2023-03-30,Офис,Москва,Потребитель,15.0,406.84,6102.6,4495.75,1606.85
8820,2023-09-15,Канцелярия,Екатеринбург,Корпоратив,9.0,493.07,4437.63,2540.91,1896.72
8821,2023-12-13,Канцелярия,Самара,Потребитель,1.0,485.68,485.68,386.17,99.51
8822,2023-03-17,Канцелярия,Екатеринбург,Корпоратив,5.0,146.13,730.65,568.85,161.8
8823,2023-11-16,Канцелярия,Екатеринбург,Потребитель,13.0,170.99,2222.87,1642.3,580.57
8824,2024-05-09,Офис,Екатеринбург,Потребитель,4.0,574.49,2297.96,1425.38,872.58
8825,2024-09-12,Техника,Новосибирск,Потребитель,5.0,96.99,484.95,360.42,124.53
8826,2024-02-28,Мебель,Москва,Потребитель,46.0,417.56,19207.76,15153.67,4054.09
8827,2024-03-02,Офис,Санкт-Петербург,Корпоратив,11.0,295.17,3246.87,2144.71,1102.16
8828,2023-05-31,Техника,Екатеринбург,Потребитель,12.0,1121.01,13452.12,8285.09,5167.03
8829,2024-03-27,Дом и сад,Самара,Корпоратив,11.0,262.05,2882.55,1988.65,893.9
8830,2024-04-24,Канцелярия,Самара,Корпоратив,17.0,500.49,8508.33,4799.56,3708.77
8831,2023-08-10,Дом и сад,Новосибирск,Корпоратив,12.0,317.66,3811.92,2862.92,949.0
8832,2024-01-20,Канцелярия,Новосибирск,Потребитель,12.0,149.73,1796.76,1113.99,682.77
8833,2024-09-10,Канцелярия,Санкт-Петербург,Потребитель,1.0,1035.22,1035.22,725.94,309.28
8834,2023-06-23,Техника,Екатеринбург,Корпоратив,31.0,750.65,23270.15,17687.78,5582.37
8835,2023-07-14,Канцелярия,Санкт-Петербург,Корпоратив,,222.34,667.02,455.8,211.22
8836,2023-04-09,Дом и сад,Новосибирск,Потребитель,11.0,1049.69,11546.59,8612.83,2933.76
8837,2024-06-18,Офис,Екатеринбург,Потребитель,12.0,730.54,8766.48,6046.41,2720.07
8838,2023-03-10,Дом и сад,Санкт-Петербург,Корпоратив,2.0,451.37,902.74,721.66,181.08
8839,2023-01-08,Дом и сад,Москва,Мелкий опт,10.0,617.99,-1.0,4266.71,1913.19
8840,2023-05-31,Канцелярия,Санкт-Петербург,Потребитель,73.0,303.01,22119.73,12656.86,9462.87
8841,2023-09-11,Дом и сад,Самара,Мелкий опт,6.0,168.86,1013.16,794.25,218.91
8842,2024-05-26,Дом и сад,Самара,Мелкий опт,5.0,112.83,564.15,409.77,154.38
8843,2023-11-02,Мебель,Санкт-Петербург,Потребитель,4.0,142.97,571.88,320.42,251.46
8844,2023-05-25,Офис,Новосибирск,Потребитель,21.0,325.48,6835.08,4874.24,1960.84
8845,2024-03-15,Дом и сад,Новосибирск,Корпоратив,34.0,207.54,7056.36,4316.02,2740.34
8846,2024-01-16,Офис,Самара,Корпоратив,7.0,140.85,985.95,685.5,300.45
8847,2024-03-18,Дом и сад,Новосибирск,Корпоратив,14.0,822.87,11520.18,7484.81,4035.37
8848,2024-11-30,Канцелярия,Новосибирск,Потребитель,7.0,231.65,1621.55,985.3,636.25
8849,2023-03-23,Мебель,Екатеринбург,Потребитель,4.0,841.09,3364.36,2446.94,917.42
8850,2023-10-23,Офис,Екатеринбург,Мелкий опт,12.0,151.35,1816.2,1247.97,568.23
8851,2023-06-21,Мебель,Новосибирск,Потребитель,37.0,781.65,28921.05,22377.69,6543.36
8852,2024-01-11,Канцелярия,Москва,Потребитель,3.0,518.55,1555.65,1203.33,352.32
8853,2023-09-08,Канцелярия,Новосибирск,Потребитель,5.0,427.46,2137.3,1316.75,820.55
8854,2023-02-07,Дом и сад,Самара,Потребитель,1.0,268.06,268.06,162.34,105.72
8855,2024-02-05,Техника,Москва,Корпоратив,5.0,255.65,1278.25,897.3,380.95
8856,2024-12-08,Мебель,Москва,Потребитель,9.0,928.82,8359.38,6116.45,2242.93
8857,2024-09-19,Офис,Самара,Мелкий опт,25.0,1088.34,27208.5,17806.49,9402.01
8858,2024-09-26,Мебель,Новосибирск,Корпоратив,19.0,533.65,10139.35,6216.91,3922.44
8859,2024-10-15,Офис,Екатеринбург,Потребитель,19.0,175.4,3332.6,2044.42,1288.18
8860,2023-07-18,Дом и сад,Екатеринбург,Мелкий опт,6.0,658.28,3949.68,3001.05,948.63
8861,2023-06-08,Техника,Санкт-Петербург,Потребитель,8.0,253.79,2030.32,1589.27,441.05
8862,2023-12-18,Канцелярия,Санкт-Петербург,Потребитель,3.0,206.2,618.6,381.13,237.47
8863,2024-06-05,Мебель,Самара,Потребитель,16.0,273.77,4380.32,2612.52,1767.8
8864,2023-07-18,Техника,Екатеринбург,Корпоратив,1.0,340.91,340.91,191.82,149.09
8865,2024-12-07,Канцелярия,Санкт-Петербург,Потребитель,3.0,214.45,643.35,430.32,213.03
8866,2024-08-24,Техника,Москва,Потребитель,27.0,122.67,3312.09,1996.93,1315.16
8867,2023-08-23,Офис,Москва,Потребитель,5.0,349.96,1749.8,1165.08,584.72
8868,2024-04-15,Канцелярия,Екатеринбург,Потребитель,8.0,438.98,3511.84,2269.29,1242.55
8869,2024-07-08,Мебель,Санкт-Петербург,Потребитель,3.0,1376.18,4128.54,3220.54,908.0
8870,2023-08-05,Дом и сад,Екатеринбург,Потребитель,12.0,201.81,2421.72,1937.11,484.61
8871,2024-11-15,Дом и сад,Екатеринбург,Потребитель,15.0,291.36,4370.4,2771.52,1598.88
8872,2023-04-24,Канцелярия,Екатеринбург,Корпоратив,30.0,135.94,4078.2,2693.57,1384.63
8873,2024-10-12,Канцелярия,Екатеринбург,Потребитель,21.0,428.3,8994.3,6824.34,2169.96
8874,2023-08-09,Канцелярия,Новосибирск,Корпоратив,11.0,379.46,4174.06,2950.02,1224.04
8875,2024-01-26,Дом и сад,Екатеринбург,Потребитель,5.0,785.91,3929.55,2217.66,1711.89
8876,2023-02-24,Дом и сад,Новосибирск,Потребитель,7.0,1473.78,10316.46,6874.11,3442.35
8877,2023-07-21,Дом и сад,Самара,Потребитель,2.0,83.49,-1.0,96.52,70.46
8878,2023-02-06,Канцелярия,Санкт-Петербург,Потребитель,12.0,258.54,3102.48,2363.65,738.83
8879,2023-10-23,Мебель,Новосибирск,Корпоратив,17.0,590.29,10034.93,6582.42,3452.51
8880,2024-11-18,Канцелярия,Самара,Потребитель,22.0,210.06,4621.32,3107.42,1513.9
8881,2024-06-01,Дом и сад,Санкт-Петербург,Мелкий опт,15.0,715.96,10739.4,5981.35,4758.05
8882,2024-04-17,Канцелярия,Новосибирск,Потребитель,6.0,1181.42,7088.52,5597.01,1491.51
8883,2024-10-23,Дом и сад,Москва,Потребитель,8.0,371.19,2969.52,1923.54,1045.98
8884,2023-10-14,Канцелярия,Екатеринбург,Корпоратив,2.0,822.85,1645.7,1022.87,622.83
8885,2023-05-24,Офис,Санкт-Петербург,Корпоратив,5.0,173.6,868.0,596.82,271.18
8886,2024-09-30,Дом и сад,Екатеринбург,Корпоратив,8.0,182.33,1458.64,888.21,570.43
8887,2024-07-30,Офис,Новосибирск,Потребитель,39.0,4156.2,162091.8,92492.84,69598.96
8888,2023-01-11,Офис,Екатеринбург,Корпоратив,4.0,488.28,1953.12,1135.74,817.38
8889,2024-01-23,Офис,Санкт-Петербург,Потребитель,14.0,346.71,4853.94,3155.31,1698.63
8890,2023-09-12,Канцелярия,Екатеринбург,Корпоратив,14.0,117.43,1644.02,1264.57,379.45
8891,2024-08-27,Техника,Санкт-Петербург,Корпоратив,16.0,408.06,6528.96,5132.4,1396.56
8892,2023-10-05,Дом и сад,Самара,Потребитель,10.0,539.81,5398.1,4031.82,1366.28
8893,2023-04-09,Канцелярия,Новосибирск,Потребитель,7.0,409.56,2866.92,1594.11,1272.81
8894,2023-06-21,Канцелярия,Санкт-Петербург,Потребитель,15.0,716.24,10743.6,7047.71,3695.89
8895,2024-02-16,Дом и сад,Самара,Потребитель,5.0,486.34,2431.7,1648.46,783.24
8896,2024-08-31,Дом и сад,Москва,Потребитель,14.0,169.56,2373.84,1489.21,884.63
8897,2023-11-12,Дом и сад,Новосибирск,Потребитель,5.0,238.03,1190.15,743.08,447.07
8898,2023-09-08,Дом и сад,Екатеринбург,Мелкий опт,0.0,1408.91,0.0,0.0,0.0
8899,2024-04-26,Дом и сад,Санкт-Петербург,Потребитель,6.0,294.29,1765.74,977.21,788.53
8900,2024-01-23,Техника,Самара,Мелкий опт,3.0,612.71,1838.13,1407.78,430.35
8901,2023-03-07,Канцелярия,Новосибирск,Потребитель,17.0,509.93,8668.81,5820.46,2848.35
8902,2023-10-17,Офис,Москва,Потребитель,3.0,1428.29,4284.87,2912.84,1372.03
8903,2024-03-25,Техника,Москва,Мелкий опт,10.0,375.07,3750.7,2377.77,1372.93
8904,2024-11-21,Мебель,Новосибирск,Потребитель,9.0,371.23,3341.07,2471.73,869.34
8905,2024-08-03,Мебель,Москва,Корпоратив,8.0,272.1,2176.8,1216.47,960.33
8906,2023-04-19,Офис,Самара,Потребитель,4.0,60.39,241.56,159.26,82.3
8907,2024-03-24,Мебель,Екатеринбург,Корпоратив,44.0,148.46,6532.24,4001.23,2531.01
8908,2024-02-05,Дом и сад,Москва,Потребитель,5.0,118.48,592.4,357.56,234.84
8909,2024-05-31,Мебель,Самара,Потребитель,15.0,994.59,14918.85,8997.5,5921.35
8910,2023-03-19,Мебель,Санкт-Петербург,Потребитель,11.0,1209.59,13305.49,7486.9,5818.59
8911,2024-12-21,Офис,Самара,Потребитель,9.0,294.55,2650.95,1934.77,716.18
8912,2023-08-05,Офис,Москва,Потребитель,11.0,155.29,1708.19,1021.61,686.58
8913,2023-08-02,Мебель,Самара,Потребитель,2.0,195.83,391.66,296.52,95.14
8914,2024-11-14,Дом и сад,Екатеринбург,Потребитель,20.0,207.9,4158.0,2647.92,1510.08
8915,2023-01-02,Дом и сад,Новосибирск,Корпоратив,7.0,707.37,4951.59,2833.49,2118.1
8916,2024-07-08,Дом и сад,Москва,Потребитель,14.0,507.46,7104.44,4805.31,2299.13
8917,2023-10-10,Офис,Новосибирск,Мелкий опт,2.0,634.78,1269.56,973.7,295.86
8918,2023-10-07,Канцелярия,Самара,Потребитель,4.0,219.69,878.76,668.38,210.38
8919,2023-12-21,Канцелярия,Москва,Потребитель,18.0,806.33,14513.94,11610.38,2903.56
8920,2023-05-12,Дом и сад,Екатеринбург,Потребитель,25.0,111.86,2796.5,1981.04,815.46
8921,2024-02-12,Мебель,Екатеринбург,Потребитель,5.0,628.28,3141.4,1800.23,1341.17
8922,2024-07-03,Техника,Новосибирск,Мелкий опт,25.0,308.37,7709.25,4992.83,2716.42
8923,2024-11-26,Мебель,Екатеринбург,Потребитель,5.0,64.11,320.55,187.37,133.18
8924,2024-09-04,Офис,Самара,Мелкий опт,15.0,329.68,4945.2,3258.98,1686.22
8925,2024-07-25,Дом и сад,Санкт-Петербург,Потребитель,27.0,517.38,13969.26,9183.48,4785.78
8926,2024-02-20,Канцелярия,Санкт-Петербург,Потребитель,23.0,471.87,10853.01,8394.77,2458.24
8927,2023-11-21,Техника,Москва,Корпоратив,4.0,448.41,1793.64,1222.74,570.9
8928,2023-06-16,Канцелярия,Самара,Потребитель,11.0,151.47,1666.17,940.2,725.97
8929,2023-09-22,Канцелярия,Москва,Потребитель,26.0,371.93,9670.18,5694.48,3975.7
8930,2024-05-26,Канцелярия,Санкт-Петербург,Потребитель,4.0,731.33,2925.32,1718.42,1206.9
8931,2023-04-01,Дом и сад,Екатеринбург,Корпоратив,55.0,267.03,14686.65,11107.03,3579.62
8932,2024-04-30,Канцелярия,Новосибирск,Корпоратив,4.0,683.26,2733.04,2036.29,696.75
8933,2024-07-04,Дом и сад,Самара,Потребитель,5.0,327.46,1637.3,1086.4,550.9
8934,2023-05-30,Техника,Новосибирск,Потребитель,7.0,455.29,3187.03,2104.9,1082.13
8935,2024-01-06,Техника,Москва,Мелкий опт,7.0,497.17,3480.19,2370.97,1109.22
8936,2024-07-11,Техника,Санкт-Петербург,Корпоратив,4.0,218.57,874.28,541.51,332.77
8937,2024-10-05,Канцелярия,Москва,Потребитель,1.0,724.27,724.27,484.14,240.13
8938,2023-02-24,Дом и сад,Москва,Корпоратив,3.0,324.52,973.56,612.73,360.83
8939,2024-11-19,Офис,Новосибирск,Корпоратив,28.0,244.7,6851.6,5198.89,1652.71
8940,2023-02-22,Офис,Москва,Корпоратив,2.0,697.9,1395.8,947.08,448.72
8941,2024-07-18,Дом и сад,Москва,Потребитель,3.0,250.72,752.16,485.49,266.67
8942,2024-12-15,Дом и сад,Екатеринбург,Мелкий опт,11.0,811.84,8930.24,6785.76,2144.48
8943,2023-07-24,Дом и сад,Новосибирск,Потребитель,7.0,487.93,3415.51,1880.95,1534.56
8944,2023-04-13,Дом и сад,Санкт-Петербург,Корпоратив,12.0,321.38,3856.56,2936.66,919.9
8945,2024-10-09,Канцелярия,Санкт-Петербург,Потребитель,12.0,210.79,2529.48,1852.91,676.57
8946,2024-11-06,Канцелярия,Санкт-Петербург,Потребитель,19.0,393.0,7467.0,5065.66,2401.34
8947,2023-10-28,Техника,Москва,Мелкий опт,12.0,641.3,7695.6,5147.95,2547.65
8948,2024-01-26,Офис,Самара,Потребитель,12.0,202.8,2433.6,1726.86,706.74
8949,2023-02-10,Офис,Новосибирск,Корпоратив,3.0,1191.15,3573.45,2043.9,1529.55
8950,2024-01-06,Дом и сад,Новосибирск,Потребитель,21.0,40.14,842.94,492.3,350.64
8951,2024-10-22,Техника,Екатеринбург,Потребитель,13.0,243.46,3164.98,2144.31,1020.67
8952,2024-05-21,Мебель,Самара,Мелкий опт,11.0,511.61,5627.71,4478.09,1149.62
8953,2023-09-10,Техника,Екатеринбург,Потребитель,14.0,123.2,1724.8,948.81,775.99
8954,2023-02-26,Канцелярия,Москва,Потребитель,4.0,277.55,1110.2,640.36,469.84
8955,2024-09-19,Канцелярия,Новосибирск,Корпоратив,17.0,495.86,8429.62,6313.67,2115.95
8956,2024-08-09,Офис,Санкт-Петербург,Потребитель,0.0,47.23,0.0,0.0,0.0
8957,2023-02-22,Техника,Москва,Потребитель,5.0,1275.7,6378.5,3728.22,2650.28
8958,2023-01-06,Дом и сад,Санкт-Петербург,Потребитель,10.0,1137.67,11376.7,7526.43,3850.27
8959,2024-04-24,Офис,Екатеринбург,Потребитель,22.0,633.62,13939.64,8046.47,5893.17
8960,2023-01-04,Дом и сад,Самара,Потребитель,35.0,320.46,11216.1,7200.16,4015.94
8961,2024-07-09,Офис,Новосибирск,Корпоратив,21.0,408.2,8572.2,5476.89,3095.31
8962,2023-10-11,Дом и сад,Москва,Потребитель,19.0,108.75,2066.25,1414.76,651.49
8963,2023-08-26,Канцелярия,Санкт-Петербург,Мелкий опт,6.0,445.56,2673.36,1723.7,949.66
8964,2024-05-01,Дом и сад,Новосибирск,Корпоратив,15.0,568.93,8533.95,4757.22,3776.73
8965,2023-04-05,Техника,Самара,Корпоратив,16.0,224.7,3595.2,2194.02,1401.18
8966,2023-12-18,Дом и сад,Санкт-Петербург,Потребитель,16.0,381.91,6110.56,4634.24,1476.32
8967,2023-12-01,Дом и сад,Екатеринбург,Корпоратив,6.0,429.25,2575.5,1605.69,969.81
8968,2024-04-25,Мебель,Москва,Потребитель,3.0,348.22,1044.66,788.95,255.71
8969,2023-02-24,Офис,Новосибирск,Потребитель,12.0,1693.78,20325.36,13032.95,7292.41
8970,2023-05-21,Техника,Новосибирск,Потребитель,18.0,127.4,2293.2,1559.47,733.73
8971,2024-11-05,Техника,Санкт-Петербург,Корпоратив,21.0,544.28,11429.88,7507.35,3922.53
8972,2023-02-13,Канцелярия,Екатеринбург,Мелкий опт,3.0,180.33,540.99,331.44,209.55
8973,2024-06-04,Офис,Екатеринбург,Потребитель,17.0,1520.29,25844.93,19323.37,6521.56
8974,2024-03-08,Офис,Новосибирск,Корпоратив,6.0,534.16,3204.96,2150.25,1054.71
8975,2024-06-07,Офис,Новосибирск,Потребитель,4.0,1245.12,4980.48,2942.5,2037.98
8976,2024-03-12,Канцелярия,Екатеринбург,Потребитель,22.0,184.85,4066.7,2726.05,1340.65
8977,2023-04-30,Мебель,Москва,Потребитель,1.0,4142.43,4142.43,3270.65,871.78
8978,2024-04-29,Канцелярия,Новосибирск,Корпоратив,13.0,183.22,2381.86,1867.6,514.26
8979,2024-03-26,Дом и сад,Санкт-Петербург,Потребитель,9.0,411.81,3706.29,2167.6,1538.69
8980,2024-05-15,Канцелярия,Санкт-Петербург,Потребитель,0.0,777.27,0.0,0.0,0.0
8981,2024-10-01,Дом и сад,Самара,Потребитель,17.0,468.82,7969.94,5892.89,2077.05
8982,2024-12-31,Дом и сад,Москва,Корпоратив,19.0,1122.64,21330.16,15765.43,5564.73
8983,2024-01-29,Дом и сад,Екатеринбург,Корпоратив,10.0,665.61,6656.1,4113.13,2542.97
8984,2024-08-01,Техника,Самара,Потребитель,22.0,550.49,12110.78,7056.93,5053.85
8985,2023-06-11,Дом и сад,Москва,Корпоратив,12.0,219.42,2633.04,1933.41,699.63
8986,2023-10-16,Техника,Екатеринбург,Потребитель,2.0,255.76,511.52,363.74,147.78
8987,2024-02-12,Канцелярия,Москва,Потребитель,6.0,225.02,1350.12,825.27,524.85
8988,2023-07-20,Дом и сад,Москва,Мелкий опт,36.0,616.74,22202.64,13708.78,8493.86
8989,2023-05-26,Техника,Самара,Корпоратив,1.0,203.43,203.43,131.47,71.96
8990,2023-06-05,Дом и сад,Самара,Корпоратив,9.0,512.46,4612.14,3115.51,1496.63
8991,2023-03-28,Офис,Москва,Потребитель,6.0,203.6,1221.6,783.38,438.22
8992,2024-06-05,Офис,Новосибирск,Мелкий опт,4.0,350.5,1402.0,957.46,444.54
8993,2023-03-17,Канцелярия,Екатеринбург,Потребитель,3.0,755.55,2266.65,1665.74,600.91
8994,2024-07-16,Техника,Самара,Потребитель,2.0,279.66,559.32,363.8,195.52
8995,2024-01-11,Мебель,Екатеринбург,Потребитель,8.0,368.06,2944.48,2275.28,669.2
8996,2024-01-02,Дом и сад,Екатеринбург,Мелкий опт,4.0,134.97,539.88,379.06,160.82
8997,2023-01-07,Техника,Москва,Корпоратив,3.0,461.49,1384.47,1013.44,371.03
8998,2024-04-30,Канцелярия,Самара,Корпоратив,3.0,424.99,1274.97,711.5,563.47
8999,2023-07-13,Техника,Москва,Потребитель,10.0,2697.36,26973.6,20209.29,6764.31
9000,2024-02-15,Канцелярия,Москва,Потребитель,9.0,427.22,3844.98,2153.74,1691.24
9001,2023-05-22,Дом и сад,Екатеринбург,Корпоратив,5.0,347.19,1735.95,1200.01,535.94
9002,2024-04-04,Офис,Екатеринбург,Потребитель,53.0,374.72,19860.16,14185.6,5674.56
9003,2023-07-25,Офис,Новосибирск,Потребитель,15.0,126.17,1892.55,1242.02,650.53
9004,2024-05-05,Дом и сад,Новосибирск,Мелкий опт,47.0,629.9,29605.3,21305.43,8299.87
9005,2024-05-23,Офис,Москва,Корпоратив,7.0,286.0,2002.0,1230.86,771.14
9006,2023-11-26,Мебель,Екатеринбург,Мелкий опт,3.0,166.59,499.77,389.67,110.1
9007,2023-08-14,Техника,Санкт-Петербург,Корпоратив,9.0,814.84,7333.56,5286.79,2046.77
9008,2024-03-14,Офис,Санкт-Петербург,Потребитель,19.0,65.92,1252.48,977.56,274.92
9009,2024-08-17,Офис,Екатеринбург,Корпоратив,13.0,779.05,10127.65,6161.68,3965.97
9010,2023-06-24,Техника,Санкт-Петербург,Потребитель,12.0,307.02,3684.24,2056.8,1627.44
9011,2024-05-16,Офис,Новосибирск,Потребитель,7.0,84.33,590.31,455.81,134.5
9012,2023-12-02,Офис,Москва,Мелкий опт,1.0,673.04,673.04,398.66,274.38
9013,2024-09-18,Техника,Санкт-Петербург,Корпоратив,4.0,95.66,382.64,214.52,168.12
9014,2024-06-04,Офис,Екатеринбург,Потребитель,61.0,221.45,13508.45,9912.64,3595.81
9015,2023-01-08,Канцелярия,Москва,Корпоратив,4.0,992.52,3970.08,2744.97,1225.11
9016,2023-12-25,Дом и сад,Москва,Мелкий опт,9.0,700.2,6301.8,3716.34,2585.46
9017,2023-03-28,Дом и сад,Новосибирск,Корпоратив,4.0,333.14,1332.56,734.49,598.07
9018,2024-07-22,Техника,Москва,Потребитель,23.0,92.76,2133.48,1641.83,491.65
9019,2024-10-27,Канцелярия,Екатеринбург,Потребитель,5.0,170.48,852.4,541.11,311.29
9020,2023-12-14,Техника,Новосибирск,Потребитель,1.0,176.59,176.59,102.74,73.85
9021,2023-04-14,Техника,Москва,Потребитель,17.0,517.47,8796.99,6114.17,2682.82
9022,2024-06-23,Канцелярия,Санкт-Петербург,Мелкий опт,8.0,532.05,4256.4,2406.33,1850.07
9023,2023-03-27,Дом и сад,Новосибирск,Корпоратив,3.0,1071.21,3213.63,1777.9,1435.73
9024,2023-07-24,Мебель,Москва,Потребитель,4.0,657.76,2631.04,1692.53,938.51
9025,2023-07-22,Дом и сад,Москва,Потребитель,13.0,239.06,3107.78,2406.18,701.6
9026,2023-02-27,Канцелярия,Самара,Потребитель,27.0,2040.9,55104.3,43548.98,11555.32
9027,2024-07-13,Дом и сад,Санкт-Петербург,Корпоратив,42.0,551.58,23166.36,14536.83,8629.53
9028,2023-07-28,Офис,Екатеринбург,Корпоратив,11.0,581.72,6398.92,3774.12,2624.8
9029,2023-08-09,Дом и сад,Самара,Потребитель,4.0,1509.62,6038.48,3656.18,2382.3
9030,2023-09-05,Офис,Санкт-Петербург,Мелкий опт,8.0,1326.36,10610.88,6355.21,4255.67
9031,2023-05-03,Техника,Новосибирск,Потребитель,11.0,1459.92,16059.12,11036.18,5022.94
9032,2023-01-06,Дом и сад,Екатеринбург,Потребитель,43.0,786.95,33838.85,20074.6,13764.25
9033,2023-10-22,Мебель,Екатеринбург,Потребитель,,691.17,5529.36,3895.57,1633.79
9034,2023-08-30,Офис,Москва,Мелкий опт,7.0,639.92,4479.44,3250.86,1228.58
9035,2023-06-05,Офис,Новосибирск,Потребитель,5.0,1445.31,7226.55,5251.99,1974.56
9036,2024-01-27,Мебель,Санкт-Петербург,Потребитель,13.0,227.45,2956.85,1799.15,1157.7
9037,2023-11-25,Офис,Москва,Корпоратив,6.0,407.56,2445.36,1912.28,533.08
9038,2023-04-22,Канцелярия,Москва,Мелкий опт,37.0,258.55,9566.35,5285.89,4280.46
9039,2024-10-24,Мебель,Самара,Потребитель,4.0,617.54,2470.16,1639.36,830.8
9040,2023-02-17,Канцелярия,Новосибирск,Потребитель,5.0,751.38,3756.9,2477.49,1279.41
9041,2024-01-14,Офис,Москва,Потребитель,15.0,1838.14,27572.1,17880.49,9691.61
9042,2024-09-24,Техника,Екатеринбург,Потребитель,15.0,574.28,8614.2,6381.67,2232.53
9043,2024-10-16,Техника,Санкт-Петербург,Корпоратив,2.0,1288.02,2576.04,1786.71,789.33
9044,2024-05-14,Дом и сад,Новосибирск,Корпоратив,51.0,866.49,44190.99,35347.82,8843.17
9045,2023-04-15,Мебель,Москва,Потребитель,51.0,1069.52,54545.52,41567.4,12978.12
9046,2024-11-15,Канцелярия,Москва,Потребитель,1.0,231.5,231.5,166.75,64.75
9047,2024-04-06,Мебель,Самара,Потребитель,42.0,1830.08,76863.36,47383.28,29480.08
9048,2024-07-19,Мебель,Екатеринбург,Мелкий опт,2.0,929.94,1859.88,1061.68,798.2
9049,2024-01-12,Офис,Новосибирск,Потребитель,19.0,187.83,3568.77,2247.66,1321.11
9050,2023-01-20,Мебель,Екатеринбург,Мелкий опт,2.0,80.25,160.5,94.74,65.76
9051,2023-09-21,Офис,Екатеринбург,Потребитель,24.0,211.39,5073.36,4040.55,1032.81
9052,2023-02-21,Дом и сад,Москва,Потребитель,2.0,580.95,1161.9,880.24,281.66
9053,2023-03-25,Мебель,Москва,Потребитель,22.0,401.06,8823.32,5646.91,3176.41
9054,2024-03-19,Мебель,Москва,Потребитель,5.0,822.86,4114.3,2999.63,1114.67
9055,2024-01-10,Техника,Санкт-Петербург,Потребитель,,200.77,2610.01,1737.54,872.47
9056,2023-10-09,Техника,Екатеринбург,Потребитель,20.0,275.02,5500.4,3085.23,2415.17
9057,2024-04-25,Канцелярия,Санкт-Петербург,Потребитель,9.0,324.21,2917.89,1964.14,953.75
9058,2023-09-06,Офис,Москва,Потребитель,3.0,200.47,601.41,423.35,178.06
9059,2023-05-02,Дом и сад,Новосибирск,Потребитель,8.0,334.3,2674.4,2003.71,670.69
9060,2024-04-30,Техника,Санкт-Петербург,Потребитель,10.0,251.19,2511.9,1962.54,549.36
9061,2023-01-04,Офис,Новосибирск,Корпоратив,11.0,928.72,10215.92,6212.86,4003.06
9062,2023-06-21,Канцелярия,Санкт-Петербург,Потребитель,1.0,805.36,805.36,459.87,345.49
9063,2024-04-27,Техника,Новосибирск,Корпоратив,14.0,238.26,3335.64,2652.49,683.15
9064,2023-03-01,Техника,Москва,Потребитель,7.0,236.62,1656.34,1045.89,610.45
9065,2024-04-29,Офис,Санкт-Петербург,Корпоратив,12.0,929.86,11158.32,8452.05,2706.27
9066,2023-08-21,Дом и сад,Санкт-Петербург,Потребитель,32.0,1095.14,-1.0,21652.63,13391.85
9067,2023-07-05,Дом и сад,Екатеринбург,Потребитель,4.0,794.96,3179.84,2443.6,736.24
9068,2024-02-21,Дом и сад,Санкт-Петербург,Корпоратив,30.0,233.96,7018.8,5572.64,1446.16
9069,2024-02-15,Офис,Новосибирск,Потребитель,20.0,186.13,3722.6,2243.13,1479.47
9070,2024-01-20,Офис,Москва,Корпоратив,20.0,2418.28,48365.6,34781.33,13584.27
9071,2024-09-08,Офис,Новосибирск,Потребитель,6.0,575.53,3453.18,2174.76,1278.42
9072,2023-05-03,Офис,Москва,Корпоратив,4.0,530.89,2123.56,1631.99,491.57
9073,2023-06-27,Техника,Самара,Корпоратив,1.0,245.64,245.64,154.98,90.66
9074,2024-10-23,Офис,Новосибирск,Мелкий опт,75.0,138.14,10360.5,6415.77,3944.73
9075,2023-01-13,Мебель,Новосибирск,Корпоратив,40.0,756.87,30274.8,19538.96,10735.84
9076,2023-10-26,Техника,Самара,Потребитель,2.0,139.02,278.04,210.6,67.44
9077,2024-09-12,Офис,Екатеринбург,Корпоратив,6.0,262.55,1575.3,1160.52,414.78
9078,2024-10-22,Мебель,Новосибирск,Мелкий опт,21.0,814.34,17101.14,10316.16,6784.98
9079,2023-09-05,Офис,Москва,Мелкий опт,2.0,112.01,224.02,137.38,86.64
9080,2024-02-15,Дом и сад,Санкт-Петербург,Корпоратив,1.0,294.97,294.97,204.0,90.97
9081,2024-08-31,Офис,Новосибирск,Потребитель,9.0,725.94,6533.46,4363.86,2169.6
9082,2024-10-18,Офис,Екатеринбург,Потребитель,5.0,1565.21,7826.05,4940.86,2885.19
9083,2024-04-12,Техника,Санкт-Петербург,Корпоратив,21.0,835.9,17553.9,11950.25,5603.65
9084,2023-09-29,Техника,Москва,Потребитель,1.0,826.34,826.34,627.63,198.71
9085,2023-09-22,Дом и сад,Санкт-Петербург,Потребитель,1.0,424.22,424.22,335.19,89.03
9086,2023-12-10,Офис,Новосибирск,Потребитель,14.0,1072.38,15013.32,8752.78,6260.54
9087,2023-01-07,Дом и сад,Самара,Корпоратив,7.0,339.4,2375.8,1455.45,920.35
9088,2024-12-12,Дом и сад,Екатеринбург,Потребитель,9.0,122.99,1106.91,711.53,395.38
9089,2024-10-01,Канцелярия,Санкт-Петербург,Потребитель,11.0,816.5,8981.5,6986.7,1994.8
9090,2024-12-01,Мебель,Новосибирск,Потребитель,11.0,703.11,7734.21,6170.21,1564.0
9091,2023-05-16,Мебель,Новосибирск,Корпоратив,20.0,553.44,11068.8,7713.62,3355.18
9092,2024-07-14,Офис,Новосибирск,Потребитель,20.0,279.59,5591.8,3373.38,2218.42
9093,2023-01-21,Дом и сад,Екатеринбург,Потребитель,30.0,318.85,9565.5,7458.13,2107.37
9094,2023-08-16,Техника,Санкт-Петербург,Потребитель,5.0,232.77,1163.85,868.44,295.41
9095,2024-08-09,Техника,Санкт-Петербург,Потребитель,11.0,768.22,8450.42,6280.87,2169.55
9096,2023-07-08,Офис,Екатеринбург,Потребитель,3.0,163.18,489.54,304.12,185.42
9097,2023-04-12,Техника,Новосибирск,Мелкий опт,9.0,159.3,1433.7,857.13,576.57
9098,2024-02-02,Канцелярия,Москва,Корпоратив,5.0,1648.89,-1.0,5310.35,2934.1
9099,2023-04-17,Канцелярия,Москва,Потребитель,9.0,649.36,5844.24,4461.42,1382.82
9100,2024-05-03,Техника,Санкт-Петербург,Потребитель,24.0,251.46,6035.04,3342.99,2692.05
9101,2024-03-06,Дом и сад,Москва,Корпоратив,12.0,290.77,3489.24,1994.07,1495.17
9102,2024-07-17,Канцелярия,Санкт-Петербург,Корпоратив,14.0,297.35,4162.9,2422.38,1740.52
9103,2023-08-25,Канцелярия,Екатеринбург,Потребитель,10.0,527.07,5270.7,3655.22,1615.48
9104,2024-09-16,Канцелярия,Самара,Потребитель,12.0,1115.88,13390.56,9067.29,4323.27
9105,2024-03-19,Офис,Екатеринбург,Потребитель,15.0,766.54,11498.1,8885.48,2612.62
9106,2024-02-16,Канцелярия,Новосибирск,Корпоратив,,912.76,18255.2,11832.57,6422.63
9107,2023-08-01,Офис,Самара,Корпоратив,16.0,160.83,2573.28,1594.14,979.14
9108,2023-07-05,Офис,Новосибирск,Потребитель,7.0,270.41,1892.87,1250.71,642.16
9109,2024-01-27,Дом и сад,Новосибирск,Корпоратив,21.0,354.94,7453.74,5309.34,2144.4
9110,2023-01-05,Техника,Новосибирск,Потребитель,2.0,417.75,835.5,537.54,297.96
9111,2023-11-14,Техника,Москва,Потребитель,45.0,478.71,21541.95,13560.02,7981.93
9112,2024-10-21,Канцелярия,Новосибирск,Корпоратив,9.0,61.89,557.01,401.86,155.15
9113,2024-08-25,Канцелярия,Екатеринбург,Потребитель,2.0,187.72,375.44,284.55,90.89
9114,2024-03-27,Техника,Москва,Потребитель,1.0,200.98,200.98,127.67,73.31
9115,2024-06-15,Канцелярия,Екатеринбург,Потребитель,3.0,827.69,2483.07,1583.82,899.25
9116,2024-09-28,Дом и сад,Самара,Потребитель,18.0,1725.37,31056.66,19388.91,11667.75
9117,2024-12-07,Дом и сад,Санкт-Петербург,Потребитель,16.0,1033.21,16531.36,10117.35,6414.01
9118,2024-11-30,Мебель,Новосибирск,Потребитель,6.0,140.6,843.6,642.63,200.97
9119,2024-02-09,Офис,Москва,Мелкий опт,11.0,263.19,2895.09,2037.23,857.86
9120,2024-05-24,Канцелярия,Санкт-Петербург,Потребитель,6.0,953.57,5721.42,3553.74,2167.68
9121,2024-07-04,Техника,Самара,Корпоратив,,563.17,4505.36,3587.87,917.49
9122,2023-03-16,Техника,Самара,Потребитель,3.0,168.95,506.85,375.69,131.16
9123,2023-04-27,Канцелярия,Санкт-Петербург,Корпоратив,19.0,778.11,14784.09,11409.06,3375.03
9124,2024-09-08,Офис,Москва,Потребитель,27.0,427.61,11545.47,7625.35,3920.12
9125,2023-05-26,Канцелярия,Екатеринбург,Потребитель,3.0,198.59,595.77,394.25,201.52
9126,2023-10-06,Офис,Москва,Корпоратив,12.0,428.86,5146.32,3605.41,1540.91
9127,2023-08-21,Офис,Санкт-Петербург,Потребитель,8.0,537.66,4301.28,2894.57,1406.71
9128,2023-02-14,Дом и сад,Санкт-Петербург,Потребитель,8.0,543.77,4350.16,2841.75,1508.41
9129,2023-01-30,Офис,Екатеринбург,Мелкий опт,23.0,155.3,3571.9,2392.52,1179.38
9130,2024-11-17,Дом и сад,Екатеринбург,Потребитель,12.0,387.01,4644.12,2860.55,1783.57
9131,2024-11-16,Канцелярия,Новосибирск,Потребитель,2.0,252.04,504.08,331.16,172.92
9132,2024-01-10,Дом и сад,Санкт-Петербург,Потребитель,2.0,451.79,903.58,647.36,256.22
9133,2024-03-02,Офис,Екатеринбург,Корпоратив,6.0,842.09,5052.54,3456.84,1595.7
9134,2023-04-25,Мебель,Новосибирск,Потребитель,11.0,209.32,2302.52,1460.29,842.23
9135,2023-08-31,Дом и сад,Санкт-Петербург,Корпоратив,32.0,308.04,9857.28,6775.59,3081.69
9136,2024-12-06,Дом и сад,Москва,Корпоратив,2.0,813.82,1627.64,937.69,689.95
9137,2024-11-02,Канцелярия,Санкт-Петербург,Корпоратив,,657.41,2629.64,1669.98,959.66
9138,2024-02-29,Канцелярия,Самара,Потребитель,26.0,606.38,15765.88,8776.8,6989.08
9139,2024-12-27,Техника,Санкт-Петербург,Корпоратив,4.0,72.46,289.84,187.53,102.31
9140,2023-08-01,Канцелярия,Екатеринбург,Мелкий опт,1.0,273.04,273.04,201.69,71.35
9141,2023-08-26,Дом и сад,Санкт-Петербург,Потребитель,7.0,888.56,6219.92,4439.55,1780.37
9142,2023-12-17,Дом и сад,Санкт-Петербург,Потребитель,4.0,946.1,3784.4,2984.25,800.15
9143,2024-02-10,Канцелярия,Санкт-Петербург,Потребитель,28.0,256.09,7170.52,3987.04,3183.48
9144,2024-05-21,Канцелярия,Санкт-Петербург,Потребитель,10.0,249.03,2490.3,1397.31,1092.99
9145,2023-03-01,Офис,Екатеринбург,Потребитель,18.0,197.74,3559.32,2037.92,1521.4
9146,2024-12-02,Дом и сад,Самара,Потребитель,1.0,303.88,303.88,229.1,74.78
9147,2023-05-05,Техника,Москва,Корпоратив,3.0,392.88,1178.64,728.63,450.01
9148,2023-11-22,Канцелярия,Екатеринбург,Мелкий опт,3.0,100.92,302.76,215.13,87.63
9149,2024-12-02,Канцелярия,Самара,Корпоратив,17.0,375.75,6387.75,3881.91,2505.84
9150,2024-08-31,Канцелярия,Екатеринбург,Потребитель,,794.83,15896.6,11761.39,4135.21
9151,2023-12-22,Дом и сад,Санкт-Петербург,Мелкий опт,22.0,650.34,14307.48,11352.42,2955.06
9152,2023-10-08,Дом и сад,Москва,Корпоратив,9.0,164.63,1481.67,863.55,618.12
9153,2024-08-02,Мебель,Новосибирск,Мелкий опт,,135.74,542.96,304.28,238.68
9154,2023-12-30,Техника,Екатеринбург,Мелкий опт,3.0,198.94,596.82,473.72,123.1
9155,2023-10-23,Дом и сад,Самара,Потребитель,13.0,609.4,7922.2,5781.92,2140.28
9156,2023-05-20,Дом и сад,Новосибирск,Мелкий опт,29.0,1614.46,-1.0,33019.97,13799.37
9157,2024-08-01,Дом и сад,Новосибирск,Корпоратив,2.0,502.57,1005.14,692.41,312.73
9158,2024-04-12,Дом и сад,Москва,Потребитель,11.0,120.5,1325.5,979.13,346.37
9159,2024-08-24,Дом и сад,Екатеринбург,Потребитель,9.0,202.17,1819.53,1106.36,713.17
9160,2023-07-16,Дом и сад,Екатеринбург,Корпоратив,9.0,408.92,3680.28,2087.13,1593.15
9161,2024-03-31,Техника,Самара,Потребитель,18.0,609.91,10978.38,7755.88,3222.5
9162,2023-09-15,Мебель,Новосибирск,Корпоратив,,508.81,21370.02,15493.58,5876.44
9163,2023-12-05,Дом и сад,Новосибирск,Корпоратив,5.0,683.0,3415.0,2500.0,915.0
9164,2024-09-13,Офис,Новосибирск,Потребитель,11.0,489.06,5379.66,3732.52,1647.14
9165,2024-05-07,Канцелярия,Санкт-Петербург,Потребитель,15.0,139.34,2090.1,1449.38,640.72
9166,2024-02-13,Канцелярия,Москва,Потребитель,8.0,395.62,3164.96,1898.48,1266.48
9167,2023-04-02,Офис,Санкт-Петербург,Корпоратив,30.0,348.55,10456.5,6517.86,3938.64
9168,2024-04-16,Техника,Самара,Потребитель,12.0,368.42,4421.04,3175.78,1245.26
9169,2023-04-24,Техника,Самара,Корпоратив,22.0,381.92,8402.24,5355.33,3046.91
9170,2023-01-18,Канцелярия,Екатеринбург,Корпоратив,3.0,299.69,899.07,524.64,374.43
9171,2023-04-08,Офис,Самара,Потребитель,6.0,306.07,1836.42,1393.67,442.75
9172,2024-02-13,Дом и сад,Самара,Мелкий опт,7.0,771.05,5397.35,4118.66,1278.69
9173,2024-06-14,Канцелярия,Санкт-Петербург,Корпоратив,80.0,1064.27,85141.6,52786.56,32355.04
9174,2024-09-15,Канцелярия,Самара,Потребитель,12.0,1047.97,12575.64,9101.4,3474.24
9175,2023-03-04,Канцелярия,Екатеринбург,Потребитель,5.0,354.0,1770.0,1120.33,649.67
9176,2023-07-28,Техника,Новосибирск,Потребитель,29.0,1779.51,51605.79,40558.03,11047.76
9177,2024-11-02,Дом и сад,Новосибирск,Потребитель,12.0,906.63,10879.56,7435.16,3444.4
9178,2023-04-22,Техника,Новосибирск,Потребитель,17.0,285.68,4856.56,3713.27,1143.29
9179,2023-03-01,Офис,Самара,Потребитель,7.0,306.5,2145.5,1552.82,592.68
9180,2023-10-12,Канцелярия,Санкт-Петербург,Корпоратив,18.0,817.48,14714.64,9218.96,5495.68
9181,2024-09-25,Канцелярия,Новосибирск,Корпоратив,24.0,803.72,19289.28,15091.21,4198.07
9182,2024-11-07,Техника,Москва,Потребитель,38.0,309.34,11754.92,8953.78,2801.14
9183,2024-04-18,Канцелярия,Екатеринбург,Потребитель,1.0,350.75,350.75,278.67,72.08
9184,2024-04-10,Канцелярия,Санкт-Петербург,Корпоратив,1.0,58.71,58.71,34.57,24.14
9185,2023-06-29,Офис,Санкт-Петербург,Корпоратив,2.0,179.42,358.84,277.95,80.89
9186,2023-04-27,Офис,Самара,Мелкий опт,1.0,250.19,250.19,146.64,103.55
9187,2023-09-07,Канцелярия,Самара,Корпоратив,1.0,739.51,739.51,536.47,203.04
9188,2024-11-29,Техника,Самара,Потребитель,13.0,670.58,8717.54,5039.47,3678.07
9189,2023-12-11,Дом и сад,Новосибирск,Потребитель,5.0,224.74,1123.7,769.88,353.82
9190,2024-04-03,Дом и сад,Екатеринбург,Потребитель,18.0,643.69,11586.42,7066.68,4519.74
9191,2023-03-31,Дом и сад,Москва,Мелкий опт,7.0,141.81,992.67,635.93,356.74
9192,2023-09-24,Дом и сад,Санкт-Петербург,Мелкий опт,0.0,457.61,0.0,0.0,0.0
9193,2023-09-28,Техника,Екатеринбург,Мелкий опт,5.0,1360.31,6801.55,4793.99,2007.56
9194,2024-07-29,Дом и сад,Новосибирск,Потребитель,17.0,622.33,10579.61,6692.01,3887.6
9195,2024-05-07,Дом и сад,Москва,Потребитель,9.0,753.9,6785.1,5410.63,1374.47
9196,2023-08-06,Дом и сад,Самара,Потребитель,35.0,861.85,30164.75,18833.57,11331.18
9197,2023-11-30,Офис,Екатеринбург,Корпоратив,6.0,195.22,1171.32,868.94,302.38
9198,2023-03-25,Техника,Москва,Потребитель,17.0,478.27,8130.59,5962.5,2168.09
9199,2023-09-19,Техника,Новосибирск,Потребитель,12.0,822.69,9872.28,5543.35,4328.93
9200,2023-08-30,Дом и сад,Санкт-Петербург,Потребитель,3.0,306.21,918.63,518.28,400.35
9201,2024-11-02,Дом и сад,Санкт-Петербург,Потребитель,12.0,50.09,601.08,404.73,196.35
9202,2023-11-22,Офис,Екатеринбург,Потребитель,6.0,945.23,5671.38,4190.28,1481.1
9203,2023-03-27,Дом и сад,Москва,Мелкий опт,1.0,371.28,371.28,255.95,115.33
9204,2024-01-30,Канцелярия,Екатеринбург,Корпоратив,6.0,551.07,3306.42,2289.54,1016.88
9205,2023-10-15,Офис,Санкт-Петербург,Потребитель,3.0,316.26,948.78,669.34,279.44
9206,2023-07-03,Мебель,Екатеринбург,Потребитель,14.0,170.67,2389.38,1830.08,559.3
9207,2024-07-11,Техника,Новосибирск,Потребитель,9.0,442.67,3984.03,3007.44,976.59
9208,2024-05-21,Офис,Санкт-Петербург,Потребитель,30.0,748.9,22467.0,16841.01,5625.99
9209,2024-07-10,Мебель,Екатеринбург,Корпоратив,7.0,1339.15,9374.05,6538.77,2835.28
9210,2024-01-30,Техника,Новосибирск,Потребитель,5.0,275.24,1376.2,933.25,442.95
9211,2023-04-18,Техника,Самара,Мелкий опт,16.0,167.96,2687.36,1890.97,796.39
9212,2023-09-21,Техника,Санкт-Петербург,Потребитель,73.0,1536.6,112171.8,80192.81,31978.99
9213,2024-04-13,Офис,Новосибирск,Потребитель,6.0,222.45,1334.7,953.8,380.9
9214,2024-06-08,Дом и сад,Москва,Потребитель,18.0,732.09,13177.62,8354.83,4822.79
9215,2024-02-27,Канцелярия,Екатеринбург,Корпоратив,21.0,380.19,7983.99,5399.86,2584.13
9216,2023-03-07,Техника,Самара,Потребитель,5.0,2427.61,12138.05,9659.28,2478.77
9217,2023-01-06,Дом и сад,Самара,Потребитель,21.0,1315.29,27621.09,20596.79,7024.3
9218,2024-07-08,Дом и сад,Самара,Потребитель,29.0,1345.46,39018.34,29201.34,9817.0
9219,2023-04-06,Техника,Санкт-Петербург,Потребитель,27.0,595.48,16077.96,12274.85,3803.11
9220,2024-07-22,Мебель,Новосибирск,Корпоратив,14.0,114.16,1598.24,880.51,717.73
9221,2023-12-20,Офис,Екатеринбург,Корпоратив,2.0,1054.15,2108.3,1528.16,580.14
9222,2023-03-03,Канцелярия,Екатеринбург,Мелкий опт,18.0,940.67,16932.06,10375.71,6556.35
9223,2023-03-04,Канцелярия,Москва,Потребитель,,114.11,3423.3,2550.78,872.52
9224,2024-11-11,Дом и сад,Новосибирск,Потребитель,6.0,671.15,4026.9,3118.84,908.06
9225,2023-03-03,Мебель,Москва,Потребитель,20.0,386.55,7731.0,4826.92,2904.08
9226,2024-01-05,Канцелярия,Самара,Потребитель,12.0,269.36,3232.32,2068.26,1164.06
9227,2023-08-13,Канцелярия,Екатеринбург,Корпоратив,6.0,172.96,1037.76,656.82,380.94
9228,2024-11-05,Техника,Москва,Мелкий опт,20.0,390.41,7808.2,5931.46,1876.74
9229,2024-08-15,Дом и сад,Самара,Корпоратив,3.0,194.08,582.24,463.48,118.76
9230,2024-07-26,Дом и сад,Екатеринбург,Потребитель,3.0,188.69,566.07,386.59,179.48
9231,2024-03-30,Дом и сад,Москва,Потребитель,8.0,177.73,1421.84,1065.57,356.27
9232,2024-03-30,Техника,Самара,Корпоратив,6.0,1073.46,6440.76,4217.54,2223.22
9233,2024-01-17,Офис,Екатеринбург,Корпоратив,18.0,678.05,12204.9,6931.25,5273.65
9234,2024-07-04,Дом и сад,Санкт-Петербург,Потребитель,13.0,354.99,4614.87,3075.15,1539.72
9235,2024-10-01,Офис,Екатеринбург,Потребитель,19.0,184.8,3511.2,1939.78,1571.42
9236,2024-03-24,Канцелярия,Самара,Потребитель,33.0,227.68,7513.44,5352.53,2160.91
9237,2023-12-14,Дом и сад,Самара,Корпоратив,13.0,24.86,323.18,244.04,79.14
9238,2024-01-19,Техника,Санкт-Петербург,Корпоратив,8.0,500.6,4004.8,2666.19,1338.61
9239,2024-01-22,Мебель,Самара,Мелкий опт,12.0,107.1,1285.2,809.55,475.65
9240,2023-01-23,Офис,Санкт-Петербург,Потребитель,5.0,199.27,-1.0,610.17,386.18
9241,2024-10-30,Техника,Москва,Потребитель,3.0,802.78,2408.34,1503.87,904.47
9242,2023-07-15,Дом и сад,Санкт-Петербург,Мелкий опт,5.0,367.53,1837.65,1221.0,616.65
9243,2024-06-22,Офис,Санкт-Петербург,Потребитель,41.0,647.39,26542.99,15890.6,10652.39
9244,2023-04-23,Дом и сад,Самара,Корпоратив,3.0,178.36,535.08,410.64,124.44
9245,2023-05-09,Канцелярия,Москва,Корпоратив,12.0,311.07,3732.84,2140.52,1592.32
9246,2024-06-02,Дом и сад,Екатеринбург,Корпоратив,68.0,118.49,8057.32,6026.22,2031.1
9247,2024-09-12,Офис,Самара,Потребитель,10.0,1417.48,14174.8,10523.82,3650.98
9248,2024-03-18,Офис,Новосибирск,Потребитель,6.0,328.01,1968.06,1528.76,439.3
9249,2024-04-01,Канцелярия,Самара,Мелкий опт,4.0,352.09,1408.36,962.38,445.98
9250,2023-09-24,Дом и сад,Екатеринбург,Потребитель,3.0,660.81,1982.43,1280.51,701.92
9251,2024-08-16,Канцелярия,Санкт-Петербург,Мелкий опт,14.0,457.74,6408.36,4205.64,2202.72
9252,2024-10-02,Канцелярия,Новосибирск,Потребитель,5.0,285.0,1425.0,882.29,542.71
9253,2024-01-18,Офис,Новосибирск,Мелкий опт,44.0,374.09,16459.96,9341.55,7118.41
9254,2024-03-27,Офис,Санкт-Петербург,Мелкий опт,7.0,1427.36,9991.52,7192.53,2798.99
9255,2023-03-01,Мебель,Новосибирск,Потребитель,2.0,734.17,1468.34,960.83,507.51
9256,2023-10-13,Техника,Самара,Потребитель,10.0,1437.21,14372.1,8951.68,5420.42
9257,2023-09-03,Канцелярия,Санкт-Петербург,Корпоратив,20.0,306.51,6130.2,4079.38,2050.82
9258,2024-03-12,Дом и сад,Екатеринбург,Корпоратив,5.0,864.18,4320.9,2854.01,1466.89
9259,2024-06-13,Дом и сад,Москва,Потребитель,41.0,1315.46,53933.86,35743.29,18190.57
9260,2024-12-07,Дом и сад,Санкт-Петербург,Потребитель,67.0,374.98,25123.66,19620.95,5502.71
9261,2024-11-09,Дом и сад,Самара,Мелкий опт,2.0,278.56,557.12,382.27,174.85
9262,2023-09-17,Дом и сад,Санкт-Петербург,Корпоратив,18.0,337.98,6083.64,4381.19,1702.45
9263,2024-04-28,Дом и сад,Москва,Корпоратив,23.0,395.57,9098.11,6320.95,2777.16
9264,2024-12-15,Техника,Самара,Корпоратив,7.0,148.72,1041.04,682.66,358.38
9265,2023-04-10,Офис,Новосибирск,Мелкий опт,19.0,1797.32,34149.08,20747.24,13401.84
9266,2023-01-31,Офис,Самара,Потребитель,2.0,336.92,673.84,400.54,273.3
9267,2024-09-30,Мебель,Самара,Мелкий опт,12.0,84.05,1008.6,626.45,382.15
9268,2024-02-07,Мебель,Москва,Корпоратив,5.0,1738.39,8691.95,4898.26,3793.69
9269,2023-08-20,Дом и сад,Новосибирск,Корпоратив,32.0,836.37,26763.84,16648.64,10115.2
9270,2024-05-29,Техника,Новосибирск,Потребитель,17.0,410.59,6980.03,4220.8,2759.23
9271,2023-06-07,Дом и сад,Новосибирск,Корпоратив,12.0,449.75,5397.0,3777.07,1619.93
9272,2024-04-15,Дом и сад,Самара,Потребитель,15.0,383.58,5753.7,3883.55,1870.15
9273,2023-10-28,Офис,Самара,Потребитель,12.0,358.98,4307.76,2497.56,1810.2
9274,2024-03-23,Офис,Екатеринбург,Мелкий опт,90.0,762.86,-1.0,43472.21,25185.19
9275,2024-09-24,Мебель,Самара,Потребитель,3.0,1906.59,5719.77,3328.79,2390.98
9276,2024-08-30,Техника,Самара,Потребитель,14.0,310.52,4347.28,2652.24,1695.04
9277,2024-09-28,Техника,Санкт-Петербург,Потребитель,19.0,543.85,10333.15,5709.75,4623.4
9278,2023-05-30,Техника,Екатеринбург,Потребитель,6.0,149.7,898.2,712.27,185.93
9279,2023-05-25,Офис,Самара,Потребитель,42.0,86.84,3647.28,2813.1,834.18
9280,2024-08-23,Офис,Самара,Потребитель,12.0,1084.37,13012.44,10337.23,2675.21
9281,2023-03-14,Офис,Самара,Мелкий опт,36.0,334.75,12051.0,9067.62,2983.38
9282,2023-03-16,Офис,Екатеринбург,Мелкий опт,6.0,442.7,2656.2,1877.03,779.17
9283,2023-05-18,Техника,Санкт-Петербург,Корпоратив,7.0,417.35,2921.45,1907.19,1014.26
9284,2023-11-18,Канцелярия,Самара,Потребитель,4.0,474.04,1896.16,1173.18,722.98
9285,2024-09-20,Техника,Екатеринбург,Потребитель,15.0,4007.87,60118.05,35761.93,24356.12
9286,2024-06-26,Мебель,Самара,Корпоратив,11.0,829.16,9120.76,5499.46,3621.3
9287,2023-09-10,Дом и сад,Новосибирск,Мелкий опт,10.0,576.28,5762.8,3264.08,2498.72
9288,2023-11-27,Офис,Самара,Потребитель,14.0,457.56,6405.84,4259.96,2145.88
9289,2024-04-07,Дом и сад,Санкт-Петербург,Потребитель,17.0,145.55,2474.35,1950.58,523.77
9290,2024-01-07,Офис,Санкт-Петербург,Потребитель,4.0,238.54,-1.0,548.35,405.81
9291,2023-04-03,Канцелярия,Екатеринбург,Потребитель,10.0,228.13,2281.3,1701.94,579.36
9292,2024-11-24,Офис,Самара,Потребитель,16.0,87.63,1402.08,797.66,604.42
9293,2023-10-04,Мебель,Москва,Мелкий опт,2.0,690.51,-1.0,833.58,547.44
9294,2023-01-29,Канцелярия,Санкт-Петербург,Потребитель,24.0,522.67,12544.08,9518.83,3025.25
9295,2023-01-23,Техника,Москва,Потребитель,,139.75,419.25,230.93,188.32
9296,2024-10-29,Дом и сад,Екатеринбург,Корпоратив,6.0,129.0,774.0,468.04,305.96
9297,2024-05-03,Офис,Новосибирск,Корпоратив,12.0,244.98,2939.76,1970.47,969.29
9298,2024-09-22,Дом и сад,Москва,Корпоратив,4.0,1756.89,7027.56,4137.53,2890.03
9299,2023-12-23,Техника,Новосибирск,Потребитель,4.0,381.44,1525.76,903.71,622.05
9300,2024-10-09,Мебель,Новосибирск,Потребитель,9.0,518.6,4667.4,2969.61,1697.79
9301,2024-07-14,Канцелярия,Санкт-Петербург,Мелкий опт,5.0,623.65,3118.25,2295.09,823.16
9302,2024-01-20,Техника,Москва,Потребитель,2.0,573.73,1147.46,665.43,482.03
9303,2024-09-01,Мебель,Санкт-Петербург,Потребитель,3.0,303.9,911.7,535.59,376.11
9304,2024-04-24,Дом и сад,Москва,Потребитель,25.0,390.49,9762.25,6199.39,3562.86
9305,2024-05-26,Канцелярия,Самара,Потребитель,20.0,218.41,4368.2,3046.98,1321.22
9306,2024-11-01,Канцелярия,Москва,Потребитель,56.0,491.9,27546.4,20502.08,7044.32
9307,2024-09-05,Дом и сад,Екатеринбург,Мелкий опт,4.0,512.82,2051.28,1433.53,617.75
9308,2024-11-28,Офис,Самара,Потребитель,2.0,460.47,920.94,683.13,237.81
9309,2023-03-11,Дом и сад,Москва,Потребитель,8.0,283.52,2268.16,1734.93,533.23
9310,2023-11-02,Офис,Новосибирск,Корпоратив,13.0,203.65,2647.45,2057.52,589.93
9311,2023-01-30,Канцелярия,Санкт-Петербург,Корпоратив,11.0,219.28,2412.08,1509.17,902.91
9312,2023-08-10,Дом и сад,Самара,Потребитель,36.0,154.28,5554.08,3578.96,1975.12
9313,2023-05-06,Офис,Санкт-Петербург,Потребитель,,499.97,16998.98,10284.18,6714.8
9314,2024-07-01,Дом и сад,Москва,Потребитель,21.0,939.04,19719.84,14426.25,5293.59
9315,2024-06-20,Дом и сад,Санкт-Петербург,Корпоратив,21.0,407.3,8553.3,5894.54,2658.76
9316,2024-01-30,Офис,Новосибирск,Мелкий опт,12.0,520.36,6244.32,3726.63,2517.69
9317,2023-06-30,Канцелярия,Санкт-Петербург,Мелкий опт,16.0,866.45,13863.2,9274.49,4588.71
9318,2023-06-07,Офис,Екатеринбург,Мелкий опт,12.0,584.29,7011.48,5592.15,1419.33
9319,2024-05-22,Офис,Москва,Мелкий опт,4.0,83.54,334.16,233.44,100.72
9320,2024-11-25,Дом и сад,Новосибирск,Потребитель,7.0,459.22,3214.54,1836.83,1377.71
9321,2023-01-16,Мебель,Новосибирск,Мелкий опт,12.0,1168.06,14016.72,10267.5,3749.22
9322,2024-03-08,Офис,Новосибирск,Потребитель,3.0,436.43,1309.29,826.71,482.58
9323,2024-07-31,Канцелярия,Новосибирск,Корпоратив,9.0,988.55,8896.95,4958.01,3938.94
9324,2023-02-21,Канцелярия,Екатеринбург,Корпоратив,4.0,537.47,2149.88,1518.31,631.57
9325,2024-10-28,Мебель,Москва,Корпоратив,9.0,154.38,1389.42,940.16,449.26
9326,2023-08-29,Канцелярия,Санкт-Петербург,Потребитель,7.0,731.51,5120.57,3522.47,1598.1
9327,2024-01-11,Канцелярия,Екатеринбург,Корпоратив,8.0,677.74,-1.0,3235.6,2186.32
9328,2023-10-04,Техника,Новосибирск,Потребитель,2.0,511.54,1023.08,642.87,380.21
9329,2024-07-24,Дом и сад,Санкт-Петербург,Корпоратив,70.0,622.83,43598.1,25508.79,18089.31
9330,2023-01-01,Техника,Екатеринбург,Потребитель,6.0,531.66,3189.96,2456.31,733.65
9331,2023-07-16,Мебель,Самара,Потребитель,36.0,861.3,31006.8,19055.61,11951.19
9332,2024-03-29,Офис,Екатеринбург,Потребитель,7.0,315.77,2210.39,1607.58,602.81
9333,2023-09-05,Техника,Самара,Потребитель,4.0,210.5,842.0,482.48,359.52
9334,2023-02-03,Дом и сад,Санкт-Петербург,Корпоратив,2.0,502.28,1004.56,707.58,296.98
9335,2024-11-24,Техника,Москва,Потребитель,19.0,923.15,17539.85,13248.2,4291.65
9336,2024-03-05,Дом и сад,Екатеринбург,Корпоратив,5.0,349.83,1749.15,1256.37,492.78
9337,2023-06-14,Дом и сад,Санкт-Петербург,Корпоратив,19.0,669.27,12716.13,9911.43,2804.7
9338,2024-03-13,Техника,Екатеринбург,Потребитель,4.0,410.01,1640.04,1057.61,582.43
9339,2023-04-02,Канцелярия,Екатеринбург,Потребитель,5.0,145.7,728.5,422.74,305.76
9340,2023-07-08,Дом и сад,Екатеринбург,Корпоратив,20.0,473.31,9466.2,7545.54,1920.66
9341,2024-05-07,Дом и сад,Екатеринбург,Потребитель,3.0,690.02,2070.06,1436.84,633.22
9342,2024-04-04,Офис,Екатеринбург,Корпоратив,16.0,1053.08,16849.28,12482.98,4366.3
9343,2024-11-16,Мебель,Екатеринбург,Корпоратив,26.0,180.97,4705.22,2901.42,1803.8
9344,2023-09-12,Техника,Санкт-Петербург,Потребитель,7.0,1125.08,7875.56,4996.2,2879.36
9345,2024-06-27,Офис,Москва,Потребитель,17.0,184.62,3138.54,1802.62,1335.92
9346,2023-03-10,Дом и сад,Самара,Корпоратив,8.0,1465.7,11725.6,8925.2,2800.4
9347,2024-12-25,Канцелярия,Екатеринбург,Потребитель,6.0,1027.18,6163.08,3417.2,2745.88
9348,2024-08-24,Канцелярия,Санкт-Петербург,Потребитель,8.0,186.34,1490.72,1044.31,446.41
9349,2023-12-05,Канцелярия,Москва,Потребитель,24.0,351.49,8435.76,6623.39,1812.37
9350,2024-12-05,Техника,Москва,Потребитель,,243.49,6574.23,3876.94,2697.29
9351,2024-07-14,Дом и сад,Москва,Потребитель,11.0,1197.9,13176.9,9350.57,3826.33
9352,2024-08-03,Дом и сад,Екатеринбург,Потребитель,5.0,437.91,2189.55,1643.53,546.02
9353,2023-01-19,Канцелярия,Екатеринбург,Потребитель,13.0,274.48,3568.24,2003.51,1564.73
9354,2024-01-18,Офис,Новосибирск,Потребитель,5.0,942.78,4713.9,3194.3,1519.6
9355,2024-07-05,Техника,Новосибирск,Потребитель,1.0,275.36,275.36,189.35,86.01
9356,2023-09-26,Канцелярия,Новосибирск,Корпоратив,2.0,350.57,701.14,408.37,292.77
9357,2024-05-04,Канцелярия,Санкт-Петербург,Корпоратив,10.0,159.27,1592.7,1063.59,529.11
9358,2024-03-16,Дом и сад,Самара,Потребитель,14.0,182.37,2553.18,1472.8,1080.38
9359,2023-06-29,Офис,Самара,Корпоратив,8.0,190.74,1525.92,843.46,682.46
9360,2024-04-10,Канцелярия,Москва,Корпоратив,2.0,452.87,905.74,646.1,259.64
9361,2024-07-04,Мебель,Самара,Потребитель,15.0,750.37,11255.55,7722.19,3533.36
9362,2024-12-23,Техника,Новосибирск,Потребитель,7.0,774.94,5424.58,3485.04,1939.54
9363,2023-12-21,Канцелярия,Екатеринбург,Корпоратив,4.0,696.9,2787.6,1975.7,811.9
9364,2024-09-21,Канцелярия,Екатеринбург,Мелкий опт,3.0,341.41,1024.23,727.28,296.95
9365,2024-10-21,Дом и сад,Санкт-Петербург,Корпоратив,11.0,327.54,3602.94,2277.61,1325.33
9366,2023-10-29,Офис,Новосибирск,Потребитель,7.0,767.68,5373.76,3603.27,1770.49
9367,2024-01-04,Техника,Санкт-Петербург,Потребитель,7.0,160.15,1121.05,695.17,425.88
9368,2024-09-15,Дом и сад,Санкт-Петербург,Мелкий опт,13.0,480.49,6246.37,3849.32,2397.05
9369,2023-05-20,Дом и сад,Москва,Корпоратив,77.0,105.21,8101.17,6113.98,1987.19
9370,2023-02-06,Техника,Москва,Потребитель,3.0,103.58,310.74,244.75,65.99
9371,2024-06-21,Офис,Москва,Потребитель,19.0,1029.81,19566.39,13817.23,5749.16
9372,2023-05-09,Дом и сад,Самара,Потребитель,8.0,203.16,1625.28,1093.39,531.89
9373,2023-03-02,Техника,Екатеринбург,Корпоратив,9.0,551.24,4961.16,2781.7,2179.46
9374,2024-05-31,Канцелярия,Екатеринбург,Мелкий опт,13.0,1565.1,20346.3,15374.06,4972.24
9375,2023-04-28,Канцелярия,Самара,Корпоратив,45.0,187.95,8457.75,6565.51,1892.24
9376,2023-02-24,Мебель,Санкт-Петербург,Потребитель,10.0,768.08,7680.8,4373.95,3306.85
9377,2024-08-04,Дом и сад,Москва,Потребитель,8.0,426.97,3415.76,2562.22,853.54
9378,2024-10-12,Офис,Москва,Мелкий опт,2.0,512.68,1025.36,695.4,329.96
9379,2023-01-29,Офис,Москва,Потребитель,11.0,464.68,5111.48,3305.38,1806.1
9380,2024-05-25,Дом и сад,Санкт-Петербург,Корпоратив,6.0,913.49,5480.94,3834.99,1645.95
9381,2024-11-08,Дом и сад,Самара,Корпоратив,2.0,199.25,398.5,247.8,150.7
9382,2023-06-26,Мебель,Екатеринбург,Потребитель,15.0,3118.33,46774.95,30617.89,16157.06
9383,2024-01-26,Дом и сад,Москва,Потребитель,8.0,1219.77,9758.16,7555.76,2202.4
9384,2023-01-28,Офис,Екатеринбург,Потребитель,2.0,481.11,962.22,641.82,320.4
9385,2023-04-15,Офис,Новосибирск,Потребитель,12.0,1083.39,13000.68,10227.3,2773.38
9386,2024-01-10,Дом и сад,Самара,Потребитель,13.0,142.63,1854.19,1350.71,503.48
9387,2023-09-09,Офис,Москва,Потребитель,6.0,141.99,851.94,567.03,284.91
9388,2023-11-28,Офис,Москва,Корпоратив,16.0,92.71,1483.36,877.85,605.51
9389,2023-09-22,Дом и сад,Новосибирск,Корпоратив,9.0,501.02,4509.18,2686.22,1822.96
9390,2023-03-07,Офис,Санкт-Петербург,Мелкий опт,3.0,271.09,813.27,565.92,247.35
9391,2024-10-05,Офис,Новосибирск,Потребитель,10.0,921.22,9212.2,6281.63,2930.57
9392,2024-06-13,Дом и сад,Новосибирск,Потребитель,4.0,399.76,1599.04,1149.53,449.51
9393,2023-03-29,Мебель,Екатеринбург,Корпоратив,3.0,143.14,429.42,337.54,91.88
9394,2023-12-19,Офис,Санкт-Петербург,Потребитель,23.0,1528.5,35155.5,26669.87,8485.63
9395,2023-05-04,Канцелярия,Екатеринбург,Мелкий опт,18.0,231.24,4162.32,2760.11,1402.21
9396,2024-08-01,Техника,Москва,Потребитель,36.0,717.88,25843.68,15755.63,10088.05
9397,2024-05-17,Дом и сад,Новосибирск,Корпоратив,7.0,975.77,6830.39,4303.85,2526.54
9398,2023-09-27,Канцелярия,Санкт-Петербург,Потребитель,3.0,605.74,1817.22,1131.56,685.66
9399,2024-11-08,Техника,Новосибирск,Корпоратив,4.0,866.96,3467.84,2735.28,732.56
9400,2023-09-10,Офис,Москва,Корпоратив,4.0,306.33,1225.32,979.86,245.46
9401,2024-09-02,Офис,Екатеринбург,Мелкий опт,13.0,629.48,8183.24,6034.97,2148.27
9402,2024-05-01,Дом и сад,Самара,Потребитель,16.0,1619.11,25905.76,15869.81,10035.95
9403,2023-03-03,Офис,Екатеринбург,Корпоратив,9.0,900.75,8106.75,5555.85,2550.9
9404,2023-03-18,Офис,Екатеринбург,Потребитель,3.0,839.48,2518.44,1943.57,574.87
9405,2023-07-21,Дом и сад,Самара,Корпоратив,13.0,385.86,5016.18,2876.82,2139.36
9406,2024-04-11,Дом и сад,Самара,Корпоратив,11.0,316.54,3481.94,2435.52,1046.42
9407,2024-04-08,Дом и сад,Санкт-Петербург,Корпоратив,17.0,302.1,5135.7,4034.7,1101.0
9408,2024-11-13,Канцелярия,Новосибирск,Потребитель,1.0,594.65,594.65,441.83,152.82
9409,2024-05-05,Офис,Екатеринбург,Мелкий опт,37.0,419.02,15503.74,9727.74,5776.0
9410,2023-03-12,Канцелярия,Москва,Потребитель,19.0,1039.51,19750.69,13804.07,5946.62
9411,2023-05-10,Офис,Новосибирск,Корпоратив,17.0,499.83,8497.11,6285.91,2211.2
9412,2024-12-15,Офис,Санкт-Петербург,Потребитель,22.0,102.12,2246.64,1752.91,493.73
9413,2023-11-02,Канцелярия,Москва,Потребитель,24.0,1015.67,24376.08,15121.41,9254.67
9414,2023-05-21,Мебель,Екатеринбург,Корпоратив,3.0,342.54,1027.62,579.65,447.97
9415,2024-04-24,Канцелярия,Екатеринбург,Потребитель,25.0,270.43,6760.75,4068.44,2692.31
9416,2023-10-01,Офис,Самара,Потребитель,15.0,1338.85,20082.75,15943.31,4139.44
9417,2023-06-10,Дом и сад,Екатеринбург,Корпоратив,7.0,944.92,6614.44,3688.24,2926.2
9418,2024-11-23,Дом и сад,Москва,Потребитель,1.0,491.45,491.45,362.88,128.57
9419,2024-12-23,Мебель,Санкт-Петербург,Корпоратив,8.0,309.88,2479.04,1444.07,1034.97
9420,2024-06-12,Дом и сад,Москва,Потребитель,11.0,1147.88,12626.68,9538.15,3088.53
9421,2023-06-15,Канцелярия,Самара,Потребитель,7.0,1480.56,10363.92,8014.42,2349.5
9422,2023-05-31,Офис,Москва,Потребитель,12.0,913.09,10957.08,6721.13,4235.95
9423,2023-02-14,Офис,Новосибирск,Потребитель,37.0,822.45,30430.65,23517.65,6913.0
9424,2024-03-28,Техника,Новосибирск,Потребитель,6.0,540.88,3245.28,2313.11,932.17
9425,2024-12-30,Техника,Екатеринбург,Потребитель,25.0,274.23,6855.75,5186.41,1669.34
9426,2023-06-16,Дом и сад,Самара,Потребитель,3.0,69.52,208.56,157.66,50.9
9427,2023-04-10,Дом и сад,Москва,Потребитель,3.0,1968.59,5905.77,4061.6,1844.17
9428,2023-10-23,Офис,Екатеринбург,Потребитель,2.0,281.54,563.08,376.57,186.51
9429,2023-11-10,Техника,Самара,Потребитель,7.0,256.72,1797.04,1340.78,456.26
9430,2024-04-09,Дом и сад,Санкт-Петербург,Мелкий опт,22.0,54.92,1208.24,805.74,402.5
9431,2023-10-13,Канцелярия,Самара,Потребитель,10.0,480.57,4805.7,3742.49,1063.21
9432,2024-06-18,Канцелярия,Самара,Потребитель,1.0,602.09,602.09,343.5,258.59
9433,2024-09-26,Техника,Москва,Корпоратив,26.0,184.98,4809.48,3676.12,1133.36
9434,2024-07-21,Дом и сад,Самара,Потребитель,17.0,171.97,2923.49,2129.91,793.58
9435,2023-02-08,Мебель,Москва,Мелкий опт,13.0,445.59,5792.67,3867.44,1925.23
9436,2023-04-15,Дом и сад,Новосибирск,Потребитель,13.0,734.09,9543.17,6872.67,2670.5
9437,2023-08-04,Мебель,Москва,Потребитель,9.0,83.16,748.44,491.28,257.16
9438,2023-06-23,Канцелярия,Екатеринбург,Потребитель,9.0,401.77,3615.93,2437.97,1177.96
9439,2023-02-24,Канцелярия,Новосибирск,Корпоратив,21.0,711.46,14940.66,10413.64,4527.02
9440,2024-04-23,Офис,Новосибирск,Корпоратив,11.0,203.46,2238.06,1639.37,598.69
9441,2023-05-06,Дом и сад,Новосибирск,Потребитель,9.0,590.96,5318.64,3088.62,2230.02
9442,2023-01-17,Офис,Екатеринбург,Потребитель,4.0,877.81,3511.24,2625.91,885.33
9443,2023-07-03,Техника,Екатеринбург,Потребитель,2.0,65.69,131.38,74.95,56.43
9444,2024-03-22,Техника,Новосибирск,Потребитель,106.0,114.79,12167.74,9245.69,2922.05
9445,2024-05-13,Канцелярия,Екатеринбург,Мелкий опт,6.0,280.81,1684.86,1105.38,579.48
9446,2023-07-21,Офис,Санкт-Петербург,Потребитель,10.0,765.26,7652.6,5448.87,2203.73
9447,2024-02-15,Дом и сад,Москва,Корпоратив,3.0,170.98,512.94,323.73,189.21
9448,2024-08-28,Дом и сад,Новосибирск,Потребитель,45.0,1058.81,47646.45,27137.88,20508.57
9449,2024-04-01,Канцелярия,Москва,Потребитель,15.0,71.8,1077.0,764.02,312.98
9450,2023-02-26,Техника,Новосибирск,Потребитель,9.0,254.51,2290.59,1767.48,523.11
9451,2023-12-10,Офис,Новосибирск,Корпоратив,6.0,127.61,765.66,549.61,216.05
9452,2023-05-23,Канцелярия,Самара,Потребитель,5.0,225.78,1128.9,656.54,472.36
9453,2023-10-31,Офис,Санкт-Петербург,Корпоратив,2.0,1344.09,2688.18,1607.08,1081.1
9454,2024-10-14,Дом и сад,Самара,Корпоратив,7.0,868.42,6078.94,3974.8,2104.14
9455,2024-06-23,Канцелярия,Самара,Потребитель,1.0,982.2,982.2,555.94,426.26
9456,2024-02-12,Техника,Москва,Потребитель,25.0,125.67,3141.75,1764.73,1377.02
9457,2023-11-26,Офис,Новосибирск,Мелкий опт,8.0,1166.59,9332.72,5838.2,3494.52
9458,2024-09-19,Канцелярия,Самара,Корпоратив,88.0,563.39,49578.32,32622.0,16956.32
9459,2024-04-04,Офис,Екатеринбург,Мелкий опт,17.0,761.61,12947.37,9150.94,3796.43
9460,2024-01-17,Дом и сад,Санкт-Петербург,Потребитель,8.0,283.54,2268.32,1631.38,636.94
9461,2023-03-22,Дом и сад,Самара,Потребитель,6.0,996.22,5977.32,4669.77,1307.55
9462,2024-06-13,Дом и сад,Самара,Потребитель,,287.44,5748.8,3616.71,2132.09
9463,2023-05-08,Канцелярия,Санкт-Петербург,Потребитель,6.0,656.93,3941.58,2635.88,1305.7
9464,2023-06-02,Канцелярия,Самара,Потребитель,9.0,420.69,3786.21,3013.73,772.48
9465,2023-09-01,Офис,Новосибирск,Мелкий опт,12.0,390.29,4683.48,3043.46,1640.02
9466,2024-03-22,Техника,Екатеринбург,Корпоратив,3.0,134.81,404.43,310.47,93.96
9467,2023-04-16,Техника,Екатеринбург,Потребитель,3.0,134.31,402.93,312.13,90.8
9468,2023-06-30,Техника,Новосибирск,Потребитель,12.0,676.85,8122.2,5896.73,2225.47
9469,2024-04-17,Офис,Самара,Потребитель,11.0,582.26,6404.86,4156.82,2248.04
9470,2023-05-09,Мебель,Санкт-Петербург,Мелкий опт,18.0,287.24,5170.32,3125.26,2045.06
9471,2023-03-16,Офис,Санкт-Петербург,Мелкий опт,2.0,72.55,145.1,97.07,48.03
9472,2023-11-22,Техника,Санкт-Петербург,Корпоратив,11.0,188.35,2071.85,1428.23,643.62
9473,2023-04-14,Канцелярия,Самара,Потребитель,64.0,1564.62,100135.68,73018.52,27117.16
9474,2023-11-12,Дом и сад,Екатеринбург,Потребитель,3.0,525.13,1575.39,867.02,708.37
9475,2024-06-22,Мебель,Санкт-Петербург,Потребитель,2.0,537.08,1074.16,646.22,427.94
9476,2023-03-13,Дом и сад,Москва,Потребитель,13.0,185.43,2410.59,1496.34,914.25
9477,2024-09-10,Дом и сад,Санкт-Петербург,Корпоратив,15.0,739.62,11094.3,8696.38,2397.92
9478,2023-03-20,Дом и сад,Самара,Потребитель,1.0,264.78,264.78,181.75,83.03
9479,2024-05-09,Техника,Москва,Потребитель,12.0,2318.37,27820.44,19451.34,8369.1
9480,2024-04-13,Мебель,Самара,Потребитель,8.0,993.79,7950.32,4869.85,3080.47
9481,2024-03-13,Офис,Новосибирск,Мелкий опт,24.0,593.05,14233.2,8089.01,6144.19
9482,2024-03-29,Офис,Санкт-Петербург,Корпоратив,6.0,78.16,468.96,273.24,195.72
9483,2023-05-06,Дом и сад,Москва,Потребитель,8.0,328.33,2626.64,1700.96,925.68
9484,2024-02-16,Дом и сад,Москва,Мелкий опт,6.0,75.66,453.96,286.72,167.24
9485,2024-02-21,Дом и сад,Новосибирск,Потребитель,19.0,421.03,7999.57,5596.79,2402.78
9486,2023-06-01,Офис,Санкт-Петербург,Потребитель,16.0,202.39,3238.24,2441.81,796.43
9487,2023-06-16,Мебель,Санкт-Петербург,Потребитель,15.0,517.39,7760.85,5085.45,2675.4
9488,2023-12-21,Канцелярия,Москва,Мелкий опт,6.0,359.7,2158.2,1432.37,725.83
9489,2023-10-13,Офис,Москва,Корпоратив,12.0,3720.54,44646.48,26929.98,17716.5
9490,2024-10-05,Техника,Москва,Потребитель,6.0,276.75,1660.5,1131.66,528.84
9491,2023-11-20,Дом и сад,Новосибирск,Корпоратив,26.0,202.08,5254.08,3063.05,2191.03
9492,2024-03-15,Дом и сад,Самара,Потребитель,6.0,1004.68,6028.08,3347.91,2680.17
9493,2024-03-28,Канцелярия,Самара,Потребитель,6.0,361.53,2169.18,1206.79,962.39
9494,2023-05-17,Дом и сад,Москва,Корпоратив,0.0,223.52,0.0,0.0,0.0
9495,2023-09-17,Канцелярия,Екатеринбург,Мелкий опт,23.0,312.16,7179.68,5218.46,1961.22
9496,2023-09-29,Техника,Новосибирск,Корпоратив,5.0,193.23,966.15,738.5,227.65
9497,2023-09-18,Канцелярия,Екатеринбург,Корпоратив,9.0,1620.5,14584.5,9483.27,5101.23
9498,2024-03-26,Офис,Санкт-Петербург,Мелкий опт,14.0,484.49,6782.86,4675.21,2107.65
9499,2023-05-13,Техника,Новосибирск,Потребитель,11.0,290.39,3194.29,2442.09,752.2
9500,2023-09-09,Офис,Новосибирск,Потребитель,3.0,192.26,576.78,317.58,259.2
9501,2024-12-10,Дом и сад,Самара,Мелкий опт,3.0,1464.96,-1.0,3476.23,918.65
9502,2024-10-27,Канцелярия,Санкт-Петербург,Корпоратив,32.0,867.66,27765.12,19404.98,8360.14
9503,2023-02-22,Техника,Новосибирск,Потребитель,16.0,343.33,5493.28,4058.7,1434.58
9504,2024-09-26,Техника,Москва,Потребитель,17.0,129.71,2205.07,1289.28,915.79
9505,2024-02-01,Дом и сад,Москва,Потребитель,5.0,281.76,1408.8,900.25,508.55
9506,2023-01-25,Мебель,Екатеринбург,Потребитель,10.0,325.95,3259.5,1829.2,1430.3
9507,2024-02-20,Канцелярия,Москва,Потребитель,7.0,572.6,4008.2,2709.28,1298.92
9508,2024-01-01,Дом и сад,Новосибирск,Мелкий опт,,371.94,3347.46,2432.74,914.72
9509,2023-01-08,Дом и сад,Санкт-Петербург,Потребитель,6.0,286.73,1720.38,1217.04,503.34
9510,2023-10-06,Техника,Самара,Корпоратив,1.0,438.4,438.4,259.06,179.34
9511,2023-01-24,Канцелярия,Новосибирск,Потребитель,10.0,130.58,1305.8,931.63,374.17
9512,2024-06-11,Мебель,Новосибирск,Корпоратив,4.0,725.56,2902.24,1914.25,987.99
9513,2023-08-06,Офис,Самара,Потребитель,6.0,78.41,470.46,329.44,141.02
9514,2024-07-16,Канцелярия,Новосибирск,Потребитель,33.0,1236.36,40799.88,29896.34,10903.54
9515,2023-08-13,Мебель,Самара,Корпоратив,16.0,1079.92,17278.72,11284.78,5993.94
9516,2024-06-21,Мебель,Санкт-Петербург,Потребитель,9.0,406.72,3660.48,2892.35,768.13
9517,2023-08-28,Канцелярия,Москва,Потребитель,2.0,427.43,854.86,530.2,324.66
9518,2023-08-10,Дом и сад,Санкт-Петербург,Потребитель,29.0,611.92,17745.68,12519.38,5226.3
9519,2024-05-16,Мебель,Новосибирск,Потребитель,10.0,143.63,1436.3,961.87,474.43
9520,2024-06-12,Мебель,Москва,Корпоратив,1.0,66.73,66.73,41.59,25.14
9521,2023-08-01,Офис,Новосибирск,Потребитель,,385.0,2310.0,1501.05,808.95
9522,2023-10-17,Офис,Москва,Корпоратив,10.0,1315.81,13158.1,7901.81,5256.29
9523,2024-07-30,Дом и сад,Самара,Потребитель,2.0,109.99,219.98,142.52,77.46
9524,2023-03-14,Канцелярия,Екатеринбург,Потребитель,3.0,1406.8,4220.4,2733.97,1486.43
9525,2023-08-14,Канцелярия,Санкт-Петербург,Корпоратив,12.0,464.8,5577.6,3678.3,1899.3
9526,2023-07-21,Офис,Москва,Корпоратив,6.0,687.3,4123.8,3100.6,1023.2
9527,2024-05-12,Мебель,Санкт-Петербург,Потребитель,3.0,249.79,749.37,482.72,266.65
9528,2023-02-18,Мебель,Москва,Потребитель,2.0,336.83,673.66,371.2,302.46
9529,2023-01-17,Офис,Москва,Корпоратив,1.0,1659.92,1659.92,1189.28,470.64
9530,2023-08-06,Дом и сад,Екатеринбург,Корпоратив,27.0,277.88,7502.76,5783.19,1719.57
9531,2023-07-10,Мебель,Екатеринбург,Мелкий опт,52.0,384.78,20008.56,11504.84,8503.72
9532,2024-02-16,Канцелярия,Екатеринбург,Потребитель,5.0,282.09,1410.45,970.64,439.81
9533,2024-12-02,Офис,Санкт-Петербург,Потребитель,1.0,1410.81,1410.81,790.21,620.6
9534,2024-02-24,Дом и сад,Москва,Потребитель,12.0,1164.0,13968.0,8569.89,5398.11
9535,2023-08-08,Мебель,Санкт-Петербург,Потребитель,8.0,1151.88,9215.04,5163.0,4052.04
9536,2024-07-10,Дом и сад,Самара,Мелкий опт,4.0,595.57,2382.28,1430.77,951.51
9537,2023-10-29,Офис,Санкт-Петербург,Корпоратив,2.0,442.13,884.26,687.51,196.75
9538,2023-01-18,Техника,Новосибирск,Потребитель,2.0,749.54,1499.08,1062.08,437.0
9539,2023-12-11,Техника,Санкт-Петербург,Потребитель,17.0,346.97,5898.49,3466.66,2431.83
9540,2024-10-29,Офис,Москва,Потребитель,14.0,895.02,12530.28,7052.35,5477.93
9541,2024-11-04,Дом и сад,Екатеринбург,Потребитель,3.0,708.61,2125.83,1347.93,777.9
9542,2024-12-17,Дом и сад,Самара,Корпоратив,16.0,238.66,3818.56,2985.53,833.03
9543,2023-07-02,Дом и сад,Москва,Потребитель,5.0,964.73,4823.65,3616.69,1206.96
9544,2023-10-18,Техника,Москва,Мелкий опт,33.0,328.42,10837.86,7909.57,2928.29
9545,2024-11-06,Офис,Екатеринбург,Мелкий опт,3.0,232.81,698.43,391.72,306.71
9546,2023-10-08,Офис,Новосибирск,Корпоратив,27.0,685.99,18521.73,14393.5,4128.23
9547,2024-08-06,Дом и сад,Новосибирск,Корпоратив,5.0,679.22,3396.1,2474.31,921.79
9548,2024-10-14,Дом и сад,Самара,Мелкий опт,8.0,482.63,-1.0,3056.49,804.55
9549,2023-11-25,Офис,Новосибирск,Корпоратив,7.0,475.62,3329.34,1858.21,1471.13
9550,2023-12-25,Канцелярия,Новосибирск,Корпоратив,2.0,531.52,1063.04,729.63,333.41
9551,2024-01-20,Дом и сад,Новосибирск,Потребитель,4.0,794.26,3177.04,2512.69,664.35
9552,2024-07-31,Офис,Екатеринбург,Мелкий опт,4.0,89.54,358.16,238.27,119.89
9553,2023-03-18,Офис,Новосибирск,Потребитель,34.0,231.33,7865.22,4362.32,3502.9
9554,2023-12-23,Дом и сад,Москва,Потребитель,3.0,186.29,558.87,349.41,209.46
9555,2023-11-07,Дом и сад,Санкт-Петербург,Потребитель,8.0,375.82,3006.56,2263.64,742.92
9556,2023-07-19,Дом и сад,Екатеринбург,Потребитель,4.0,842.66,3370.64,2347.02,1023.62
9557,2023-05-02,Техника,Екатеринбург,Потребитель,2.0,595.13,1190.26,729.58,460.68
9558,2023-03-26,Дом и сад,Самара,Потребитель,4.0,117.86,471.44,332.12,139.32
9559,2024-03-22,Дом и сад,Москва,Потребитель,8.0,194.4,1555.2,1244.11,311.09
9560,2024-09-13,Офис,Новосибирск,Корпоратив,7.0,612.09,4284.63,3184.17,1100.46
9561,2024-09-18,Дом и сад,Санкт-Петербург,Корпоратив,6.0,499.7,2998.2,2074.77,923.43
9562,2023-07-21,Мебель,Новосибирск,Корпоратив,12.0,191.29,2295.48,1538.09,757.39
9563,2023-09-11,Дом и сад,Екатеринбург,Потребитель,2.0,1086.4,2172.8,1426.3,746.5
9564,2024-06-16,Техника,Москва,Потребитель,5.0,421.9,2109.5,1336.02,773.48
9565,2023-01-29,Мебель,Самара,Потребитель,1.0,160.34,160.34,124.3,36.04
9566,2023-07-09,Дом и сад,Москва,Мелкий опт,15.0,697.39,10460.85,6380.74,4080.11
9567,2024-07-15,Дом и сад,Екатеринбург,Потребитель,21.0,73.89,1551.69,1151.51,400.18
9568,2024-11-16,Мебель,Самара,Потребитель,15.0,576.79,8651.85,6372.72,2279.13
9569,2023-01-11,Дом и сад,Москва,Потребитель,15.0,1215.86,18237.9,14501.53,3736.37
9570,2023-06-13,Канцелярия,Москва,Потребитель,4.0,113.17,452.68,350.38,102.3
9571,2023-05-08,Дом и сад,Самара,Потребитель,58.0,958.19,55575.02,40682.31,14892.71
9572,2023-11-16,Техника,Москва,Потребитель,4.0,276.81,1107.24,801.0,306.24
9573,2024-11-07,Дом и сад,Москва,Корпоратив,7.0,303.76,2126.32,1700.35,425.97
9574,2024-02-23,Офис,Москва,Потребитель,13.0,122.6,1593.8,1165.9,427.9
9575,2023-09-02,Канцелярия,Самара,Потребитель,6.0,472.24,2833.44,1617.96,1215.48
9576,2023-10-26,Офис,Санкт-Петербург,Мелкий опт,5.0,503.31,2516.55,1469.58,1046.97
9577,2024-07-14,Дом и сад,Москва,Потребитель,5.0,364.77,1823.85,1220.05,603.8
9578,2023-12-18,Канцелярия,Екатеринбург,Потребитель,14.0,107.3,1502.2,936.67,565.53
9579,2024-09-02,Дом и сад,Самара,Корпоратив,1.0,2561.28,2561.28,1419.01,1142.27
9580,2023-06-29,Офис,Москва,Потребитель,16.0,446.44,7143.04,4700.94,2442.1
9581,2023-01-30,Дом и сад,Новосибирск,Корпоратив,3.0,538.8,1616.4,1106.24,510.16
9582,2023-02-14,Дом и сад,Екатеринбург,Корпоратив,33.0,226.89,7487.37,5746.91,1740.46
9583,2024-10-18,Канцелярия,Новосибирск,Мелкий опт,3.0,219.64,658.92,449.56,209.36
9584,2024-10-25,Дом и сад,Самара,Потребитель,8.0,127.43,1019.44,766.36,253.08
9585,2024-02-15,Мебель,Самара,Потребитель,5.0,151.51,757.55,541.82,215.73
9586,2023-02-19,Канцелярия,Санкт-Петербург,Корпоратив,,1135.24,9081.92,6004.3,3077.62
9587,2024-03-02,Техника,Самара,Потребитель,13.0,153.9,2000.7,1591.94,408.76
9588,2023-06-23,Дом и сад,Самара,Потребитель,3.0,1375.31,4125.93,2557.19,1568.74
9589,2024-02-07,Офис,Екатеринбург,Потребитель,4.0,334.02,1336.08,953.88,382.2
9590,2023-04-29,Мебель,Москва,Мелкий опт,26.0,595.66,15487.16,10636.42,4850.74
9591,2024-07-19,Техника,Екатеринбург,Потребитель,5.0,1512.92,7564.6,5679.47,1885.13
9592,2024-11-04,Офис,Самара,Мелкий опт,11.0,226.96,2496.56,1525.1,971.46
9593,2024-03-05,Офис,Москва,Мелкий опт,9.0,208.33,1874.97,1253.99,620.98
9594,2024-08-01,Канцелярия,Санкт-Петербург,Потребитель,23.0,416.14,9571.22,6734.19,2837.03
9595,2024-06-30,Канцелярия,Екатеринбург,Потребитель,8.0,242.31,1938.48,1078.38,860.1
9596,2024-01-16,Офис,Новосибирск,Потребитель,2.0,562.69,1125.38,762.88,362.5
9597,2023-09-03,Дом и сад,Москва,Потребитель,19.0,633.39,12034.41,6651.58,5382.83
9598,2024-06-27,Дом и сад,Екатеринбург,Корпоратив,40.0,746.15,29846.0,21305.67,8540.33
9599,2023-02-12,Дом и сад,Москва,Мелкий опт,44.0,2008.48,88373.12,52298.65,36074.47
9600,2024-08-08,Мебель,Новосибирск,Потребитель,8.0,335.43,2683.44,2107.97,575.47
9601,2023-01-26,Канцелярия,Екатеринбург,Потребитель,3.0,254.88,764.64,481.67,282.97
9602,2023-08-25,Техника,Екатеринбург,Потребитель,1.0,600.46,600.46,477.56,122.9
9603,2023-02-11,Техника,Самара,Корпоратив,22.0,280.35,6167.7,4417.26,1750.44
9604,2024-07-26,Канцелярия,Самара,Мелкий опт,7.0,447.38,3131.66,2149.43,982.23
9605,2024-12-07,Канцелярия,Новосибирск,Потребитель,11.0,1444.53,15889.83,10109.96,5779.87
9606,2023-08-17,Канцелярия,Новосибирск,Потребитель,43.0,1582.54,68049.22,45307.87,22741.35
9607,2023-12-31,Офис,Новосибирск,Потребитель,91.0,97.89,8907.99,7058.61,1849.38
9608,2024-04-09,Канцелярия,Санкт-Петербург,Корпоратив,7.0,743.19,5202.33,3999.11,1203.22
9609,2023-09-10,Техника,Санкт-Петербург,Мелкий опт,2.0,119.37,238.74,183.42,55.32
9610,2023-08-28,Офис,Новосибирск,Корпоратив,14.0,336.55,4711.7,3374.29,1337.41
9611,2023-04-14,Дом и сад,Самара,Потребитель,14.0,168.02,2352.28,1561.01,791.27
9612,2023-06-24,Офис,Санкт-Петербург,Потребитель,11.0,611.29,6724.19,4320.9,2403.29
9613,2024-06-27,Офис,Санкт-Петербург,Потребитель,11.0,581.16,6392.76,3594.14,2798.62
9614,2023-12-04,Офис,Москва,Корпоратив,90.0,149.01,13410.9,8252.96,5157.94
9615,2023-08-14,Дом и сад,Екатеринбург,Мелкий опт,10.0,235.95,2359.5,1552.48,807.02
9616,2023-08-25,Дом и сад,Новосибирск,Потребитель,6.0,243.06,1458.36,954.34,504.02
9617,2023-08-18,Дом и сад,Москва,Потребитель,2.0,520.83,1041.66,739.15,302.51
9618,2023-07-12,Канцелярия,Новосибирск,Потребитель,32.0,214.99,6879.68,5287.92,1591.76
9619,2023-01-16,Техника,Екатеринбург,Потребитель,5.0,513.16,2565.8,1968.94,596.86
9620,2024-05-29,Дом и сад,Самара,Корпоратив,4.0,310.24,1240.96,823.46,417.5
9621,2023-08-27,Канцелярия,Екатеринбург,Мелкий опт,19.0,1340.66,25472.54,14479.74,10992.8
9622,2024-05-31,Техника,Новосибирск,Мелкий опт,13.0,514.85,6693.05,4721.62,1971.43
9623,2023-01-03,Офис,Москва,Потребитель,10.0,1297.26,12972.6,10264.13,2708.47
9624,2024-09-14,Офис,Новосибирск,Потребитель,14.0,159.01,2226.14,1509.81,716.33
9625,2023-09-18,Дом и сад,Москва,Потребитель,5.0,957.49,4787.45,3613.91,1173.54
9626,2023-09-20,Дом и сад,Санкт-Петербург,Потребитель,7.0,593.08,4151.56,3122.41,1029.15
9627,2023-05-08,Дом и сад,Санкт-Петербург,Корпоратив,7.0,369.02,2583.14,1507.82,1075.32
9628,2024-01-27,Офис,Екатеринбург,Корпоратив,3.0,1992.58,5977.74,4537.78,1439.96
9629,2024-01-09,Дом и сад,Новосибирск,Потребитель,5.0,832.76,4163.8,3072.34,1091.46
9630,2024-12-20,Дом и сад,Москва,Мелкий опт,2.0,284.43,568.86,368.05,200.81
9631,2023-05-10,Офис,Москва,Мелкий опт,0.0,167.17,0.0,0.0,0.0
9632,2023-02-04,Канцелярия,Самара,Потребитель,31.0,1059.85,32855.35,18419.53,14435.82
9633,2023-12-13,Дом и сад,Самара,Потребитель,12.0,386.44,4637.28,2608.43,2028.85
9634,2023-10-30,Офис,Екатеринбург,Потребитель,5.0,533.31,2666.55,1580.67,1085.88
9635,2024-09-12,Канцелярия,Москва,Потребитель,5.0,1318.96,6594.8,3629.39,2965.41
9636,2023-06-20,Канцелярия,Москва,Потребитель,4.0,328.99,1315.96,935.81,380.15
9637,2023-05-25,Канцелярия,Москва,Корпоратив,11.0,486.08,5346.88,3316.43,2030.45
9638,2024-06-18,Канцелярия,Самара,Потребитель,32.0,111.99,3583.68,2630.83,952.85
9639,2023-11-30,Офис,Екатеринбург,Потребитель,13.0,160.79,2090.27,1417.34,672.93
9640,2023-03-22,Дом и сад,Екатеринбург,Корпоратив,149.0,314.93,46924.57,29420.01,17504.56
9641,2024-12-19,Дом и сад,Москва,Потребитель,9.0,500.44,4503.96,3504.67,999.29
9642,2023-05-01,Дом и сад,Новосибирск,Потребитель,2.0,424.84,849.68,640.99,208.69
9643,2024-03-21,Дом и сад,Санкт-Петербург,Потребитель,5.0,221.75,1108.75,846.01,262.74
9644,2023-09-04,Дом и сад,Новосибирск,Потребитель,3.0,266.37,799.11,457.47,341.64
9645,2023-03-04,Офис,Самара,Корпоратив,38.0,1544.47,58689.86,36554.42,22135.44
9646,2023-05-29,Офис,Москва,Потребитель,1.0,427.13,427.13,333.66,93.47
9647,2023-05-09,Мебель,Новосибирск,Потребитель,18.0,105.62,1901.16,1446.95,454.21
9648,2024-01-02,Техника,Новосибирск,Мелкий опт,22.0,573.32,12613.04,7256.49,5356.55
9649,2023-09-28,Канцелярия,Новосибирск,Потребитель,14.0,614.92,8608.88,5142.62,3466.26
9650,2024-11-22,Дом и сад,Екатеринбург,Мелкий опт,26.0,497.57,12936.82,7573.46,5363.36
9651,2023-09-30,Техника,Самара,Потребитель,10.0,476.31,4763.1,3721.21,1041.89
9652,2023-03-25,Дом и сад,Екатеринбург,Потребитель,5.0,449.47,2247.35,1309.15,938.2
9653,2024-11-13,Офис,Екатеринбург,Потребитель,8.0,145.99,1167.92,771.61,396.31
9654,2023-02-22,Техника,Екатеринбург,Мелкий опт,8.0,376.61,3012.88,2286.62,726.26
9655,2024-09-28,Офис,Москва,Потребитель,1.0,221.03,221.03,175.59,45.44
9656,2024-07-27,Канцелярия,Новосибирск,Потребитель,17.0,519.33,8828.61,5264.2,3564.41
9657,2024-08-12,Канцелярия,Екатеринбург,Мелкий опт,27.0,214.33,5786.91,3995.25,1791.66
9658,2024-12-06,Дом и сад,Новосибирск,Мелкий опт,59.0,174.64,10303.76,5891.26,4412.5
9659,2024-01-09,Канцелярия,Санкт-Петербург,Потребитель,11.0,211.71,2328.81,1436.62,892.19
9660,2023-03-15,Канцелярия,Екатеринбург,Потребитель,10.0,1784.26,17842.6,13751.01,4091.59
9661,2024-09-04,Дом и сад,Санкт-Петербург,Мелкий опт,3.0,580.3,1740.9,1007.24,733.66
9662,2024-11-13,Дом и сад,Екатеринбург,Потребитель,8.0,681.1,5448.8,3915.65,1533.15
9663,2023-10-03,Офис,Самара,Потребитель,10.0,321.38,3213.8,2080.02,1133.78
9664,2024-03-23,Офис,Москва,Корпоратив,8.0,778.07,6224.56,4836.97,1387.59
9665,2023-08-19,Офис,Самара,Корпоратив,2.0,365.97,731.94,442.37,289.57
9666,2024-10-27,Дом и сад,Москва,Корпоратив,5.0,396.98,1984.9,1095.2,889.7
9667,2023-09-27,Канцелярия,Екатеринбург,Мелкий опт,7.0,511.45,3580.15,2431.82,1148.33
9668,2023-10-17,Техника,Москва,Потребитель,1.0,406.87,406.87,235.59,171.28
9669,2023-11-28,Офис,Екатеринбург,Корпоратив,7.0,1083.87,7587.09,4763.97,2823.12
9670,2024-07-26,Техника,Москва,Мелкий опт,13.0,798.22,10376.86,7093.16,3283.7
9671,2024-07-13,Мебель,Екатеринбург,Потребитель,12.0,198.96,2387.52,1799.28,588.24
9672,2024-12-19,Дом и сад,Москва,Потребитель,35.0,203.32,7116.2,5169.38,1946.82
9673,2024-09-18,Канцелярия,Новосибирск,Корпоратив,17.0,91.32,1552.44,874.52,677.92
9674,2024-04-21,Дом и сад,Самара,Мелкий опт,6.0,2099.92,12599.52,9177.5,3422.02
9675,2024-12-13,Дом и сад,Екатеринбург,Потребитель,1.0,399.97,399.97,252.41,147.56
9676,2023-09-20,Мебель,Самара,Потребитель,2.0,264.96,529.92,313.22,216.7
9677,2024-05-11,Дом и сад,Самара,Корпоратив,9.0,123.99,1115.91,813.18,302.73
9678,2024-10-19,Техника,Санкт-Петербург,Корпоратив,1.0,408.51,408.51,266.1,142.41
9679,2023-10-14,Техника,Екатеринбург,Потребитель,6.0,473.98,2843.88,1951.24,892.64
9680,2023-12-17,Техника,Санкт-Петербург,Корпоратив,12.0,341.01,4092.12,2491.88,1600.24
9681,2023-12-18,Дом и сад,Новосибирск,Потребитель,25.0,141.1,3527.5,2124.06,1403.44
9682,2023-11-12,Дом и сад,Самара,Потребитель,17.0,620.72,10552.24,7127.98,3424.26
9683,2024-05-25,Техника,Новосибирск,Потребитель,1.0,187.63,187.63,111.72,75.91
9684,2024-07-10,Дом и сад,Екатеринбург,Корпоратив,1.0,2033.21,2033.21,1166.64,866.57
9685,2024-06-27,Дом и сад,Екатеринбург,Корпоратив,18.0,642.46,11564.28,7845.6,3718.68
9686,2024-04-24,Техника,Санкт-Петербург,Потребитель,8.0,1003.22,8025.76,4767.84,3257.92
9687,2023-12-22,Дом и сад,Санкт-Петербург,Потребитель,5.0,317.76,1588.8,880.74,708.06
9688,2024-02-02,Мебель,Самара,Потребитель,9.0,1590.47,14314.23,9022.17,5292.06
9689,2024-02-10,Техника,Санкт-Петербург,Корпоратив,17.0,413.32,7026.44,4748.27,2278.17
9690,2024-03-21,Канцелярия,Санкт-Петербург,Потребитель,35.0,526.99,18444.65,13328.45,5116.2
9691,2024-04-15,Дом и сад,Москва,Потребитель,11.0,384.47,4229.17,2492.75,1736.42
9692,2023-12-12,Техника,Санкт-Петербург,Мелкий опт,11.0,856.94,9426.34,5427.15,3999.19
9693,2023-02-01,Канцелярия,Самара,Мелкий опт,2.0,242.58,485.16,295.2,189.96
9694,2023-12-18,Офис,Самара,Потребитель,14.0,425.22,5953.08,3415.82,2537.26
9695,2024-04-09,Дом и сад,Екатеринбург,Корпоратив,34.0,95.44,3244.96,2071.7,1173.26
9696,2024-04-27,Офис,Новосибирск,Потребитель,4.0,1591.98,6367.92,3722.56,2645.36
9697,2024-04-30,Дом и сад,Москва,Потребитель,10.0,68.95,689.5,420.6,268.9
9698,2023-10-17,Дом и сад,Екатеринбург,Мелкий опт,16.0,145.32,2325.12,1287.01,1038.11
9699,2024-04-28,Дом и сад,Новосибирск,Мелкий опт,17.0,693.64,11791.88,9004.04,2787.84
9700,2024-07-17,Техника,Санкт-Петербург,Потребитель,34.0,971.95,33046.3,19822.68,13223.62
9701,2024-05-11,Дом и сад,Новосибирск,Потребитель,9.0,432.63,3893.67,2903.77,989.9
9702,2023-12-01,Дом и сад,Самара,Корпоратив,158.0,920.03,145364.74,101655.7,43709.04
9703,2024-05-19,Офис,Москва,Потребитель,4.0,49.57,198.28,109.95,88.33
9704,2024-02-10,Техника,Самара,Потребитель,10.0,823.82,8238.2,4815.54,3422.66
9705,2024-01-24,Техника,Санкт-Петербург,Корпоратив,7.0,680.34,4762.38,2789.75,1972.63
9706,2024-05-23,Мебель,Новосибирск,Потребитель,7.0,435.35,3047.45,2301.05,746.4
9707,2023-07-14,Мебель,Новосибирск,Потребитель,5.0,268.5,1342.5,923.22,419.28
9708,2023-06-25,Дом и сад,Санкт-Петербург,Потребитель,23.0,167.82,3859.86,2135.96,1723.9
9709,2023-12-27,Мебель,Москва,Мелкий опт,5.0,190.67,953.35,604.4,348.95
9710,2023-10-18,Мебель,Екатеринбург,Потребитель,7.0,468.1,3276.7,2256.83,1019.87
9711,2023-08-18,Канцелярия,Санкт-Петербург,Потребитель,86.0,327.04,28125.44,16983.72,11141.72
9712,2023-12-12,Канцелярия,Новосибирск,Потребитель,30.0,163.39,4901.7,3792.58,1109.12
9713,2023-12-22,Дом и сад,Новосибирск,Потребитель,16.0,1032.29,16516.64,13182.46,3334.18
9714,2023-08-15,Мебель,Москва,Потребитель,5.0,467.58,2337.9,1686.05,651.85
9715,2023-12-14,Офис,Новосибирск,Корпоратив,18.0,416.38,7494.84,4312.58,3182.26
9716,2023-03-27,Дом и сад,Самара,Потребитель,12.0,1472.13,17665.56,11846.35,5819.21
9717,2023-09-19,Офис,Екатеринбург,Корпоратив,26.0,715.09,18592.34,13732.92,4859.42
9718,2024-04-07,Офис,Москва,Потребитель,18.0,556.93,10024.74,5830.56,4194.18
9719,2023-11-18,Канцелярия,Санкт-Петербург,Потребитель,12.0,236.62,2839.44,1843.18,996.26
9720,2023-11-29,Дом и сад,Новосибирск,Потребитель,7.0,261.88,1833.16,1320.75,512.41
9721,2024-08-25,Дом и сад,Екатеринбург,Корпоратив,11.0,606.42,6670.62,4423.06,2247.56
9722,2024-04-04,Мебель,Самара,Потребитель,5.0,754.04,3770.2,2269.15,1501.05
9723,2023-01-24,Дом и сад,Москва,Потребитель,74.0,1252.76,92704.24,58926.48,33777.76
9724,2023-08-05,Техника,Новосибирск,Корпоратив,5.0,498.06,2490.3,1574.6,915.7
9725,2024-08-28,Офис,Екатеринбург,Корпоратив,2.0,568.06,1136.12,637.0,499.12
9726,2023-08-31,Мебель,Самара,Потребитель,1.0,130.55,130.55,104.36,26.19
9727,2024-08-01,Канцелярия,Самара,Корпоратив,7.0,111.28,778.96,560.78,218.18
9728,2023-10-10,Дом и сад,Екатеринбург,Потребитель,,131.82,1845.48,1474.84,370.64
9729,2023-04-03,Дом и сад,Санкт-Петербург,Корпоратив,19.0,169.67,3223.73,2282.08,941.65
9730,2024-10-31,Дом и сад,Самара,Корпоратив,11.0,778.62,8564.82,4853.93,3710.89
9731,2023-09-20,Дом и сад,Новосибирск,Мелкий опт,8.0,271.1,2168.8,1393.56,775.24
9732,2023-01-31,Офис,Москва,Корпоратив,13.0,1853.38,24093.94,16705.06,7388.88
9733,2024-03-25,Дом и сад,Самара,Потребитель,27.0,131.23,3543.21,2320.54,1222.67
9734,2023-06-14,Офис,Новосибирск,Потребитель,15.0,289.63,4344.45,2730.92,1613.53
9735,2023-05-14,Дом и сад,Санкт-Петербург,Потребитель,10.0,382.74,3827.4,2116.84,1710.56
9736,2024-08-27,Офис,Екатеринбург,Потребитель,34.0,794.52,27013.68,20802.9,6210.78
9737,2024-07-05,Канцелярия,Екатеринбург,Мелкий опт,25.0,225.3,5632.5,3271.31,2361.19
9738,2023-05-20,Дом и сад,Новосибирск,Потребитель,15.0,596.24,8943.6,6084.18,2859.42
9739,2023-12-14,Техника,Москва,Корпоратив,4.0,270.13,1080.52,621.08,459.44
9740,2023-05-17,Канцелярия,Самара,Потребитель,0.0,579.65,0.0,0.0,0.0
9741,2023-12-25,Дом и сад,Москва,Корпоратив,18.0,117.74,2119.32,1215.65,903.67
9742,2023-12-03,Дом и сад,Самара,Потребитель,2.0,67.22,134.44,75.2,59.24
9743,2023-04-28,Офис,Санкт-Петербург,Корпоратив,2.0,247.97,495.94,300.53,195.41
9744,2023-08-02,Дом и сад,Санкт-Петербург,Корпоратив,3.0,271.47,814.41,550.81,263.6
9745,2024-07-12,Офис,Самара,Мелкий опт,2.0,575.15,1150.3,796.26,354.04
9746,2024-10-26,Мебель,Новосибирск,Потребитель,7.0,585.33,4097.31,3103.35,993.96
9747,2024-08-11,Офис,Москва,Корпоратив,6.0,679.64,4077.84,2423.65,1654.19
9748,2023-01-14,Канцелярия,Самара,Корпоратив,27.0,556.61,15028.47,10372.73,4655.74
9749,2023-12-10,Канцелярия,Екатеринбург,Корпоратив,14.0,247.46,-1.0,2273.99,1190.45
9750,2024-10-09,Канцелярия,Самара,Потребитель,7.0,187.06,1309.42,842.24,467.18
9751,2024-02-13,Техника,Москва,Потребитель,4.0,390.51,1562.04,1151.89,410.15
9752,2023-01-24,Дом и сад,Санкт-Петербург,Потребитель,22.0,435.78,9587.16,6439.44,3147.72
9753,2024-04-09,Офис,Екатеринбург,Потребитель,4.0,132.71,530.84,354.4,176.44
9754,2023-07-12,Дом и сад,Самара,Потребитель,14.0,947.15,13260.1,9224.0,4036.1
9755,2024-08-18,Канцелярия,Москва,Корпоратив,5.0,557.77,2788.85,2203.03,585.82
9756,2023-06-19,Дом и сад,Новосибирск,Потребитель,3.0,260.06,780.18,581.62,198.56
9757,2024-02-05,Дом и сад,Новосибирск,Мелкий опт,7.0,299.87,2099.09,1559.55,539.54
9758,2023-11-07,Мебель,Новосибирск,Потребитель,25.0,509.39,12734.75,9995.37,2739.38
9759,2024-11-04,Мебель,Самара,Корпоратив,3.0,228.99,686.97,392.69,294.28
9760,2024-07-13,Техника,Самара,Потребитель,6.0,304.86,1829.16,1361.33,467.83
9761,2023-11-02,Дом и сад,Новосибирск,Корпоратив,36.0,335.54,12079.44,7888.96,4190.48
9762,2024-01-29,Канцелярия,Москва,Корпоратив,17.0,410.14,6972.38,4135.18,2837.2
9763,2023-01-18,Мебель,Москва,Потребитель,13.0,534.82,6952.66,4586.96,2365.7
9764,2023-08-26,Офис,Самара,Потребитель,3.0,89.71,269.13,158.9,110.23
9765,2023-09-13,Дом и сад,Самара,Корпоратив,4.0,381.23,1524.92,1086.44,438.48
9766,2023-08-14,Техника,Самара,Корпоратив,1.0,411.77,411.77,248.7,163.07
9767,2024-06-08,Дом и сад,Екатеринбург,Потребитель,13.0,109.1,1418.3,794.51,623.79
9768,2024-03-30,Офис,Санкт-Петербург,Корпоратив,47.0,261.72,12300.84,8868.32,3432.52
9769,2023-02-23,Канцелярия,Москва,Потребитель,15.0,305.32,4579.8,3304.46,1275.34
9770,2023-12-24,Техника,Новосибирск,Потребитель,7.0,78.2,547.4,412.34,135.06
9771,2024-05-02,Офис,Санкт-Петербург,Потребитель,10.0,594.73,5947.3,4201.39,1745.91
9772,2023-12-16,Техника,Санкт-Петербург,Потребитель,12.0,546.08,6552.96,4396.09,2156.87
9773,2024-07-29,Канцелярия,Самара,Корпоратив,11.0,362.97,3992.67,2649.32,1343.35
9774,2023-09-13,Офис,Новосибирск,Корпоратив,6.0,900.52,5403.12,3685.6,1717.52
9775,2023-06-12,Техника,Москва,Потребитель,12.0,395.5,4746.0,3245.85,1500.15
9776,2024-11-21,Дом и сад,Самара,Потребитель,1.0,330.2,330.2,202.5,127.7
9777,2024-02-25,Офис,Новосибирск,Мелкий опт,3.0,616.41,1849.23,1130.15,719.08
9778,2023-01-04,Дом и сад,Санкт-Петербург,Потребитель,5.0,961.4,4807.0,3826.29,980.71
9779,2024-05-29,Офис,Новосибирск,Потребитель,0.0,281.52,0.0,0.0,0.0
9780,2024-08-31,Дом и сад,Самара,Потребитель,6.0,204.04,1224.24,822.65,401.59
9781,2024-02-01,Техника,Новосибирск,Потребитель,4.0,356.56,1426.24,999.49,426.75
9782,2024-08-27,Офис,Новосибирск,Корпоратив,8.0,718.42,5747.36,4073.81,1673.55
9783,2023-07-30,Дом и сад,Екатеринбург,Корпоратив,11.0,290.43,3194.73,2179.71,1015.02
9784,2024-03-03,Офис,Самара,Потребитель,9.0,948.77,8538.93,6803.73,1735.2
9785,2024-11-21,Офис,Москва,Потребитель,10.0,614.97,6149.7,4866.05,1283.65
9786,2023-10-26,Техника,Екатеринбург,Потребитель,5.0,515.45,2577.25,1484.61,1092.64
9787,2024-01-14,Техника,Самара,Корпоратив,7.0,953.79,6676.53,4717.99,1958.54
9788,2024-12-27,Офис,Екатеринбург,Мелкий опт,5.0,686.1,3430.5,2138.84,1291.66
9789,2023-12-14,Техника,Екатеринбург,Потребитель,9.0,1742.21,15679.89,9771.76,5908.13
9790,2023-02-15,Техника,Москва,Корпоратив,11.0,192.61,2118.71,1456.44,662.27
9791,2024-07-17,Офис,Самара,Потребитель,4.0,358.98,1435.92,1090.74,345.18
9792,2024-04-01,Мебель,Новосибирск,Потребитель,15.0,155.49,2332.35,1334.65,997.7
9793,2023-05-31,Мебель,Екатеринбург,Корпоратив,2.0,469.81,939.62,615.04,324.58
9794,2024-12-18,Техника,Новосибирск,Потребитель,23.0,948.94,21825.62,14029.78,7795.84
9795,2024-07-13,Дом и сад,Екатеринбург,Потребитель,3.0,277.67,833.01,482.3,350.71
9796,2024-11-01,Канцелярия,Москва,Потребитель,5.0,512.65,2563.25,1682.77,880.48
9797,2024-08-30,Канцелярия,Екатеринбург,Корпоратив,2.0,254.74,509.48,301.64,207.84
9798,2024-04-30,Мебель,Новосибирск,Корпоратив,32.0,205.41,6573.12,4411.47,2161.65
9799,2023-08-09,Дом и сад,Самара,Корпоратив,2.0,79.88,159.76,95.89,63.87
9800,2024-08-16,Канцелярия,Самара,Корпоратив,4.0,559.32,2237.28,1662.79,574.49
9801,2023-03-02,Техника,Москва,Мелкий опт,26.0,520.59,13535.34,10297.21,3238.13
9802,2023-03-19,Дом и сад,Москва,Корпоратив,9.0,711.15,6400.35,3787.42,2612.93
9803,2024-11-20,Дом и сад,Самара,Корпоратив,19.0,555.22,10549.18,5946.17,4603.01
9804,2024-01-11,Техника,Екатеринбург,Корпоратив,4.0,249.17,996.68,734.14,262.54
9805,2024-07-25,Канцелярия,Москва,Потребитель,27.0,1886.41,50933.07,39500.7,11432.37
9806,2023-01-17,Офис,Москва,Корпоратив,26.0,595.53,15483.78,11205.81,4277.97
9807,2023-08-05,Техника,Москва,Потребитель,35.0,282.23,9878.05,7521.77,2356.28
9808,2023-10-17,Техника,Москва,Потребитель,13.0,113.09,1470.17,950.86,519.31
9809,2023-04-26,Канцелярия,Москва,Мелкий опт,9.0,3594.31,32348.79,21026.22,11322.57
9810,2023-12-21,Техника,Новосибирск,Корпоратив,29.0,381.41,11060.89,6512.89,4548.0
9811,2024-05-02,Канцелярия,Самара,Корпоратив,53.0,173.71,9206.63,5856.63,3350.0
9812,2023-09-05,Офис,Екатеринбург,Потребитель,21.0,220.42,4628.82,2686.45,1942.37
9813,2023-08-05,Мебель,Санкт-Петербург,Мелкий опт,7.0,81.38,569.66,446.78,122.88
9814,2023-12-17,Канцелярия,Новосибирск,Корпоратив,14.0,96.91,1356.74,972.22,384.52
9815,2024-12-14,Канцелярия,Москва,Мелкий опт,34.0,112.04,3809.36,2140.63,1668.73
9816,2024-06-26,Канцелярия,Москва,Потребитель,10.0,478.62,4786.2,3691.48,1094.72
9817,2024-10-05,Техника,Самара,Корпоратив,3.0,173.01,519.03,408.28,110.75
9818,2024-10-08,Техника,Москва,Корпоратив,3.0,367.23,1101.69,643.12,458.57
9819,2024-05-27,Канцелярия,Екатеринбург,Потребитель,76.0,349.56,26566.56,15431.61,11134.95
9820,2024-06-02,Техника,Екатеринбург,Корпоратив,7.0,289.65,2027.55,1132.79,894.76
9821,2023-07-25,Канцелярия,Самара,Потребитель,7.0,781.19,5468.33,4047.69,1420.64
9822,2024-09-01,Дом и сад,Новосибирск,Потребитель,7.0,364.73,2553.11,1786.74,766.37
9823,2023-07-05,Мебель,Новосибирск,Мелкий опт,29.0,515.14,14939.06,11641.67,3297.39
9824,2023-11-01,Канцелярия,Санкт-Петербург,Потребитель,7.0,625.19,4376.33,2444.93,1931.4
9825,2023-10-29,Канцелярия,Новосибирск,Мелкий опт,17.0,404.48,6876.16,3935.02,2941.14
9826,2024-03-06,Мебель,Самара,Потребитель,62.0,118.56,7350.72,5248.58,2102.14
9827,2024-12-26,Офис,Новосибирск,Потребитель,14.0,203.29,2846.06,2266.88,579.18
9828,2023-07-12,Мебель,Санкт-Петербург,Потребитель,2.0,450.29,900.58,579.92,320.66
9829,2024-08-07,Офис,Самара,Потребитель,7.0,200.65,1404.55,1035.85,368.7
9830,2024-01-01,Офис,Самара,Потребитель,7.0,769.55,5386.85,3709.22,1677.63
9831,2024-11-26,Канцелярия,Санкт-Петербург,Мелкий опт,7.0,307.98,2155.86,1681.28,474.58
9832,2024-02-21,Техника,Новосибирск,Потребитель,6.0,215.22,1291.32,720.76,570.56
9833,2024-10-01,Канцелярия,Санкт-Петербург,Корпоратив,13.0,620.81,8070.53,4807.63,3262.9
9834,2024-08-20,Техника,Екатеринбург,Корпоратив,6.0,218.3,1309.8,941.64,368.16
9835,2024-11-30,Техника,Самара,Потребитель,2.0,1184.37,2368.74,1664.32,704.42
9836,2024-11-12,Мебель,Екатеринбург,Мелкий опт,26.0,507.39,13192.14,9771.56,3420.58
9837,2023-01-25,Дом и сад,Санкт-Петербург,Потребитель,12.0,270.65,3247.8,1988.14,1259.66
9838,2024-01-02,Офис,Москва,Корпоратив,15.0,322.46,4836.9,2849.28,1987.62
9839,2023-11-14,Мебель,Новосибирск,Корпоратив,3.0,465.25,1395.75,827.19,568.56
9840,2023-03-27,Дом и сад,Екатеринбург,Потребитель,1.0,406.94,406.94,310.13,96.81
9841,2024-02-07,Канцелярия,Новосибирск,Потребитель,5.0,743.15,3715.75,2180.01,1535.74
9842,2023-10-01,Канцелярия,Москва,Корпоратив,4.0,216.55,866.2,666.72,199.48
9843,2023-01-10,Канцелярия,Санкт-Петербург,Потребитель,10.0,268.55,2685.5,1707.15,978.35
9844,2024-01-28,Мебель,Новосибирск,Мелкий опт,4.0,435.72,1742.88,1323.43,419.45
9845,2023-08-20,Офис,Новосибирск,Потребитель,25.0,155.71,3892.75,2782.6,1110.15
9846,2023-10-05,Мебель,Новосибирск,Корпоратив,68.0,388.29,26403.72,17277.75,9125.97
9847,2024-12-08,Офис,Екатеринбург,Корпоратив,28.0,733.27,20531.56,13711.3,6820.26
9848,2024-06-25,Офис,Москва,Мелкий опт,13.0,401.43,5218.59,3099.48,2119.11
9849,2023-02-04,Мебель,Санкт-Петербург,Потребитель,9.0,150.88,1357.92,780.55,577.37
9850,2024-11-24,Мебель,Екатеринбург,Корпоратив,10.0,544.31,5443.1,3598.67,1844.43
9851,2023-11-20,Канцелярия,Самара,Мелкий опт,4.0,377.16,1508.64,859.05,649.59
9852,2024-09-15,Дом и сад,Санкт-Петербург,Мелкий опт,14.0,1095.32,15334.48,10698.43,4636.05
9853,2024-09-11,Офис,Санкт-Петербург,Потребитель,23.0,401.03,9223.69,7135.93,2087.76
9854,2023-07-29,Канцелярия,Екатеринбург,Корпоратив,21.0,558.82,11735.22,6698.42,5036.8
9855,2024-06-27,Канцелярия,Новосибирск,Мелкий опт,6.0,248.26,1489.56,936.88,552.68
9856,2023-01-30,Канцелярия,Санкт-Петербург,Потребитель,5.0,433.53,2167.65,1286.93,880.72
9857,2023-07-28,Офис,Санкт-Петербург,Корпоратив,2.0,2773.47,5546.94,3952.37,1594.57
9858,2024-04-20,Дом и сад,Екатеринбург,Мелкий опт,8.0,318.48,2547.84,1723.69,824.15
9859,2023-07-29,Канцелярия,Екатеринбург,Корпоратив,21.0,440.2,9244.2,7237.35,2006.85
9860,2024-06-23,Офис,Москва,Потребитель,18.0,695.97,12527.46,7911.5,4615.96
9861,2023-06-24,Мебель,Новосибирск,Потребитель,15.0,438.2,6573.0,4902.73,1670.27
9862,2023-04-21,Дом и сад,Москва,Потребитель,8.0,329.91,2639.28,1807.96,831.32
9863,2024-07-19,Офис,Санкт-Петербург,Потребитель,1.0,1165.24,1165.24,776.5,388.74
9864,2024-07-23,Мебель,Самара,Потребитель,20.0,161.63,3232.6,2448.58,784.02
9865,2024-08-11,Техника,Москва,Корпоратив,23.0,181.42,4172.66,3211.02,961.64
9866,2023-05-27,Офис,Москва,Потребитель,15.0,56.9,853.5,674.85,178.65
9867,2023-07-22,Техника,Екатеринбург,Корпоратив,5.0,160.47,802.35,634.02,168.33
9868,2023-06-22,Офис,Екатеринбург,Корпоратив,32.0,588.68,18837.76,12340.09,6497.67
9869,2024-12-28,Офис,Москва,Корпоратив,11.0,294.99,3244.89,1805.04,1439.85
9870,2023-06-21,Офис,Новосибирск,Потребитель,17.0,511.89,8702.13,5066.24,3635.89
9871,2024-02-11,Техника,Екатеринбург,Мелкий опт,25.0,446.82,11170.5,7521.52,3648.98
9872,2024-07-30,Мебель,Новосибирск,Потребитель,8.0,420.41,3363.28,2308.24,1055.04
9873,2023-12-19,Дом и сад,Москва,Потребитель,6.0,875.03,5250.18,3857.3,1392.88
9874,2024-08-06,Офис,Москва,Корпоратив,4.0,503.21,2012.84,1190.77,822.07
9875,2023-03-06,Дом и сад,Санкт-Петербург,Потребитель,0.0,981.2,0.0,0.0,0.0
9876,2023-03-24,Канцелярия,Новосибирск,Потребитель,4.0,233.67,934.68,717.42,217.26
9877,2023-12-29,Дом и сад,Москва,Корпоратив,4.0,328.27,1313.08,966.2,346.88
9878,2024-06-23,Канцелярия,Санкт-Петербург,Корпоратив,24.0,446.23,10709.52,5998.5,4711.02
9879,2023-09-20,Офис,Екатеринбург,Потребитель,10.0,1485.59,14855.9,9676.71,5179.19
9880,2024-04-13,Дом и сад,Санкт-Петербург,Потребитель,3.0,437.2,1311.6,839.2,472.4
9881,2024-01-14,Канцелярия,Москва,Мелкий опт,12.0,763.16,9157.92,5886.23,3271.69
9882,2023-11-28,Офис,Екатеринбург,Потребитель,14.0,379.5,5313.0,3146.26,2166.74
9883,2023-09-21,Канцелярия,Москва,Корпоратив,21.0,83.01,1743.21,1020.7,722.51
9884,2023-11-27,Офис,Екатеринбург,Потребитель,4.0,438.36,1753.44,1096.47,656.97
9885,2024-02-23,Дом и сад,Екатеринбург,Мелкий опт,3.0,402.06,1206.18,941.54,264.64
9886,2023-07-22,Канцелярия,Екатеринбург,Потребитель,2.0,281.14,562.28,354.27,208.01
9887,2023-12-18,Техника,Екатеринбург,Потребитель,,389.26,3114.08,1808.84,1305.24
9888,2023-05-26,Канцелярия,Самара,Мелкий опт,2.0,772.14,1544.28,974.95,569.33
9889,2024-08-07,Офис,Новосибирск,Мелкий опт,11.0,1265.85,13924.35,9808.07,4116.28
9890,2023-09-09,Канцелярия,Санкт-Петербург,Потребитель,3.0,349.0,-1.0,836.27,210.73
9891,2023-08-01,Дом и сад,Санкт-Петербург,Мелкий опт,5.0,130.86,654.3,503.83,150.47
9892,2023-10-14,Офис,Москва,Потребитель,7.0,454.41,3180.87,1765.06,1415.81
9893,2024-10-26,Офис,Москва,Потребитель,7.0,1344.49,9411.43,6292.22,3119.21
9894,2023-01-03,Офис,Екатеринбург,Потребитель,19.0,1761.68,33471.92,26285.79,7186.13
9895,2024-08-01,Дом и сад,Екатеринбург,Потребитель,7.0,308.66,2160.62,1280.4,880.22
9896,2024-11-10,Мебель,Екатеринбург,Корпоратив,10.0,605.15,6051.5,4767.22,1284.28
9897,2023-10-12,Офис,Москва,Корпоратив,5.0,157.2,786.0,462.68,323.32
9898,2023-09-02,Дом и сад,Москва,Потребитель,5.0,179.08,895.4,500.05,395.35
9899,2023-02-22,Техника,Новосибирск,Корпоратив,29.0,1365.73,39606.17,23759.57,15846.6
9900,2024-12-10,Канцелярия,Москва,Корпоратив,4.0,1144.0,4576.0,3493.4,1082.6
9901,2023-02-24,Техника,Новосибирск,Мелкий опт,10.0,656.27,6562.7,4860.61,1702.09
9902,2023-08-24,Офис,Самара,Мелкий опт,5.0,302.46,1512.3,964.91,547.39
9903,2024-05-19,Канцелярия,Санкт-Петербург,Корпоратив,38.0,524.76,19940.88,15425.68,4515.2
9904,2024-06-30,Мебель,Новосибирск,Потребитель,22.0,489.19,10762.18,6788.98,3973.2
9905,2024-04-26,Офис,Москва,Корпоратив,8.0,873.21,6985.68,4937.26,2048.42
9906,2024-12-21,Дом и сад,Новосибирск,Потребитель,8.0,401.42,3211.36,2161.99,1049.37
9907,2023-01-26,Офис,Москва,Потребитель,7.0,619.77,4338.39,2881.51,1456.88
9908,2024-05-30,Техника,Самара,Мелкий опт,2.0,307.74,615.48,480.29,135.19
9909,2024-06-28,Офис,Новосибирск,Потребитель,8.0,41.72,333.76,195.25,138.51
9910,2024-06-27,Мебель,Санкт-Петербург,Корпоратив,2.0,621.38,1242.76,834.19,408.57
9911,2023-02-09,Мебель,Екатеринбург,Мелкий опт,10.0,1366.44,13664.4,7982.43,5681.97
9912,2023-07-19,Дом и сад,Санкт-Петербург,Корпоратив,14.0,1028.56,14399.84,11176.91,3222.93
9913,2024-12-16,Дом и сад,Екатеринбург,Корпоратив,4.0,1304.89,5219.56,4113.0,1106.56
9914,2023-03-14,Дом и сад,Самара,Потребитель,13.0,113.81,1479.53,886.45,593.08
9915,2023-03-06,Дом и сад,Москва,Мелкий опт,22.0,71.99,1583.78,1236.87,346.91
9916,2024-07-21,Офис,Москва,Мелкий опт,3.0,635.03,1905.09,1252.56,652.53
9917,2024-06-18,Дом и сад,Самара,Мелкий опт,1.0,941.96,941.96,650.78,291.18
9918,2024-01-01,Офис,Новосибирск,Потребитель,9.0,569.69,5127.21,3627.37,1499.84
9919,2024-12-31,Офис,Новосибирск,Корпоратив,4.0,309.04,1236.16,835.1,401.06
9920,2023-04-12,Техника,Самара,Мелкий опт,15.0,352.42,5286.3,2956.61,2329.69
9921,2023-11-02,Дом и сад,Екатеринбург,Мелкий опт,6.0,230.82,1384.92,892.04,492.88
9922,2023-08-13,Дом и сад,Москва,Корпоратив,19.0,313.42,5954.98,4481.92,1473.06
9923,2023-04-12,Дом и сад,Санкт-Петербург,Потребитель,13.0,130.85,1701.05,1154.24,546.81
9924,2024-07-04,Техника,Екатеринбург,Корпоратив,4.0,378.7,1514.8,1119.13,395.67
9925,2023-02-12,Техника,Москва,Потребитель,4.0,441.78,1767.12,991.85,775.27
9926,2024-01-28,Мебель,Новосибирск,Корпоратив,2.0,228.82,457.64,336.42,121.22
9927,2024-04-18,Офис,Москва,Корпоратив,59.0,210.83,12438.97,7170.77,5268.2
9928,2024-10-21,Дом и сад,Москва,Потребитель,,730.61,4383.66,2739.03,1644.63
9929,2024-02-22,Офис,Екатеринбург,Потребитель,14.0,134.39,1881.46,1161.78,719.68
9930,2023-09-28,Офис,Самара,Потребитель,1.0,559.99,559.99,430.09,129.9
9931,2024-05-22,Офис,Санкт-Петербург,Корпоратив,7.0,1042.85,7299.95,5508.03,1791.92
9932,2023-05-31,Офис,Самара,Корпоратив,9.0,86.68,780.12,448.16,331.96
9933,2023-04-13,Мебель,Москва,Потребитель,25.0,203.91,5097.75,3990.28,1107.47
9934,2024-10-21,Дом и сад,Москва,Потребитель,72.0,427.88,30807.36,16982.61,13824.75
9935,2024-01-11,Техника,Екатеринбург,Потребитель,11.0,509.0,5599.0,4126.46,1472.54
9936,2023-02-13,Мебель,Самара,Корпоратив,22.0,823.63,18119.86,14250.72,3869.14
9937,2023-06-20,Дом и сад,Новосибирск,Потребитель,1.0,688.46,688.46,535.76,152.7
9938,2023-10-18,Мебель,Екатеринбург,Корпоратив,30.0,816.14,24484.2,14262.48,10221.72
9939,2024-05-03,Канцелярия,Москва,Потребитель,10.0,895.63,8956.3,5324.97,3631.33
9940,2023-06-24,Офис,Москва,Потребитель,4.0,739.4,2957.6,1917.54,1040.06
9941,2024-03-10,Канцелярия,Самара,Потребитель,10.0,966.15,9661.5,7499.79,2161.71
9942,2023-01-09,Канцелярия,Новосибирск,Потребитель,11.0,549.53,6044.83,4236.75,1808.08
9943,2023-07-01,Канцелярия,Новосибирск,Потребитель,6.0,909.21,5455.26,4242.2,1213.06
9944,2024-07-27,Офис,Санкт-Петербург,Корпоратив,59.0,994.32,58664.88,36792.95,21871.93
9945,2023-11-19,Офис,Екатеринбург,Потребитель,5.0,749.2,3746.0,2687.65,1058.35
9946,2023-09-12,Офис,Санкт-Петербург,Корпоратив,26.0,855.45,22241.7,16733.6,5508.1
9947,2023-07-20,Мебель,Екатеринбург,Корпоратив,4.0,569.53,2278.12,1310.44,967.68
9948,2024-11-24,Дом и сад,Самара,Корпоратив,6.0,463.66,2781.96,1719.99,1061.97
9949,2024-06-08,Офис,Екатеринбург,Корпоратив,7.0,320.95,2246.65,1561.72,684.93
9950,2024-12-25,Дом и сад,Самара,Потребитель,4.0,701.24,2804.96,1677.42,1127.54
9951,2024-03-15,Дом и сад,Санкт-Петербург,Корпоратив,13.0,2000.33,26004.29,18414.54,7589.75
9952,2023-10-16,Мебель,Екатеринбург,Мелкий опт,3.0,180.54,541.62,303.76,237.86
9953,2023-07-01,Мебель,Москва,Потребитель,21.0,372.28,7817.88,4524.99,3292.89
9954,2023-08-08,Офис,Москва,Корпоратив,8.0,395.22,3161.76,2312.1,849.66
9955,2023-09-15,Офис,Москва,Потребитель,31.0,153.37,4754.47,2884.57,1869.9
9956,2023-02-25,Техника,Москва,Корпоратив,4.0,621.06,2484.24,1392.79,1091.45
9957,2023-12-21,Техника,Новосибирск,Корпоратив,11.0,297.33,3270.63,2206.36,1064.27
9958,2024-12-26,Дом и сад,Новосибирск,Мелкий опт,9.0,217.26,1955.34,1369.8,585.54
9959,2023-07-11,Офис,Екатеринбург,Корпоратив,4.0,422.2,1688.8,1124.86,563.94
9960,2023-04-29,Дом и сад,Самара,Мелкий опт,6.0,1800.25,10801.5,7039.77,3761.73
9961,2023-04-27,Техника,Екатеринбург,Потребитель,15.0,240.26,3603.9,2610.07,993.83
9962,2023-12-10,Канцелярия,Санкт-Петербург,Потребитель,2.0,357.83,715.66,466.89,248.77
9963,2024-07-20,Дом и сад,Санкт-Петербург,Потребитель,2.0,666.27,1332.54,872.28,460.26
9964,2024-09-13,Мебель,Екатеринбург,Корпоратив,15.0,606.41,9096.15,6698.83,2397.32
9965,2023-09-02,Мебель,Самара,Корпоратив,4.0,535.61,2142.44,1667.33,475.11
9966,2023-10-07,Дом и сад,Санкт-Петербург,Потребитель,5.0,265.87,1329.35,893.42,435.93
9967,2023-03-24,Мебель,Москва,Мелкий опт,7.0,176.35,1234.45,913.72,320.73
9968,2024-07-17,Техника,Санкт-Петербург,Корпоратив,31.0,565.65,17535.15,11876.57,5658.58
9969,2023-04-06,Дом и сад,Новосибирск,Мелкий опт,8.0,336.56,2692.48,1694.6,997.88
9970,2023-12-31,Канцелярия,Новосибирск,Потребитель,23.0,410.94,9451.62,5513.88,3937.74
9971,2023-09-06,Офис,Санкт-Петербург,Корпоратив,18.0,717.02,12906.36,9498.29,3408.07
9972,2024-10-30,Офис,Екатеринбург,Мелкий опт,14.0,766.39,10729.46,7566.16,3163.3
9973,2023-05-24,Дом и сад,Новосибирск,Потребитель,7.0,101.81,712.67,532.05,180.62
9974,2024-01-25,Офис,Москва,Мелкий опт,1.0,171.69,171.69,97.96,73.73
9975,2024-06-09,Офис,Санкт-Петербург,Потребитель,3.0,1569.09,4707.27,3636.75,1070.52
9976,2023-07-01,Офис,Екатеринбург,Потребитель,9.0,111.3,1001.7,577.63,424.07
9977,2023-01-29,Дом и сад,Санкт-Петербург,Потребитель,4.0,634.4,2537.6,1984.2,553.4
9978,2024-06-17,Офис,Самара,Корпоратив,6.0,307.24,1843.44,1397.29,446.15
9979,2024-02-27,Дом и сад,Новосибирск,Корпоратив,16.0,778.23,12451.68,7207.17,5244.51
9980,2024-02-23,Офис,Санкт-Петербург,Потребитель,8.0,170.04,1360.32,1036.13,324.19
9981,2024-12-13,Дом и сад,Санкт-Петербург,Потребитель,8.0,410.43,3283.44,1902.57,1380.87
9982,2024-05-28,Мебель,Новосибирск,Корпоратив,8.0,1292.75,10342.0,7940.41,2401.59
9983,2024-10-26,Канцелярия,Самара,Потребитель,7.0,282.06,1974.42,1489.8,484.62
9984,2023-12-26,Канцелярия,Москва,Потребитель,6.0,312.62,1875.72,1067.8,807.92
9985,2024-05-07,Дом и сад,Екатеринбург,Потребитель,3.0,1459.64,4378.92,2722.64,1656.28
9986,2023-08-21,Канцелярия,Москва,Корпоратив,12.0,133.2,1598.4,1181.28,417.12
9987,2024-10-09,Техника,Санкт-Петербург,Корпоратив,9.0,234.57,2111.13,1406.69,704.44
9988,2023-08-30,Дом и сад,Екатеринбург,Потребитель,23.0,1153.9,26539.7,19988.77,6550.93
9989,2023-08-04,Офис,Самара,Корпоратив,15.0,226.55,3398.25,2309.0,1089.25
9990,2024-01-12,Дом и сад,Екатеринбург,Корпоратив,33.0,439.83,14514.39,8302.21,6212.18
9991,2024-07-04,Дом и сад,Новосибирск,Корпоратив,5.0,281.04,1405.2,1066.67,338.53
9992,2023-10-24,Канцелярия,Санкт-Петербург,Потребитель,42.0,164.24,6898.08,5415.37,1482.71
9993,2024-04-06,Дом и сад,Екатеринбург,Потребитель,2.0,440.37,880.74,547.35,333.39
9994,2024-03-09,Офис,Самара,Мелкий опт,2.0,552.31,1104.62,660.78,443.84
9995,2023-12-06,Офис,Санкт-Петербург,Потребитель,30.0,330.47,9914.1,6684.36,3229.74
9996,2024-05-15,Дом и сад,Новосибирск,Потребитель,5.0,162.59,812.95,564.91,248.04
9997,2023-05-10,Дом и сад,Новосибирск,Мелкий опт,12.0,232.53,-1.0,1783.55,1006.81
9998,2023-12-26,Мебель,Екатеринбург,Мелкий опт,10.0,453.7,4537.0,3221.63,1315.37
9999,2023-12-12,Техника,Санкт-Петербург,Корпоратив,2.0,642.67,1285.34,958.14,327.2
10000,2024-04-24,Канцелярия,Новосибирск,Корпоратив,3.0,1159.28,3477.84,1965.78,1512.06
10001,2023-10-08,Техника,Екатеринбург,Потребитель,12.0,282.32,3387.84,2509.42,878.42
10002,2023-05-27,Офис,Екатеринбург,Корпоратив,5.0,424.99,2124.95,1402.52,722.43
10003,2023-05-18,Техника,Москва,Потребитель,14.0,251.84,3525.76,2503.6,1022.16
10004,2024-06-17,Офис,Санкт-Петербург,Потребитель,8.0,1033.98,8271.84,5407.52,2864.32
10005,2023-03-17,Дом и сад,Москва,Потребитель,21.0,600.36,12607.56,7884.92,4722.64
10006,2024-08-27,Канцелярия,Новосибирск,Потребитель,12.0,242.3,2907.6,1951.73,955.87
10007,2023-05-24,Канцелярия,Москва,Мелкий опт,7.0,273.43,1914.01,1370.68,543.33
10008,2023-05-26,Дом и сад,Новосибирск,Мелкий опт,6.0,2466.65,14799.9,8881.34,5918.56
10009,2024-02-25,Офис,Екатеринбург,Мелкий опт,7.0,258.62,1810.34,1428.94,381.4
10010,2023-01-22,Канцелярия,Новосибирск,Потребитель,31.0,3251.77,100804.87,59952.98,40851.89
10011,2023-01-23,Офис,Самара,Потребитель,5.0,446.21,2231.05,1731.91,499.14
10012,2023-03-01,Офис,Екатеринбург,Потребитель,7.0,315.02,2205.14,1745.72,459.42
10013,2023-10-13,Дом и сад,Санкт-Петербург,Мелкий опт,2.0,380.28,760.56,539.99,220.57
10014,2023-01-28,Офис,Санкт-Петербург,Корпоратив,7.0,252.47,1767.29,1392.35,374.94
10015,2023-06-26,Мебель,Екатеринбург,Мелкий опт,22.0,815.24,17935.28,12664.63,5270.65
10016,2023-08-15,Офис,Санкт-Петербург,Мелкий опт,15.0,232.68,3490.2,2148.23,1341.97
10017,2024-03-25,Техника,Москва,Потребитель,20.0,396.96,7939.2,4386.26,3552.94
10018,2024-05-15,Дом и сад,Екатеринбург,Потребитель,0.0,38.69,0.0,0.0,0.0
10019,2024-02-01,Канцелярия,Санкт-Петербург,Потребитель,30.0,606.92,18207.6,11807.57,6400.03
10020,2023-03-03,Техника,Москва,Мелкий опт,5.0,107.64,538.2,374.07,164.13
10021,2023-02-01,Канцелярия,Екатеринбург,Потребитель,3.0,366.92,1100.76,769.11,331.65
10022,2024-09-20,Дом и сад,Новосибирск,Потребитель,58.0,196.2,11379.6,7394.29,3985.31
10023,2024-12-14,Техника,Санкт-Петербург,Корпоратив,8.0,326.18,2609.44,1485.26,1124.18
10024,2024-09-09,Канцелярия,Москва,Потребитель,5.0,105.25,526.25,420.28,105.97
10025,2024-02-14,Дом и сад,Москва,Мелкий опт,10.0,179.45,1794.5,1016.45,778.05
10026,2023-11-30,Мебель,Самара,Потребитель,10.0,338.04,3380.4,2636.62,743.78
10027,2023-01-13,Канцелярия,Новосибирск,Корпоратив,3.0,496.6,1489.8,833.34,656.46
10028,2023-09-01,Техника,Москва,Потребитель,22.0,302.15,6647.3,4068.33,2578.97
10029,2023-01-28,Канцелярия,Санкт-Петербург,Потребитель,6.0,667.07,4002.42,2231.11,1771.31
10030,2024-12-15,Мебель,Санкт-Петербург,Потребитель,11.0,176.85,1945.35,1299.4,645.95
10031,2023-12-07,Канцелярия,Новосибирск,Потребитель,3.0,3736.2,11208.6,7967.26,3241.34
10032,2023-05-29,Канцелярия,Самара,Потребитель,4.0,896.49,3585.96,2335.87,1250.09
10033,2023-12-06,Дом и сад,Самара,Мелкий опт,17.0,554.31,9423.27,6901.2,2522.07
10034,2024-04-21,Канцелярия,Санкт-Петербург,Корпоратив,4.0,122.56,490.24,293.8,196.44
10035,2023-09-24,Канцелярия,Новосибирск,Потребитель,24.0,529.37,12704.88,9671.76,3033.12
10036,2024-03-27,Канцелярия,Санкт-Петербург,Потребитель,7.0,667.14,4669.98,2929.13,1740.85
10037,2024-12-07,Техника,Самара,Мелкий опт,,432.67,1730.68,1255.53,475.15
10038,2023-02-27,Канцелярия,Санкт-Петербург,Корпоратив,6.0,304.53,-1.0,1344.26,482.92
10039,2024-01-30,Дом и сад,Самара,Корпоратив,2.0,79.69,159.38,125.28,34.1
10040,2024-03-13,Дом и сад,Самара,Потребитель,9.0,208.73,1878.57,1298.75,579.82
10041,2023-07-02,Дом и сад,Екатеринбург,Мелкий опт,13.0,1347.52,17517.76,13302.94,4214.82
10042,2024-11-26,Канцелярия,Екатеринбург,Корпоратив,6.0,419.22,2515.32,1852.74,662.58
10043,2023-01-05,Дом и сад,Москва,Потребитель,27.0,262.87,7097.49,4788.5,2308.99
10044,2023-04-16,Техника,Екатеринбург,Корпоратив,11.0,65.64,722.04,481.36,240.68
10045,2024-05-05,Дом и сад,Самара,Потребитель,49.0,367.15,17990.35,14163.4,3826.95
10046,2023-10-04,Канцелярия,Москва,Потребитель,2.0,931.27,1862.54,1097.66,764.88
10047,2023-07-30,Офис,Москва,Корпоратив,2.0,349.15,698.3,498.38,199.92
10048,2024-09-23,Техника,Екатеринбург,Потребитель,12.0,630.98,7571.76,4647.02,2924.74
10049,2023-03-13,Дом и сад,Самара,Потребитель,4.0,812.49,3249.96,2479.89,770.07
10050,2023-03-27,Канцелярия,Москва,Потребитель,12.0,726.78,8721.36,5730.68,2990.68
10051,2023-11-30,Канцелярия,Новосибирск,Корпоратив,18.0,271.69,4890.42,3768.01,1122.41
10052,2024-11-05,Офис,Новосибирск,Потребитель,2.0,267.84,535.68,401.47,134.21
10053,2023-05-25,Техника,Новосибирск,Потребитель,3.0,305.87,917.61,581.2,336.41
10054,2024-06-21,Офис,Новосибирск,Корпоратив,4.0,612.5,2450.0,1496.89,953.11
10055,2024-06-08,Канцелярия,Самара,Корпоратив,10.0,344.61,3446.1,2552.28,893.82
10056,2023-12-15,Канцелярия,Новосибирск,Потребитель,22.0,283.04,6226.88,4706.38,1520.5
10057,2023-08-11,Мебель,Санкт-Петербург,Корпоратив,43.0,546.02,23478.86,13059.8,10419.06
10058,2024-06-30,Канцелярия,Самара,Корпоратив,4.0,153.42,613.68,411.98,201.7
10059,2023-07-27,Техника,Санкт-Петербург,Потребитель,90.0,2701.89,243170.1,156340.39,86829.71
10060,2023-01-31,Техника,Новосибирск,Мелкий опт,3.0,994.04,-1.0,1738.59,1243.53
10061,2024-09-07,Техника,Москва,Потребитель,19.0,83.95,1595.05,1118.03,477.02
10062,2023-07-29,Канцелярия,Новосибирск,Потребитель,11.0,151.18,1662.98,1026.84,636.14
10063,2023-03-21,Офис,Санкт-Петербург,Мелкий опт,9.0,194.13,1747.17,1116.1,631.07
10064,2024-08-30,Офис,Самара,Мелкий опт,3.0,403.5,1210.5,954.63,255.87
10065,2024-06-26,Дом и сад,Самара,Потребитель,70.0,167.29,11710.3,8609.52,3100.78
10066,2024-03-29,Офис,Екатеринбург,Потребитель,4.0,390.48,1561.92,890.31,671.61
10067,2023-09-29,Дом и сад,Новосибирск,Потребитель,1.0,143.13,143.13,92.06,51.07
10068,2023-05-23,Дом и сад,Москва,Корпоратив,10.0,136.99,1369.9,1074.76,295.14
10069,2024-05-03,Дом и сад,Новосибирск,Мелкий опт,33.0,902.57,29784.81,22678.1,7106.71
10070,2024-06-23,Дом и сад,Екатеринбург,Мелкий опт,6.0,964.46,5786.76,3958.34,1828.42
10071,2023-03-14,Мебель,Санкт-Петербург,Мелкий опт,14.0,214.29,3000.06,2053.25,946.81
10072,2023-01-17,Техника,Самара,Мелкий опт,18.0,842.55,15165.9,9876.37,5289.53
10073,2023-10-28,Офис,Москва,Потребитель,33.0,238.98,-1.0,6161.0,1725.34
10074,2023-08-23,Офис,Москва,Корпоратив,7.0,187.58,1313.06,783.76,529.3
10075,2024-05-10,Канцелярия,Новосибирск,Корпоратив,22.0,238.89,5255.58,3530.28,1725.3
10076,2023-04-06,Дом и сад,Санкт-Петербург,Потребитель,4.0,323.48,1293.92,783.45,510.47
10077,2023-11-08,Канцелярия,Москва,Корпоратив,29.0,297.2,8618.8,5320.02,3298.78
10078,2024-07-07,Дом и сад,Екатеринбург,Потребитель,22.0,95.95,2110.9,1359.2,751.7
10079,2024-06-09,Мебель,Самара,Мелкий опт,2.0,2315.22,4630.44,3151.43,1479.01
10080,2024-10-25,Дом и сад,Москва,Потребитель,4.0,1010.79,4043.16,3169.67,873.49
10081,2024-10-26,Мебель,Санкт-Петербург,Потребитель,1.0,500.59,500.59,388.18,112.41
10082,2023-03-02,Дом и сад,Москва,Корпоратив,4.0,219.72,878.88,570.0,308.88
10083,2024-04-14,Дом и сад,Екатеринбург,Потребитель,8.0,809.65,6477.2,5078.46,1398.74
10084,2024-07-04,Офис,Новосибирск,Мелкий опт,4.0,255.93,1023.72,663.75,359.97
10085,2024-04-11,Канцелярия,Самара,Корпоратив,15.0,1686.01,25290.15,19863.35,5426.8
10086,2024-09-29,Офис,Москва,Потребитель,4.0,574.18,2296.72,1561.75,734.97
10087,2024-06-04,Офис,Екатеринбург,Потребитель,10.0,119.03,1190.3,668.0,522.3
10088,2024-07-26,Канцелярия,Самара,Мелкий опт,4.0,142.87,571.48,443.77,127.71
10089,2024-02-28,Офис,Москва,Потребитель,5.0,315.31,1576.55,1139.9,436.65
10090,2023-02-08,Канцелярия,Санкт-Петербург,Мелкий опт,4.0,377.38,1509.52,917.96,591.56
10091,2024-01-02,Дом и сад,Самара,Корпоратив,6.0,474.63,2847.78,1706.86,1140.92
10092,2023-10-27,Канцелярия,Новосибирск,Корпоратив,7.0,289.82,2028.74,1233.56,795.18
10093,2024-06-03,Офис,Екатеринбург,Потребитель,1.0,517.94,517.94,298.33,219.61
10094,2024-07-08,Дом и сад,Екатеринбург,Корпоратив,25.0,108.07,2701.75,1753.23,948.52
10095,2024-08-31,Офис,Екатеринбург,Потребитель,1.0,427.26,427.26,241.09,186.17
10096,2024-02-22,Дом и сад,Новосибирск,Корпоратив,6.0,2485.08,14910.48,11389.78,3520.7
10097,2023-10-11,Мебель,Екатеринбург,Мелкий опт,27.0,104.13,2811.51,2093.7,717.81
10098,2023-08-06,Канцелярия,Екатеринбург,Потребитель,3.0,120.49,361.47,200.46,161.01
10099,2024-01-10,Техника,Санкт-Петербург,Корпоратив,6.0,538.74,3232.44,2552.52,679.92
10100,2023-02-09,Канцелярия,Самара,Мелкий опт,27.0,1782.22,48119.94,29674.6,18445.34
10101,2024-12-23,Офис,Москва,Потребитель,12.0,509.21,6110.52,4168.16,1942.36
10102,2024-09-29,Канцелярия,Москва,Потребитель,3.0,823.78,2471.34,1712.99,758.35
10103,2023-11-25,Канцелярия,Самара,Корпоратив,8.0,104.04,832.32,648.7,183.62
10104,2023-10-01,Канцелярия,Самара,Потребитель,3.0,326.27,978.81,721.21,257.6
10105,2023-12-26,Офис,Санкт-Петербург,Корпоратив,14.0,204.92,2868.88,2223.53,645.35
10106,2024-05-12,Офис,Санкт-Петербург,Корпоратив,100.0,771.78,77178.0,52709.62,24468.38
10107,2023-08-26,Офис,Самара,Потребитель,3.0,315.95,947.85,720.83,227.02
10108,2023-03-07,Канцелярия,Санкт-Петербург,Потребитель,21.0,621.79,13057.59,9507.52,3550.07
10109,2023-02-01,Офис,Санкт-Петербург,Мелкий опт,4.0,552.19,2208.76,1497.18,711.58
10110,2023-02-22,Дом и сад,Новосибирск,Потребитель,12.0,149.09,1789.08,1388.85,400.23
10111,2024-03-17,Офис,Новосибирск,Потребитель,24.0,143.64,3447.36,2716.3,731.06
10112,2023-10-02,Канцелярия,Екатеринбург,Потребитель,4.0,764.09,3056.36,2019.54,1036.82
10113,2024-06-18,Мебель,Санкт-Петербург,Потребитель,26.0,500.99,13025.74,8161.91,4863.83
10114,2024-01-12,Мебель,Самара,Мелкий опт,1.0,698.76,698.76,493.92,204.84
10115,2023-07-07,Канцелярия,Новосибирск,Потребитель,1.0,760.57,760.57,468.1,292.47
10116,2023-08-15,Офис,Самара,Корпоратив,18.0,223.12,4016.16,2514.71,1501.45
10117,2023-10-22,Дом и сад,Самара,Потребитель,13.0,252.13,3277.69,1986.79,1290.9
10118,2023-11-04,Офис,Екатеринбург,Потребитель,8.0,91.82,734.56,541.19,193.37
10119,2024-04-09,Дом и сад,Санкт-Петербург,Корпоратив,21.0,1550.53,32561.13,20573.12,11988.01
10120,2024-09-04,Дом и сад,Самара,Потребитель,9.0,488.39,4395.51,3157.92,1237.59
10121,2023-03-31,Офис,Самара,Потребитель,9.0,183.61,1652.49,1263.55,388.94
10122,2023-08-20,Офис,Самара,Потребитель,3.0,581.83,1745.49,997.28,748.21
10123,2024-12-21,Техника,Екатеринбург,Потребитель,7.0,402.81,-1.0,2163.65,656.02
10124,2024-01-03,Офис,Екатеринбург,Мелкий опт,1.0,258.31,258.31,152.44,105.87
10125,2023-05-31,Техника,Екатеринбург,Потребитель,0.0,2623.63,0.0,0.0,0.0
10126,2024-06-10,Дом и сад,Москва,Корпоратив,5.0,224.14,1120.7,855.01,265.69
10127,2024-04-21,Дом и сад,Самара,Корпоратив,14.0,1303.38,18247.32,10328.55,7918.77
10128,2024-04-14,Техника,Самара,Потребитель,9.0,215.82,1942.38,1549.94,392.44
10129,2024-10-19,Офис,Москва,Мелкий опт,13.0,203.39,2644.07,1942.37,701.7
10130,2023-06-10,Техника,Москва,Потребитель,10.0,129.79,1297.9,759.69,538.21
10131,2023-12-16,Мебель,Санкт-Петербург,Мелкий опт,28.0,1179.12,33015.36,23185.72,9829.64
10132,2023-11-18,Канцелярия,Санкт-Петербург,Потребитель,19.0,277.26,5267.94,3524.64,1743.3
10133,2024-10-05,Дом и сад,Екатеринбург,Корпоратив,14.0,218.0,3052.0,1740.0,1312.0
10134,2024-03-28,Дом и сад,Самара,Потребитель,4.0,177.23,708.92,449.76,259.16
10135,2023-02-16,Канцелярия,Санкт-Петербург,Потребитель,16.0,138.05,2208.8,1676.25,532.55
10136,2024-01-31,Дом и сад,Санкт-Петербург,Потребитель,18.0,739.01,13302.18,7778.49,5523.69
10137,2023-03-17,Дом и сад,Санкт-Петербург,Корпоратив,6.0,111.7,670.2,506.48,163.72
10138,2024-07-04,Техника,Самара,Потребитель,3.0,849.25,2547.75,1728.54,819.21
10139,2023-02-08,Канцелярия,Москва,Корпоратив,40.0,219.32,8772.8,5685.43,3087.37
10140,2024-05-05,Канцелярия,Москва,Потребитель,2.0,232.87,465.74,339.83,125.91
10141,2024-02-25,Канцелярия,Санкт-Петербург,Потребитель,6.0,429.97,2579.82,2015.74,564.08
10142,2024-02-09,Дом и сад,Новосибирск,Корпоратив,1.0,141.0,141.0,89.14,51.86
10143,2023-05-08,Канцелярия,Екатеринбург,Потребитель,4.0,562.8,2251.2,1478.67,772.53
10144,2024-07-29,Дом и сад,Новосибирск,Потребитель,2.0,2141.74,4283.48,2945.96,1337.52
10145,2024-08-13,Техника,Санкт-Петербург,Корпоратив,17.0,211.74,3599.58,2313.81,1285.77
10146,2024-03-01,Техника,Москва,Мелкий опт,2.0,363.03,726.06,536.38,189.68
10147,2023-08-13,Канцелярия,Новосибирск,Потребитель,20.0,298.33,5966.6,3522.46,2444.14
10148,2023-10-25,Офис,Самара,Мелкий опт,5.0,208.71,1043.55,660.34,383.21
10149,2024-05-17,Канцелярия,Самара,Корпоратив,4.0,416.11,1664.44,1135.56,528.88
10150,2024-10-10,Офис,Москва,Корпоратив,28.0,628.22,17590.16,11062.82,6527.34
10151,2024-11-26,Канцелярия,Санкт-Петербург,Корпоратив,13.0,209.31,2721.03,1943.11,777.92
10152,2024-04-29,Дом и сад,Санкт-Петербург,Корпоратив,1.0,646.55,646.55,438.73,207.82
10153,2023-10-27,Офис,Новосибирск,Потребитель,12.0,660.91,7930.92,5562.18,2368.74
10154,2024-08-24,Техника,Самара,Потребитель,1.0,117.0,117.0,80.49,36.51
10155,2024-02-12,Мебель,Санкт-Петербург,Потребитель,6.0,439.96,2639.76,1907.26,732.5
10156,2024-04-01,Офис,Москва,Потребитель,17.0,1162.5,19762.5,15171.63,4590.87
10157,2024-08-23,Мебель,Санкт-Петербург,Корпоратив,5.0,2222.68,11113.4,8009.24,3104.16
10158,2024-11-08,Мебель,Новосибирск,Потребитель,19.0,301.43,5727.17,3281.27,2445.9
10159,2023-05-13,Техника,Екатеринбург,Потребитель,1.0,1417.61,1417.61,1032.45,385.16
10160,2023-04-19,Офис,Москва,Корпоратив,22.0,441.85,9720.7,5799.04,3921.66
10161,2024-07-15,Канцелярия,Самара,Потребитель,13.0,156.91,2039.83,1376.76,663.07
10162,2023-09-16,Дом и сад,Екатеринбург,Корпоратив,20.0,310.45,6209.0,4706.2,1502.8
10163,2024-01-11,Дом и сад,Москва,Потребитель,11.0,366.33,4029.63,2274.77,1754.86
10164,2024-05-31,Мебель,Санкт-Петербург,Мелкий опт,69.0,871.37,60124.53,44627.23,15497.3
10165,2023-01-31,Техника,Москва,Потребитель,8.0,186.25,1490.0,1118.54,371.46
10166,2024-05-06,Дом и сад,Санкт-Петербург,Корпоратив,0.0,321.26,0.0,0.0,0.0
10167,2023-08-22,Офис,Новосибирск,Корпоратив,6.0,673.43,4040.58,2824.44,1216.14
10168,2024-06-02,Дом и сад,Москва,Потребитель,35.0,343.28,12014.8,6821.44,5193.36
10169,2024-10-03,Мебель,Екатеринбург,Корпоратив,5.0,134.82,674.1,399.64,274.46
10170,2023-01-18,Канцелярия,Самара,Мелкий опт,22.0,758.95,16696.9,11920.14,4776.76
10171,2024-11-19,Дом и сад,Москва,Корпоратив,5.0,481.01,2405.05,1716.58,688.47
10172,2024-01-03,Дом и сад,Санкт-Петербург,Потребитель,5.0,330.94,1654.7,1122.26,532.44
10173,2024-05-11,Офис,Санкт-Петербург,Потребитель,6.0,453.77,2722.62,2073.28,649.34
10174,2024-04-28,Канцелярия,Москва,Корпоратив,4.0,435.91,1743.64,1157.09,586.55
10175,2024-06-08,Техника,Новосибирск,Корпоратив,14.0,555.13,7771.82,4949.13,2822.69
10176,2023-12-05,Дом и сад,Санкт-Петербург,Потребитель,2.0,436.81,873.62,506.33,367.29
10177,2023-12-14,Канцелярия,Санкт-Петербург,Мелкий опт,5.0,178.95,894.75,606.82,287.93
10178,2023-02-24,Офис,Самара,Потребитель,8.0,393.18,3145.44,1914.17,1231.27
10179,2024-07-11,Мебель,Санкт-Петербург,Потребитель,8.0,366.7,2933.6,1790.93,1142.67
10180,2024-08-14,Техника,Самара,Потребитель,4.0,282.71,-1.0,689.95,440.89
10181,2023-09-07,Офис,Москва,Корпоратив,21.0,100.11,2102.31,1402.17,700.14
10182,2024-09-03,Дом и сад,Екатеринбург,Мелкий опт,5.0,338.11,1690.55,1296.73,393.82
10183,2024-05-16,Мебель,Самара,Корпоратив,31.0,352.27,10920.37,8449.26,2471.11
10184,2023-10-01,Канцелярия,Санкт-Петербург,Потребитель,9.0,333.87,3004.83,2297.32,707.51
10185,2024-06-05,Дом и сад,Москва,Корпоратив,28.0,674.0,18872.0,13307.54,5564.46
10186,2024-01-30,Техника,Москва,Корпоратив,0.0,372.7,0.0,0.0,0.0
10187,2024-10-20,Канцелярия,Санкт-Петербург,Корпоратив,9.0,174.74,1572.66,929.88,642.78
10188,2023-02-07,Мебель,Санкт-Петербург,Корпоратив,4.0,250.89,1003.56,657.45,346.11
10189,2023-01-24,Дом и сад,Санкт-Петербург,Потребитель,11.0,210.51,2315.61,1776.73,538.88
10190,2024-07-03,Дом и сад,Самара,Потребитель,11.0,353.34,3886.74,2278.78,1607.96
10191,2024-04-11,Канцелярия,Самара,Потребитель,4.0,250.7,1002.8,639.9,362.9
10192,2023-06-27,Офис,Самара,Потребитель,3.0,567.88,1703.64,1205.89,497.75
10193,2023-04-17,Дом и сад,Екатеринбург,Корпоратив,2.0,379.13,758.26,450.25,308.01
10194,2024-01-14,Дом и сад,Самара,Корпоратив,0.0,163.11,0.0,0.0,0.0
10195,2024-09-07,Канцелярия,Новосибирск,Потребитель,23.0,540.3,12426.9,9174.69,3252.21
10196,2024-05-08,Офис,Самара,Корпоратив,3.0,828.21,2484.63,1580.48,904.15
10197,2023-08-29,Дом и сад,Самара,Мелкий опт,17.0,1107.88,18833.96,13170.59,5663.37
10198,2023-08-20,Офис,Новосибирск,Корпоратив,5.0,180.17,900.85,680.95,219.9
10199,2024-02-08,Техника,Новосибирск,Потребитель,5.0,770.69,3853.45,2727.72,1125.73
10200,2023-04-24,Дом и сад,Санкт-Петербург,Мелкий опт,32.0,831.55,26609.6,21157.75,5451.85
10201,2023-06-12,Офис,Санкт-Петербург,Потребитель,10.0,504.63,5046.3,3568.28,1478.02
10202,2023-09-24,Офис,Новосибирск,Потребитель,13.0,356.09,4629.17,3098.12,1531.05
10203,2024-11-07,Канцелярия,Москва,Потребитель,10.0,933.36,9333.6,6958.66,2374.94
10204,2024-05-12,Мебель,Москва,Потребитель,22.0,361.88,7961.36,5531.76,2429.6
10205,2023-11-13,Канцелярия,Санкт-Петербург,Потребитель,15.0,369.69,5545.35,3461.82,2083.53
10206,2023-04-14,Техника,Санкт-Петербург,Потребитель,15.0,467.62,7014.3,4786.48,2227.82
10207,2023-11-15,Дом и сад,Екатеринбург,Потребитель,23.0,175.74,4042.02,2485.56,1556.46
10208,2023-05-27,Мебель,Самара,Мелкий опт,7.0,302.33,2116.31,1276.21,840.1
10209,2023-08-04,Дом и сад,Новосибирск,Потребитель,2.0,145.88,291.76,221.0,70.76
10210,2023-06-11,Техника,Екатеринбург,Потребитель,3.0,564.43,1693.29,1317.41,375.88
10211,2024-06-11,Канцелярия,Санкт-Петербург,Потребитель,6.0,948.85,5693.1,4152.48,1540.62
10212,2023-12-17,Дом и сад,Москва,Мелкий опт,3.0,940.83,2822.49,2068.21,754.28
10213,2023-05-15,Офис,Екатеринбург,Мелкий опт,5.0,595.88,2979.4,1721.23,1258.17
10214,2023-02-09,Техника,Санкт-Петербург,Потребитель,6.0,563.52,3381.12,2361.97,1019.15
10215,2024-03-23,Техника,Самара,Корпоратив,3.0,127.09,381.27,233.89,147.38
10216,2024-07-15,Офис,Новосибирск,Потребитель,14.0,316.35,-1.0,2693.13,1735.77
10217,2023-12-04,Канцелярия,Новосибирск,Корпоратив,10.0,268.81,2688.1,2089.73,598.37
10218,2024-02-24,Канцелярия,Санкт-Петербург,Потребитель,12.0,178.97,2147.64,1675.5,472.14
10219,2023-02-20,Техника,Самара,Корпоратив,17.0,87.44,1486.48,1041.53,444.95
10220,2023-04-20,Мебель,Новосибирск,Мелкий опт,2.0,109.08,218.16,145.34,72.82
10221,2023-07-28,Канцелярия,Самара,Потребитель,2.0,1314.43,2628.86,1584.2,1044.66
10222,2023-06-28,Мебель,Самара,Мелкий опт,46.0,240.66,11070.36,8475.72,2594.64
10223,2024-05-14,Дом и сад,Москва,Потребитель,2.0,152.26,304.52,181.57,122.95
10224,2023-05-27,Офис,Новосибирск,Потребитель,7.0,397.37,2781.59,2110.99,670.6
10225,2024-11-29,Мебель,Санкт-Петербург,Мелкий опт,9.0,366.13,3295.17,2163.15,1132.02
10226,2023-10-10,Офис,Санкт-Петербург,Потребитель,5.0,388.35,1941.75,1274.41,667.34
10227,2024-07-17,Техника,Новосибирск,Корпоратив,16.0,1049.27,16788.32,12284.29,4504.03
10228,2024-05-22,Мебель,Новосибирск,Корпоратив,10.0,402.84,4028.4,3211.37,817.03
10229,2023-02-18,Канцелярия,Москва,Потребитель,,59.99,1259.79,785.84,473.95
10230,2024-10-12,Мебель,Новосибирск,Потребитель,5.0,542.68,2713.4,1891.08,822.32
10231,2023-05-04,Офис,Москва,Мелкий опт,7.0,218.22,1527.54,999.32,528.22
10232,2024-08-13,Техника,Москва,Потребитель,23.0,432.45,9946.35,5550.27,4396.08
10233,2024-09-11,Техника,Санкт-Петербург,Потребитель,12.0,304.26,3651.12,2045.92,1605.2
10234,2023-05-11,Техника,Новосибирск,Мелкий опт,8.0,249.52,1996.16,1503.16,493.0
10235,2024-12-13,Дом и сад,Москва,Корпоратив,5.0,804.62,4023.1,2250.96,1772.14
10236,2024-03-24,Офис,Екатеринбург,Потребитель,6.0,441.23,2647.38,2073.0,574.38
10237,2024-06-24,Канцелярия,Санкт-Петербург,Корпоратив,3.0,1126.75,3380.25,1989.95,1390.3
10238,2024-08-15,Дом и сад,Самара,Мелкий опт,7.0,1383.31,9683.17,6865.24,2817.93
10239,2024-08-21,Техника,Екатеринбург,Потребитель,4.0,2584.78,10339.12,6036.16,4302.96
10240,2023-09-15,Мебель,Москва,Потребитель,2.0,2346.3,4692.6,2704.49,1988.11
10241,2023-09-15,Мебель,Москва,Мелкий опт,5.0,484.05,2420.25,1626.43,793.82
10242,2023-05-19,Дом и сад,Москва,Потребитель,25.0,224.85,5621.25,4204.94,1416.31
10243,2023-09-10,Канцелярия,Екатеринбург,Потребитель,7.0,105.87,741.09,528.3,212.79
10244,2023-02-13,Техника,Екатеринбург,Потребитель,5.0,512.7,2563.5,1862.74,700.76
10245,2024-09-28,Офис,Москва,Потребитель,6.0,563.77,3382.62,2225.13,1157.49
10246,2023-07-05,Канцелярия,Москва,Потребитель,2.0,113.44,226.88,153.48,73.4
10247,2023-01-27,Офис,Санкт-Петербург,Потребитель,20.0,794.87,15897.4,11906.35,3991.05
10248,2023-09-06,Дом и сад,Екатеринбург,Мелкий опт,6.0,571.84,3431.04,1963.95,1467.09
10249,2023-11-15,Офис,Санкт-Петербург,Потребитель,3.0,998.3,2994.9,1862.83,1132.07
10250,2024-03-13,Техника,Екатеринбург,Корпоратив,6.0,624.9,3749.4,2687.52,1061.88
10251,2023-07-31,Дом и сад,Самара,Мелкий опт,5.0,1000.61,5003.05,3114.85,1888.2
10252,2023-10-28,Дом и сад,Санкт-Петербург,Потребитель,13.0,1508.04,19604.52,13441.44,6163.08
10253,2024-06-23,Техника,Самара,Потребитель,2.0,414.12,828.24,550.67,277.57
10254,2024-12-22,Мебель,Самара,Корпоратив,5.0,345.2,1726.0,997.07,728.93
10255,2024-05-13,Мебель,Екатеринбург,Корпоратив,10.0,945.95,9459.5,5742.45,3717.05
10256,2023-09-24,Дом и сад,Новосибирск,Корпоратив,9.0,1114.88,10033.92,6559.98,3473.94
10257,2024-09-27,Канцелярия,Москва,Потребитель,17.0,134.31,2283.27,1773.9,509.37
10258,2023-11-15,Дом и сад,Санкт-Петербург,Потребитель,2.0,303.26,606.52,437.21,169.31
10259,2024-01-09,Техника,Самара,Потребитель,25.0,611.12,15278.0,10602.65,4675.35
10260,2024-02-03,Техника,Новосибирск,Потребитель,13.0,829.34,10781.42,7428.49,3352.93
10261,2023-01-22,Дом и сад,Москва,Потребитель,10.0,142.42,1424.2,1084.16,340.04
10262,2024-06-09,Канцелярия,Екатеринбург,Корпоратив,68.0,2309.33,157034.44,101068.12,55966.32
10263,2024-05-10,Канцелярия,Самара,Корпоратив,50.0,185.57,9278.5,6355.54,2922.96
10264,2024-06-09,Техника,Санкт-Петербург,Корпоратив,5.0,699.28,3496.4,2675.59,820.81
10265,2024-04-08,Офис,Самара,Потребитель,3.0,512.82,1538.46,968.17,570.29
10266,2023-01-19,Канцелярия,Санкт-Петербург,Потребитель,14.0,114.35,1600.9,1004.01,596.89
10267,2024-11-17,Мебель,Самара,Потребитель,57.0,120.34,6859.38,4035.54,2823.84
10268,2024-02-04,Канцелярия,Самара,Корпоратив,6.0,750.83,4504.98,3319.5,1185.48
10269,2023-08-12,Дом и сад,Санкт-Петербург,Потребитель,3.0,520.22,1560.66,1034.66,526.0
10270,2023-09-22,Офис,Екатеринбург,Мелкий опт,53.0,701.43,37175.79,28700.1,8475.69
10271,2024-01-24,Дом и сад,Екатеринбург,Потребитель,8.0,2063.46,16507.68,9655.05,6852.63
10272,2023-03-20,Мебель,Москва,Потребитель,1.0,715.63,715.63,558.84,156.79
10273,2023-07-24,Техника,Санкт-Петербург,Мелкий опт,29.0,549.14,15925.06,12642.11,3282.95
10274,2024-05-05,Техника,Санкт-Петербург,Потребитель,9.0,404.64,3641.76,2273.44,1368.32
10275,2024-01-20,Дом и сад,Москва,Потребитель,5.0,100.78,503.9,387.54,116.36
10276,2023-02-18,Офис,Екатеринбург,Потребитель,26.0,188.81,4909.06,3599.28,1309.78
10277,2023-08-22,Офис,Санкт-Петербург,Потребитель,2.0,182.8,365.6,254.23,111.37
10278,2024-09-20,Офис,Екатеринбург,Потребитель,6.0,160.55,963.3,606.46,356.84
10279,2024-02-13,Дом и сад,Екатеринбург,Корпоратив,30.0,252.87,7586.1,4460.24,3125.86
10280,2023-04-13,Офис,Екатеринбург,Потребитель,38.0,410.06,15582.28,10069.47,5512.81
10281,2024-10-16,Дом и сад,Санкт-Петербург,Корпоратив,2.0,439.51,879.02,580.37,298.65
10282,2024-09-03,Офис,Екатеринбург,Потребитель,18.0,894.54,16101.72,9990.69,6111.03
10283,2024-10-21,Техника,Екатеринбург,Потребитель,2.0,1122.01,2244.02,1792.22,451.8
10284,2023-05-28,Техника,Новосибирск,Мелкий опт,15.0,746.35,11195.25,7256.72,3938.53
10285,2024-10-08,Канцелярия,Екатеринбург,Потребитель,20.0,182.37,3647.4,2127.55,1519.85
10286,2023-05-03,Техника,Москва,Потребитель,10.0,1406.53,14065.3,10069.25,3996.05
10287,2023-03-08,Техника,Самара,Корпоратив,3.0,1671.7,5015.1,3383.52,1631.58
10288,2023-11-12,Дом и сад,Самара,Мелкий опт,3.0,546.03,1638.09,1024.5,613.59
10289,2023-03-14,Офис,Новосибирск,Корпоратив,20.0,1300.5,26010.0,16332.02,9677.98
10290,2023-05-19,Канцелярия,Москва,Потребитель,4.0,245.51,982.04,634.89,347.15
10291,2024-06-09,Канцелярия,Санкт-Петербург,Потребитель,15.0,596.16,8942.4,6221.57,2720.83
10292,2023-05-27,Техника,Новосибирск,Потребитель,22.0,828.48,18226.56,13131.21,5095.35
10293,2024-07-23,Офис,Новосибирск,Корпоратив,3.0,663.54,1990.62,1568.63,421.99
10294,2024-02-28,Офис,Москва,Потребитель,14.0,300.64,4208.96,2972.27,1236.69
10295,2024-11-06,Офис,Самара,Мелкий опт,4.0,246.94,987.76,590.29,397.47
10296,2023-02-22,Канцелярия,Москва,Корпоратив,7.0,134.07,938.49,749.14,189.35
10297,2024-07-16,Дом и сад,Екатеринбург,Мелкий опт,5.0,99.2,496.0,390.71,105.29
10298,2023-01-10,Офис,Москва,Корпоратив,44.0,181.19,7972.36,6030.98,1941.38
10299,2024-04-22,Канцелярия,Екатеринбург,Корпоратив,10.0,128.11,1281.1,963.64,317.46
10300,2023-10-28,Мебель,Санкт-Петербург,Потребитель,22.0,265.45,5839.9,4262.71,1577.19
10301,2023-05-20,Техника,Санкт-Петербург,Мелкий опт,7.0,318.63,2230.41,1593.6,636.81
10302,2023-02-03,Канцелярия,Новосибирск,Корпоратив,14.0,195.03,2730.42,1979.62,750.8
10303,2024-02-14,Офис,Новосибирск,Корпоратив,8.0,96.77,774.16,501.27,272.89
10304,2023-09-06,Мебель,Москва,Потребитель,19.0,1130.8,21485.2,16947.45,4537.75
10305,2024-12-23,Мебель,Новосибирск,Корпоратив,6.0,515.88,3095.28,2082.02,1013.26
10306,2023-03-12,Канцелярия,Екатеринбург,Потребитель,25.0,438.41,10960.25,7785.15,3175.1
10307,2023-01-14,Канцелярия,Москва,Потребитель,18.0,346.46,6236.28,4629.08,1607.2
10308,2024-07-26,Офис,Екатеринбург,Корпоратив,8.0,263.7,2109.6,1540.49,569.11
10309,2023-01-23,Офис,Санкт-Петербург,Мелкий опт,40.0,264.01,10560.4,6331.41,4228.99
10310,2023-08-19,Дом и сад,Екатеринбург,Потребитель,8.0,1262.97,10103.76,6712.2,3391.56
10311,2024-06-27,Канцелярия,Самара,Мелкий опт,2.0,171.16,342.32,201.19,141.13
10312,2024-08-21,Мебель,Новосибирск,Потребитель,10.0,416.17,4161.7,3056.57,1105.13
10313,2023-12-11,Канцелярия,Екатеринбург,Мелкий опт,7.0,788.14,5516.98,3835.35,1681.63
10314,2023-06-08,Канцелярия,Самара,Потребитель,13.0,452.39,5881.07,4265.35,1615.72
10315,2024-04-19,Канцелярия,Самара,Корпоратив,3.0,322.18,966.54,705.15,261.39
10316,2024-12-01,Канцелярия,Самара,Корпоратив,23.0,392.4,9025.2,6442.66,2582.54
10317,2023-10-31,Канцелярия,Новосибирск,Потребитель,15.0,1293.67,19405.05,15324.67,4080.38
10318,2024-07-19,Дом и сад,Екатеринбург,Потребитель,16.0,821.02,13136.32,9337.6,3798.72
10319,2024-02-12,Мебель,Екатеринбург,Корпоратив,13.0,472.19,6138.47,3833.84,2304.63
10320,2023-09-22,Канцелярия,Москва,Мелкий опт,33.0,261.87,8641.71,6132.28,2509.43
10321,2023-11-27,Дом и сад,Москва,Корпоратив,9.0,374.58,3371.22,2161.05,1210.17
10322,2024-10-12,Дом и сад,Санкт-Петербург,Потребитель,14.0,127.16,1780.24,1274.0,506.24
10323,2023-07-17,Дом и сад,Самара,Корпоратив,15.0,971.27,14569.05,10253.12,4315.93
10324,2023-12-06,Дом и сад,Екатеринбург,Корпоратив,2.0,813.83,1627.66,1029.87,597.79
10325,2023-04-27,Офис,Москва,Потребитель,2.0,235.11,470.22,343.07,127.15
10326,2023-07-11,Дом и сад,Самара,Корпоратив,18.0,141.19,2541.42,1861.47,679.95
10327,2023-01-01,Канцелярия,Самара,Потребитель,0.0,1806.63,0.0,0.0,0.0
10328,2023-07-19,Дом и сад,Новосибирск,Потребитель,9.0,256.29,2306.61,1496.39,810.22
10329,2023-11-01,Техника,Екатеринбург,Корпоратив,13.0,299.37,3891.81,2682.21,1209.6
10330,2023-08-28,Техника,Москва,Мелкий опт,28.0,397.61,11133.08,8819.46,2313.62
10331,2023-07-03,Техника,Москва,Корпоратив,20.0,156.89,3137.8,2132.05,1005.75
10332,2024-09-03,Мебель,Самара,Мелкий опт,35.0,98.78,3457.3,2601.81,855.49
10333,2024-08-10,Дом и сад,Санкт-Петербург,Мелкий опт,18.0,374.24,6736.32,4833.41,1902.91
10334,2023-11-08,Офис,Новосибирск,Мелкий опт,20.0,463.38,9267.6,5757.21,3510.39
10335,2023-01-29,Офис,Екатеринбург,Потребитель,3.0,373.78,1121.34,766.24,355.1
10336,2023-05-18,Мебель,Екатеринбург,Корпоратив,10.0,727.51,7275.1,5461.44,1813.66
10337,2024-01-30,Канцелярия,Самара,Корпоратив,9.0,152.52,1372.68,977.08,395.6
10338,2024-02-13,Офис,Самара,Мелкий опт,4.0,690.31,2761.24,1576.0,1185.24
10339,2024-10-08,Канцелярия,Екатеринбург,Потребитель,29.0,1550.66,44969.14,27923.53,17045.61
10340,2023-06-17,Дом и сад,Москва,Потребитель,6.0,270.69,1624.14,1292.38,331.76
10341,2023-04-09,Канцелярия,Санкт-Петербург,Мелкий опт,15.0,1659.5,24892.5,15253.14,9639.36
10342,2023-02-12,Канцелярия,Санкт-Петербург,Потребитель,2.0,1408.24,2816.48,1947.44,869.04
10343,2024-01-18,Дом и сад,Екатеринбург,Потребитель,16.0,1175.03,18800.48,12177.63,6622.85
10344,2024-07-29,Офис,Москва,Потребитель,25.0,430.83,10770.75,7229.04,3541.71
10345,2024-04-13,Техника,Москва,Потребитель,5.0,738.64,3693.2,2403.07,1290.13
10346,2023-06-30,Техника,Екатеринбург,Корпоратив,19.0,389.46,7399.74,4240.66,3159.08
10347,2023-12-21,Техника,Самара,Корпоратив,23.0,430.0,9890.0,6472.7,3417.3
10348,2024-07-02,Канцелярия,Самара,Корпоратив,11.0,251.39,2765.29,1573.43,1191.86
10349,2024-01-21,Офис,Санкт-Петербург,Потребитель,22.0,515.19,11334.18,6856.39,4477.79
10350,2023-02-24,Офис,Санкт-Петербург,Потребитель,7.0,628.28,4397.96,2936.77,1461.19
10351,2024-08-14,Мебель,Самара,Мелкий опт,3.0,150.82,452.46,250.77,201.69
10352,2023-01-26,Мебель,Санкт-Петербург,Потребитель,23.0,204.59,4705.57,2737.65,1967.92
10353,2024-10-05,Канцелярия,Самара,Потребитель,7.0,299.94,2099.58,1494.34,605.24
10354,2024-10-08,Канцелярия,Санкт-Петербург,Потребитель,3.0,817.32,2451.96,1815.26,636.7
10355,2023-11-19,Дом и сад,Екатеринбург,Потребитель,10.0,279.85,2798.5,1592.66,1205.84
10356,2023-10-21,Техника,Новосибирск,Мелкий опт,22.0,470.51,10351.22,7770.18,2581.04
10357,2023-04-16,Офис,Екатеринбург,Корпоратив,21.0,744.57,15635.97,10365.9,5270.07
10358,2024-09-04,Дом и сад,Санкт-Петербург,Потребитель,3.0,359.88,1079.64,644.32,435.32
10359,2023-01-14,Техника,Новосибирск,Мелкий опт,15.0,669.48,10042.2,6449.38,3592.82
10360,2024-07-12,Техника,Новосибирск,Корпоратив,6.0,152.55,915.3,612.96,302.34
10361,2024-08-17,Канцелярия,Санкт-Петербург,Потребитель,3.0,464.24,1392.72,1018.15,374.57
10362,2023-02-04,Дом и сад,Екатеринбург,Потребитель,0.0,331.56,0.0,0.0,0.0
10363,2023-06-15,Дом и сад,Новосибирск,Мелкий опт,8.0,284.5,2276.0,1470.22,805.78
10364,2023-02-28,Мебель,Самара,Потребитель,17.0,469.24,7977.08,6228.32,1748.76
10365,2023-12-06,Канцелярия,Новосибирск,Потребитель,,284.41,284.41,220.03,64.38
10366,2024-08-08,Дом и сад,Самара,Потребитель,11.0,372.48,4097.28,2992.25,1105.03
10367,2023-09-08,Офис,Новосибирск,Потребитель,1.0,254.48,254.48,198.66,55.82
10368,2023-02-10,Мебель,Москва,Корпоратив,14.0,1017.53,14245.42,10086.79,4158.63
10369,2023-11-14,Канцелярия,Санкт-Петербург,Корпоратив,5.0,487.06,2435.3,1441.33,993.97
10370,2024-06-17,Техника,Екатеринбург,Корпоратив,6.0,1038.87,6233.22,3504.16,2729.06
10371,2023-10-29,Техника,Екатеринбург,Потребитель,4.0,691.94,2767.76,1652.19,1115.57
10372,2023-09-17,Канцелярия,Новосибирск,Потребитель,35.0,143.36,5017.6,3098.04,1919.56
10373,2024-07-01,Канцелярия,Самара,Потребитель,5.0,265.58,1327.9,1032.65,295.25
10374,2024-05-25,Техника,Москва,Корпоратив,7.0,506.78,3547.46,2356.26,1191.2
10375,2023-04-30,Дом и сад,Санкт-Петербург,Корпоратив,12.0,168.33,2019.96,1449.36,570.6
10376,2024-01-18,Офис,Самара,Мелкий опт,16.0,197.13,3154.08,2360.03,794.05
10377,2024-06-26,Канцелярия,Москва,Корпоратив,53.0,856.7,45405.1,28142.17,17262.93
10378,2024-12-12,Офис,Москва,Потребитель,21.0,452.94,9511.74,7355.56,2156.18
10379,2023-07-14,Канцелярия,Москва,Потребитель,3.0,59.87,179.61,141.29,38.32
10380,2024-11-11,Канцелярия,Екатеринбург,Потребитель,4.0,573.02,2292.08,1565.23,726.85
10381,2023-08-09,Канцелярия,Новосибирск,Корпоратив,3.0,79.63,238.89,142.76,96.13
10382,2023-04-26,Дом и сад,Новосибирск,Потребитель,8.0,597.63,4781.04,3367.61,1413.43
10383,2024-10-08,Офис,Самара,Корпоратив,7.0,456.61,3196.27,1961.08,1235.19
10384,2023-02-28,Офис,Санкт-Петербург,Мелкий опт,5.0,201.47,1007.35,558.65,448.7
10385,2023-03-02,Офис,Москва,Потребитель,15.0,329.76,4946.4,3250.39,1696.01
10386,2023-06-06,Техника,Санкт-Петербург,Потребитель,9.0,338.42,3045.78,2364.2,681.58
10387,2024-06-26,Техника,Самара,Потребитель,4.0,101.08,404.32,290.87,113.45
10388,2023-10-07,Офис,Москва,Потребитель,16.0,772.67,12362.72,8799.76,3562.96
10389,2024-07-05,Дом и сад,Новосибирск,Корпоратив,11.0,58.38,642.18,489.59,152.59
10390,2024-07-22,Офис,Москва,Потребитель,10.0,1601.21,16012.1,11330.16,4681.94
10391,2024-06-05,Техника,Екатеринбург,Потребитель,4.0,810.66,3242.64,2101.76,1140.88
10392,2024-04-25,Дом и сад,Самара,Корпоратив,30.0,419.76,12592.8,8389.62,4203.18
10393,2024-06-21,Мебель,Москва,Мелкий опт,11.0,430.11,4731.21,2676.1,2055.11
10394,2023-03-24,Мебель,Самара,Потребитель,3.0,479.21,1437.63,981.99,455.64
10395,2024-12-15,Дом и сад,Санкт-Петербург,Корпоратив,42.0,79.04,3319.68,2292.33,1027.35
10396,2024-03-11,Дом и сад,Самара,Потребитель,4.0,280.64,1122.56,696.03,426.53
10397,2023-02-16,Дом и сад,Екатеринбург,Потребитель,11.0,683.96,7523.56,5980.54,1543.02
10398,2023-03-25,Дом и сад,Екатеринбург,Потребитель,39.0,164.86,6429.54,4069.55,2359.99
10399,2023-01-12,Офис,Новосибирск,Корпоратив,36.0,146.11,5259.96,3863.57,1396.39
10400,2023-05-25,Техника,Екатеринбург,Мелкий опт,3.0,2307.44,6922.32,4440.37,2481.95
10401,2023-01-17,Техника,Новосибирск,Корпоратив,21.0,444.74,9339.54,6512.25,2827.29
10402,2023-09-08,Офис,Москва,Потребитель,13.0,920.05,11960.65,6995.43,4965.22
10403,2024-08-23,Офис,Новосибирск,Потребитель,6.0,439.48,2636.88,1499.57,1137.31
10404,2023-11-02,Канцелярия,Новосибирск,Корпоратив,4.0,283.9,1135.6,894.51,241.09
10405,2023-06-05,Офис,Екатеринбург,Потребитель,2.0,244.38,488.76,274.31,214.45
10406,2023-07-18,Офис,Новосибирск,Корпоратив,41.0,814.22,33383.02,26209.63,7173.39
10407,2024-12-18,Мебель,Москва,Потребитель,7.0,139.97,979.79,645.48,334.31
10408,2024-01-14,Дом и сад,Новосибирск,Корпоратив,12.0,223.1,2677.2,1921.85,755.35
10409,2023-09-10,Дом и сад,Москва,Мелкий опт,4.0,398.12,1592.48,1020.98,571.5
10410,2023-10-09,Канцелярия,Москва,Потребитель,5.0,497.74,2488.7,1951.75,536.95
10411,2024-02-05,Мебель,Новосибирск,Мелкий опт,5.0,261.1,1305.5,812.04,493.46
10412,2024-02-12,Дом и сад,Москва,Корпоратив,2.0,432.46,864.92,683.12,181.8
10413,2024-07-24,Офис,Москва,Потребитель,10.0,371.22,3712.2,2395.37,1316.83
10414,2023-08-24,Офис,Санкт-Петербург,Корпоратив,14.0,645.9,9042.6,6763.1,2279.5
10415,2023-09-18,Мебель,Москва,Корпоратив,5.0,453.44,2267.2,1296.37,970.83
10416,2023-11-28,Дом и сад,Самара,Корпоратив,20.0,646.06,12921.2,10248.29,2672.91
10417,2024-10-19,Дом и сад,Новосибирск,Мелкий опт,43.0,726.3,31230.9,20863.37,10367.53
10418,2024-07-20,Техника,Самара,Потребитель,2.0,559.79,1119.58,776.13,343.45
10419,2024-12-23,Офис,Санкт-Петербург,Потребитель,4.0,828.25,3313.0,2646.28,666.72
10420,2024-02-01,Мебель,Самара,Потребитель,41.0,448.48,18387.68,12200.09,6187.59
10421,2023-01-02,Офис,Санкт-Петербург,Потребитель,6.0,453.88,2723.28,2151.9,571.38
10422,2023-04-14,Офис,Санкт-Петербург,Мелкий опт,35.0,835.29,29235.15,22453.55,6781.6
10423,2024-07-06,Офис,Новосибирск,Корпоратив,17.0,406.42,6909.14,3944.11,2965.03
10424,2024-09-30,Техника,Новосибирск,Потребитель,47.0,289.85,13622.95,9187.36,4435.59
10425,2023-01-07,Мебель,Екатеринбург,Потребитель,7.0,129.57,906.99,536.34,370.65
10426,2024-09-14,Офис,Новосибирск,Потребитель,42.0,179.93,7557.06,5458.39,2098.67
10427,2023-04-05,Техника,Москва,Потребитель,14.0,195.05,2730.7,1620.3,1110.4
10428,2023-08-29,Канцелярия,Новосибирск,Потребитель,17.0,624.61,10618.37,8474.59,2143.78
10429,2023-10-26,Техника,Санкт-Петербург,Потребитель,46.0,592.76,27266.96,21199.24,6067.72
10430,2023-03-31,Канцелярия,Новосибирск,Мелкий опт,26.0,419.6,10909.6,6495.59,4414.01
10431,2023-01-01,Дом и сад,Новосибирск,Корпоратив,4.0,1107.59,4430.36,3115.11,1315.25
10432,2023-09-20,Офис,Самара,Потребитель,1.0,692.96,692.96,509.83,183.13
10433,2023-01-25,Офис,Самара,Потребитель,14.0,135.39,1895.46,1049.05,846.41
10434,2024-06-14,Мебель,Новосибирск,Корпоратив,3.0,1501.7,4505.1,3327.85,1177.25
10435,2023-11-27,Офис,Москва,Мелкий опт,39.0,545.76,21284.64,15919.63,5365.01
10436,2023-11-24,Канцелярия,Санкт-Петербург,Потребитель,5.0,353.96,1769.8,1117.84,651.96
10437,2023-04-12,Техника,Самара,Потребитель,8.0,425.06,3400.48,2028.1,1372.38
10438,2023-07-24,Офис,Самара,Потребитель,23.0,385.51,8866.73,5989.92,2876.81
10439,2024-01-02,Дом и сад,Москва,Корпоратив,4.0,133.09,532.36,297.06,235.3
10440,2023-08-25,Офис,Самара,Потребитель,25.0,374.58,9364.5,5312.04,4052.46
10441,2023-06-16,Офис,Новосибирск,Корпоратив,4.0,291.46,1165.84,883.87,281.97
10442,2024-08-15,Канцелярия,Санкт-Петербург,Потребитель,31.0,690.64,21409.84,16683.71,4726.13
10443,2024-05-23,Офис,Екатеринбург,Корпоратив,4.0,1189.17,4756.68,3583.76,1172.92
10444,2024-07-26,Канцелярия,Самара,Корпоратив,9.0,395.89,3563.01,2070.91,1492.1
10445,2024-07-12,Дом и сад,Новосибирск,Мелкий опт,15.0,423.76,6356.4,3515.41,2840.99
10446,2024-04-20,Канцелярия,Екатеринбург,Потребитель,11.0,212.35,2335.85,1660.3,675.55
10447,2024-10-18,Дом и сад,Самара,Мелкий опт,7.0,634.89,4444.23,3516.3,927.93
10448,2023-05-30,Канцелярия,Новосибирск,Потребитель,2.0,237.98,475.96,265.23,210.73
10449,2024-08-16,Техника,Новосибирск,Мелкий опт,16.0,506.42,8102.72,5174.31,2928.41
10450,2023-04-11,Техника,Самара,Корпоратив,8.0,207.64,1661.12,971.8,689.32
10451,2024-05-02,Офис,Екатеринбург,Мелкий опт,13.0,197.71,2570.23,1926.94,643.29
10452,2024-08-21,Канцелярия,Новосибирск,Потребитель,1.0,570.12,570.12,423.96,146.16
10453,2024-11-03,Дом и сад,Екатеринбург,Мелкий опт,3.0,157.2,471.6,302.03,169.57
10454,2024-10-13,Офис,Москва,Потребитель,33.0,536.67,17710.11,13672.78,4037.33
10455,2023-08-25,Офис,Москва,Потребитель,2.0,1225.27,2450.54,1447.27,1003.27
10456,2024-11-29,Техника,Екатеринбург,Потребитель,24.0,325.6,7814.4,4496.09,3318.31
10457,2024-01-09,Офис,Самара,Мелкий опт,16.0,416.14,6658.24,4338.76,2319.48
10458,2024-09-02,Техника,Новосибирск,Потребитель,2.0,1139.86,2279.72,1692.44,587.28
10459,2023-08-07,Дом и сад,Самара,Потребитель,3.0,260.5,781.5,476.83,304.67
10460,2024-05-19,Техника,Новосибирск,Потребитель,20.0,724.37,14487.4,8166.29,6321.11
10461,2023-09-04,Офис,Санкт-Петербург,Корпоратив,15.0,911.2,13668.0,8903.0,4765.0
10462,2024-06-16,Офис,Санкт-Петербург,Корпоратив,27.0,71.12,1920.24,1247.31,672.93
10463,2023-09-29,Техника,Екатеринбург,Потребитель,16.0,496.24,7939.84,4715.03,3224.81
10464,2024-09-27,Офис,Новосибирск,Потребитель,5.0,300.53,1502.65,950.42,552.23
10465,2024-11-29,Канцелярия,Санкт-Петербург,Мелкий опт,15.0,300.21,4503.15,3377.3,1125.85
10466,2024-09-14,Дом и сад,Москва,Мелкий опт,6.0,454.07,2724.42,1807.17,917.25
10467,2024-04-03,Канцелярия,Самара,Потребитель,20.0,782.55,15651.0,8783.79,6867.21
10468,2023-04-09,Мебель,Москва,Потребитель,5.0,682.45,3412.25,2347.46,1064.79
10469,2024-06-28,Дом и сад,Москва,Потребитель,2.0,843.7,1687.4,988.45,698.95
10470,2023-09-20,Дом и сад,Екатеринбург,Потребитель,12.0,290.0,-1.0,2046.36,1433.64
10471,2024-11-11,Канцелярия,Санкт-Петербург,Мелкий опт,3.0,1647.44,4942.32,3154.72,1787.6
10472,2023-12-11,Техника,Санкт-Петербург,Потребитель,3.0,645.38,1936.14,1275.75,660.39
10473,2024-01-30,Техника,Новосибирск,Мелкий опт,9.0,222.12,1999.08,1418.66,580.42
10474,2024-08-28,Канцелярия,Самара,Корпоратив,6.0,262.18,1573.08,1208.91,364.17
10475,2024-09-17,Дом и сад,Санкт-Петербург,Корпоратив,10.0,769.85,7698.5,4458.02,3240.48
10476,2024-06-16,Дом и сад,Екатеринбург,Потребитель,4.0,284.72,1138.88,690.08,448.8
10477,2023-12-22,Офис,Самара,Корпоратив,2.0,214.71,429.42,316.14,113.28
10478,2023-12-16,Дом и сад,Санкт-Петербург,Потребитель,12.0,223.67,2684.04,1907.77,776.27
10479,2024-07-09,Техника,Екатеринбург,Корпоратив,13.0,1117.72,14530.36,10483.25,4047.11
10480,2024-02-28,Офис,Самара,Потребитель,,180.97,723.88,472.07,251.81
10481,2024-05-31,Техника,Санкт-Петербург,Потребитель,8.0,148.71,1189.68,687.11,502.57
10482,2024-03-29,Офис,Самара,Корпоратив,17.0,1682.6,28604.2,16236.63,12367.57
10483,2024-06-01,Офис,Москва,Потребитель,6.0,297.56,1785.36,1034.12,751.24
10484,2023-07-25,Техника,Екатеринбург,Корпоратив,2.0,510.09,1020.18,721.55,298.63
10485,2023-04-19,Офис,Москва,Потребитель,4.0,757.78,-1.0,1948.64,1082.48
10486,2023-10-17,Техника,Москва,Потребитель,2.0,204.55,409.1,261.92,147.18
10487,2023-03-12,Офис,Самара,Потребитель,44.0,384.76,16929.44,11433.66,5495.78
10488,2023-04-27,Офис,Новосибирск,Корпоратив,19.0,1730.43,32878.17,20208.41,12669.76
10489,2024-11-08,Техника,Москва,Потребитель,4.0,341.17,1364.68,1005.18,359.5
10490,2024-07-05,Мебель,Санкт-Петербург,Потребитель,5.0,373.09,1865.45,1303.45,562.0
10491,2023-11-30,Дом и сад,Екатеринбург,Потребитель,10.0,1103.54,11035.4,7683.79,3351.61
10492,2023-03-24,Дом и сад,Санкт-Петербург,Потребитель,13.0,414.74,5391.62,2992.09,2399.53
10493,2023-05-22,Дом и сад,Москва,Потребитель,6.0,934.35,5606.1,3368.83,2237.27
10494,2023-09-12,Мебель,Москва,Корпоратив,42.0,333.45,14004.9,9901.5,4103.4
10495,2023-07-14,Офис,Новосибирск,Потребитель,13.0,1185.0,15405.0,8525.54,6879.46
10496,2024-12-01,Канцелярия,Москва,Корпоратив,2.0,1019.57,2039.14,1310.02,729.12
10497,2023-02-22,Дом и сад,Новосибирск,Корпоратив,32.0,231.53,7408.96,4413.91,2995.05
10498,2023-09-21,Техника,Екатеринбург,Потребитель,3.0,1206.07,3618.21,2075.44,1542.77
10499,2023-07-20,Офис,Екатеринбург,Мелкий опт,3.0,142.37,427.11,284.04,143.07
10500,2023-02-20,Канцелярия,Санкт-Петербург,Потребитель,8.0,443.04,3544.32,2254.14,1290.18
10501,2024-11-22,Техника,Москва,Корпоратив,12.0,398.85,4786.2,3813.91,972.29
10502,2023-06-30,Офис,Санкт-Петербург,Потребитель,7.0,501.93,3513.51,2664.17,849.34
10503,2024-06-10,Канцелярия,Санкт-Петербург,Потребитель,6.0,278.82,1672.92,1299.46,373.46
10504,2023-06-29,Дом и сад,Новосибирск,Корпоратив,12.0,702.25,8427.0,4786.93,3640.07
10505,2024-01-14,Техника,Москва,Корпоратив,6.0,1010.37,6062.22,3757.79,2304.43
10506,2023-10-05,Дом и сад,Москва,Корпоратив,3.0,201.64,604.92,406.68,198.24
10507,2024-06-17,Канцелярия,Екатеринбург,Корпоратив,10.0,1491.76,14917.6,10618.2,4299.4
10508,2023-04-17,Дом и сад,Самара,Потребитель,25.0,221.4,5535.0,3562.78,1972.22
10509,2024-04-27,Офис,Москва,Потребитель,21.0,958.22,20122.62,15530.4,4592.22
10510,2024-03-21,Техника,Москва,Потребитель,5.0,137.34,686.7,428.94,257.76
10511,2024-02-23,Дом и сад,Москва,Потребитель,16.0,81.94,1311.04,1036.11,274.93
10512,2024-01-23,Офис,Москва,Корпоратив,1.0,616.11,616.11,489.36,126.75
10513,2024-05-24,Мебель,Новосибирск,Корпоратив,8.0,241.09,1928.72,1219.94,708.78
10514,2023-02-27,Дом и сад,Екатеринбург,Потребитель,3.0,420.55,1261.65,894.75,366.9
10515,2023-09-24,Мебель,Екатеринбург,Потребитель,26.0,745.16,19374.16,11742.63,7631.53
10516,2023-08-16,Офис,Самара,Корпоратив,10.0,1318.43,13184.3,10430.12,2754.18
10517,2024-06-17,Мебель,Самара,Мелкий опт,4.0,394.48,1577.92,1230.16,347.76
10518,2024-03-30,Техника,Новосибирск,Корпоратив,5.0,1040.42,5202.1,4116.01,1086.09
10519,2023-05-07,Техника,Самара,Потребитель,10.0,484.4,4844.0,3350.97,1493.03
10520,2024-04-28,Канцелярия,Самара,Потребитель,7.0,182.03,1274.21,719.09,555.12
10521,2023-07-28,Канцелярия,Санкт-Петербург,Корпоратив,3.0,226.38,679.14,378.5,300.64
10522,2023-02-09,Канцелярия,Самара,Корпоратив,3.0,333.74,1001.22,754.45,246.77
10523,2023-02-04,Канцелярия,Санкт-Петербург,Мелкий опт,13.0,350.95,4562.35,2731.0,1831.35
10524,2023-03-16,Дом и сад,Самара,Корпоратив,4.0,204.1,816.4,489.62,326.78
10525,2023-02-04,Дом и сад,Москва,Потребитель,3.0,413.48,1240.44,915.68,324.76
10526,2024-08-23,Дом и сад,Новосибирск,Корпоратив,4.0,123.85,495.4,303.31,192.09
10527,2024-04-03,Техника,Новосибирск,Потребитель,23.0,104.98,2414.54,1328.91,1085.63
10528,2024-08-07,Техника,Новосибирск,Потребитель,13.0,442.05,5746.65,3939.16,1807.49
10529,2023-06-12,Канцелярия,Самара,Потребитель,19.0,423.97,8055.43,4586.29,3469.14
10530,2023-12-01,Офис,Новосибирск,Потребитель,1.0,761.95,761.95,534.01,227.94
10531,2024-07-27,Дом и сад,Новосибирск,Потребитель,3.0,416.62,1249.86,690.14,559.72
10532,2024-03-18,Офис,Самара,Корпоратив,4.0,853.19,3412.76,2171.75,1241.01
10533,2024-03-29,Мебель,Самара,Потребитель,11.0,1201.45,13215.95,10295.61,2920.34
10534,2023-08-25,Дом и сад,Москва,Корпоратив,16.0,323.81,5180.96,3215.21,1965.75
10535,2023-04-10,Офис,Москва,Потребитель,8.0,3097.42,24779.36,15119.76,9659.6
10536,2024-06-12,Дом и сад,Самара,Мелкий опт,28.0,279.14,7815.92,4864.47,2951.45
10537,2023-12-09,Канцелярия,Санкт-Петербург,Потребитель,10.0,116.43,1164.3,700.09,464.21
10538,2023-08-31,Канцелярия,Санкт-Петербург,Потребитель,4.0,356.92,1427.68,1031.84,395.84
10539,2024-04-26,Канцелярия,Санкт-Петербург,Корпоратив,20.0,991.81,19836.2,11419.71,8416.49
10540,2023-01-12,Офис,Новосибирск,Корпоратив,4.0,1039.07,4156.28,3269.8,886.48
10541,2023-03-11,Офис,Москва,Корпоратив,7.0,412.96,2890.72,1765.86,1124.86
10542,2023-12-04,Дом и сад,Санкт-Петербург,Корпоратив,12.0,1378.95,16547.4,10960.49,5586.91
10543,2023-12-17,Дом и сад,Самара,Потребитель,1.0,145.85,145.85,88.05,57.8
10544,2023-12-06,Техника,Самара,Потребитель,13.0,957.07,12441.91,7991.15,4450.76
10545,2024-01-07,Канцелярия,Новосибирск,Потребитель,1.0,354.62,354.62,221.43,133.19
10546,2024-01-09,Техника,Самара,Мелкий опт,6.0,551.96,3311.76,2002.98,1308.78
10547,2024-09-07,Техника,Москва,Корпоратив,2.0,362.71,725.42,550.63,174.79
10548,2023-03-28,Дом и сад,Санкт-Петербург,Потребитель,4.0,3140.89,12563.56,9069.07,3494.49
10549,2024-12-18,Мебель,Москва,Корпоратив,9.0,379.9,3419.1,2699.25,719.85
10550,2023-10-06,Техника,Новосибирск,Потребитель,11.0,802.99,8832.89,6074.99,2757.9
10551,2023-03-20,Техника,Новосибирск,Мелкий опт,4.0,329.53,1318.12,843.58,474.54
10552,2023-10-01,Офис,Москва,Корпоратив,3.0,2144.9,6434.7,3653.07,2781.63
10553,2023-08-28,Дом и сад,Москва,Потребитель,13.0,1539.6,20014.8,13992.66,6022.14
10554,2023-09-13,Мебель,Новосибирск,Потребитель,17.0,504.71,8580.07,6529.03,2051.04
10555,2023-03-16,Мебель,Екатеринбург,Потребитель,4.0,525.4,2101.6,1366.92,734.68
10556,2024-12-04,Дом и сад,Екатеринбург,Мелкий опт,3.0,567.91,1703.73,1291.54,412.19
10557,2024-10-13,Дом и сад,Санкт-Петербург,Корпоратив,3.0,367.6,1102.8,795.86,306.94
10558,2023-03-01,Офис,Екатеринбург,Мелкий опт,23.0,220.6,5073.8,3283.67,1790.13
10559,2023-10-18,Техника,Екатеринбург,Потребитель,0.0,253.76,0.0,0.0,0.0
10560,2023-07-26,Мебель,Санкт-Петербург,Потребитель,18.0,1231.55,22167.9,15780.87,6387.03
10561,2023-04-05,Офис,Санкт-Петербург,Корпоратив,14.0,83.45,1168.3,909.78,258.52
10562,2024-07-21,Техника,Самара,Потребитель,2.0,349.71,699.42,495.78,203.64
10563,2023-06-04,Дом и сад,Екатеринбург,Потребитель,3.0,409.0,1227.0,891.61,335.39
10564,2024-05-17,Техника,Самара,Потребитель,27.0,85.66,2312.82,1502.67,810.15
10565,2023-10-31,Канцелярия,Санкт-Петербург,Потребитель,17.0,1441.23,24500.91,18268.35,6232.56
10566,2024-03-18,Офис,Самара,Потребитель,19.0,198.86,3778.34,2197.72,1580.62
10567,2023-04-05,Мебель,Самара,Потребитель,12.0,1061.6,12739.2,9393.96,3345.24
10568,2024-12-09,Мебель,Самара,Потребитель,,3527.57,74078.97,43903.59,30175.38
10569,2023-05-10,Офис,Новосибирск,Потребитель,31.0,148.38,4599.78,2609.53,1990.25
10570,2023-04-30,Дом и сад,Санкт-Петербург,Корпоратив,3.0,1064.82,3194.46,1816.05,1378.41
10571,2023-08-01,Офис,Санкт-Петербург,Корпоратив,18.0,231.26,4162.68,2576.75,1585.93
10572,2024-08-07,Канцелярия,Санкт-Петербург,Корпоратив,,166.39,3660.58,2241.84,1418.74
10573,2024-03-19,Офис,Санкт-Петербург,Потребитель,3.0,432.67,1298.01,1021.85,276.16
10574,2023-11-22,Офис,Новосибирск,Потребитель,6.0,422.55,2535.3,1534.31,1000.99
10575,2023-09-15,Дом и сад,Екатеринбург,Потребитель,3.0,1852.34,5557.02,3440.3,2116.72
10576,2023-11-30,Дом и сад,Москва,Потребитель,1.0,381.17,381.17,212.36,168.81
10577,2024-04-01,Канцелярия,Москва,Потребитель,5.0,893.71,4468.55,2550.89,1917.66
10578,2024-01-22,Офис,Екатеринбург,Потребитель,21.0,718.05,15079.05,10579.24,4499.81
10579,2023-05-23,Офис,Самара,Мелкий опт,18.0,804.2,14475.6,8181.71,6293.89
10580,2023-12-05,Канцелярия,Санкт-Петербург,Мелкий опт,10.0,416.74,4167.4,2619.89,1547.51
10581,2023-04-26,Техника,Самара,Потребитель,15.0,271.13,4066.95,3183.42,883.53
10582,2024-03-16,Мебель,Екатеринбург,Потребитель,16.0,1369.33,21909.28,12537.07,9372.21
10583,2024-03-23,Канцелярия,Самара,Потребитель,2.0,945.37,1890.74,1372.71,518.03
10584,2023-07-07,Мебель,Москва,Потребитель,11.0,205.61,2261.71,1671.19,590.52
10585,2024-10-23,Мебель,Новосибирск,Корпоратив,3.0,185.31,555.93,423.14,132.79
10586,2023-04-11,Офис,Санкт-Петербург,Потребитель,4.0,345.27,1381.08,982.89,398.19
10587,2024-03-24,Мебель,Санкт-Петербург,Корпоратив,6.0,988.47,5930.82,3454.61,2476.21
10588,2024-01-19,Мебель,Самара,Корпоратив,21.0,66.38,1393.98,1022.42,371.56
10589,2023-02-16,Дом и сад,Самара,Потребитель,7.0,1389.62,9727.34,6095.79,3631.55
10590,2024-06-11,Мебель,Москва,Корпоратив,4.0,227.22,908.88,569.95,338.93
10591,2024-03-03,Техника,Москва,Мелкий опт,3.0,145.4,436.2,249.5,186.7
10592,2024-03-23,Мебель,Москва,Потребитель,2.0,387.5,775.0,581.49,193.51
10593,2024-08-23,Офис,Санкт-Петербург,Потребитель,1.0,2333.23,2333.23,1432.04,901.19
10594,2024-02-20,Техника,Санкт-Петербург,Потребитель,15.0,854.95,12824.25,7950.39,4873.86
10595,2023-12-02,Дом и сад,Екатеринбург,Мелкий опт,8.0,1475.14,11801.12,6810.54,4990.58
10596,2024-06-15,Канцелярия,Екатеринбург,Потребитель,32.0,192.26,6152.32,4674.04,1478.28
10597,2024-01-03,Техника,Новосибирск,Мелкий опт,4.0,87.09,348.36,277.78,70.58
10598,2023-01-21,Мебель,Москва,Корпоратив,45.0,383.71,17266.95,12445.05,4821.9
10599,2023-02-28,Канцелярия,Самара,Мелкий опт,2.0,231.25,462.5,347.02,115.48
10600,2024-05-16,Канцелярия,Москва,Потребитель,41.0,108.21,4436.61,2492.77,1943.84
10601,2023-11-09,Дом и сад,Самара,Корпоратив,9.0,465.78,4192.02,2877.45,1314.57
10602,2024-11-04,Дом и сад,Санкт-Петербург,Корпоратив,3.0,103.46,310.38,184.05,126.33
10603,2023-03-29,Офис,Новосибирск,Потребитель,3.0,541.15,1623.45,1188.46,434.99
10604,2023-02-16,Офис,Москва,Мелкий опт,49.0,234.66,11498.34,7503.76,3994.58
10605,2023-04-24,Канцелярия,Санкт-Петербург,Мелкий опт,16.0,534.2,8547.2,5809.46,2737.74
10606,2024-02-24,Канцелярия,Москва,Потребитель,7.0,185.73,1300.11,751.83,548.28
10607,2024-05-18,Дом и сад,Санкт-Петербург,Потребитель,5.0,293.06,1465.3,936.59,528.71
10608,2024-10-23,Канцелярия,Самара,Корпоратив,10.0,210.58,2105.8,1637.65,468.15
10609,2024-03-31,Дом и сад,Самара,Потребитель,6.0,403.01,2418.06,1333.21,1084.85
10610,2024-01-30,Техника,Екатеринбург,Мелкий опт,2.0,464.14,928.28,562.08,366.2
10611,2024-09-29,Канцелярия,Самара,Потребитель,47.0,797.47,37481.09,29863.76,7617.33
10612,2023-11-24,Офис,Екатеринбург,Потребитель,6.0,537.32,3223.92,1862.0,1361.92
10613,2024-06-23,Дом и сад,Санкт-Петербург,Корпоратив,24.0,509.55,12229.2,8254.9,3974.3
10614,2024-05-08,Дом и сад,Новосибирск,Потребитель,4.0,92.42,369.68,265.77,103.91
10615,2023-11-03,Дом и сад,Самара,Мелкий опт,14.0,1467.45,20544.3,14705.06,5839.24
10616,2024-07-13,Техника,Самара,Мелкий опт,8.0,344.43,2755.44,1737.89,1017.55
10617,2023-04-18,Канцелярия,Санкт-Петербург,Потребитель,4.0,1974.89,7899.56,5905.09,1994.47
10618,2024-10-18,Мебель,Москва,Потребитель,2.0,146.27,292.54,173.04,119.5
10619,2023-10-01,Техника,Екатеринбург,Потребитель,1.0,396.03,396.03,302.61,93.42
10620,2024-01-28,Дом и сад,Санкт-Петербург,Корпоратив,5.0,345.09,1725.45,1041.35,684.1
10621,2023-06-13,Дом и сад,Екатеринбург,Потребитель,1.0,285.44,285.44,218.27,67.17
10622,2023-11-30,Дом и сад,Санкт-Петербург,Потребитель,9.0,669.61,6026.49,4683.18,1343.31
10623,2023-07-19,Дом и сад,Москва,Корпоратив,8.0,448.7,3589.6,2428.2,1161.4
10624,2024-10-20,Дом и сад,Новосибирск,Потребитель,15.0,1435.54,21533.1,13116.63,8416.47
10625,2024-01-16,Техника,Новосибирск,Потребитель,26.0,745.3,19377.8,11572.77,7805.03
10626,2024-01-24,Канцелярия,Екатеринбург,Потребитель,3.0,858.64,2575.92,1770.6,805.32
10627,2023-09-17,Техника,Москва,Корпоратив,11.0,719.03,7909.33,4992.29,2917.04
10628,2024-11-15,Дом и сад,Самара,Потребитель,63.0,108.97,6865.11,4746.26,2118.85
10629,2024-07-07,Офис,Самара,Потребитель,10.0,818.93,8189.3,6279.4,1909.9
10630,2023-05-24,Офис,Москва,Корпоратив,2.0,980.33,1960.66,1356.22,604.44
10631,2024-10-31,Дом и сад,Москва,Потребитель,24.0,464.35,11144.4,7653.26,3491.14
10632,2023-12-17,Дом и сад,Москва,Потребитель,22.0,501.4,11030.8,6267.66,4763.14
10633,2023-02-18,Дом и сад,Санкт-Петербург,Мелкий опт,4.0,536.48,2145.92,1207.86,938.06
10634,2024-10-19,Канцелярия,Екатеринбург,Корпоратив,8.0,919.6,7356.8,4811.25,2545.55
10635,2024-12-16,Мебель,Екатеринбург,Корпоратив,5.0,344.74,1723.7,984.66,739.04
10636,2024-10-01,Техника,Санкт-Петербург,Корпоратив,5.0,809.32,4046.6,2406.32,1640.28
10637,2023-10-07,Мебель,Екатеринбург,Потребитель,6.0,514.96,3089.76,1970.66,1119.1
10638,2023-11-30,Дом и сад,Екатеринбург,Потребитель,9.0,288.82,2599.38,1465.09,1134.29
10639,2023-06-29,Офис,Самара,Корпоратив,34.0,221.24,7522.16,4342.5,3179.66
10640,2024-09-08,Дом и сад,Новосибирск,Корпоратив,2.0,267.1,534.2,310.04,224.16
10641,2024-02-02,Офис,Самара,Корпоратив,2.0,94.89,189.78,132.73,57.05
10642,2023-05-24,Офис,Москва,Потребитель,10.0,295.37,2953.7,1996.79,956.91
10643,2023-07-28,Дом и сад,Самара,Потребитель,14.0,248.54,3479.56,2563.52,916.04
10644,2024-11-16,Канцелярия,Санкт-Петербург,Потребитель,6.0,161.24,967.44,656.36,311.08
10645,2023-12-21,Офис,Новосибирск,Потребитель,5.0,1161.98,5809.9,3740.6,2069.3
10646,2024-07-23,Офис,Екатеринбург,Мелкий опт,29.0,178.21,5168.09,2932.05,2236.04
10647,2024-09-02,Офис,Екатеринбург,Корпоратив,7.0,653.06,4571.42,2525.1,2046.32
10648,2023-07-24,Мебель,Москва,Корпоратив,1.0,377.83,377.83,300.33,77.5
10649,2023-07-16,Канцелярия,Москва,Потребитель,4.0,374.72,1498.88,920.14,578.74
10650,2023-04-30,Дом и сад,Санкт-Петербург,Корпоратив,24.0,1476.78,35442.72,22185.99,13256.73
10651,2024-11-12,Техника,Екатеринбург,Корпоратив,25.0,548.66,13716.5,10593.56,3122.94
10652,2023-03-26,Техника,Екатеринбург,Корпоратив,22.0,180.29,3966.38,2532.87,1433.51
10653,2024-06-20,Мебель,Москва,Корпоратив,9.0,601.49,5413.41,3827.6,1585.81
10654,2023-07-03,Канцелярия,Новосибирск,Корпоратив,173.0,229.15,39642.95,23360.2,16282.75
10655,2023-06-11,Канцелярия,Самара,Потребитель,13.0,363.61,4726.93,3422.85,1304.08
10656,2024-12-20,Дом и сад,Екатеринбург,Мелкий опт,1.0,163.67,163.67,116.52,47.15
10657,2024-03-12,Офис,Самара,Потребитель,16.0,64.29,1028.64,638.1,390.54
10658,2024-10-24,Офис,Новосибирск,Потребитель,,1077.67,3233.01,1854.37,1378.64
10659,2024-08-20,Канцелярия,Новосибирск,Корпоратив,5.0,281.64,1408.2,848.67,559.53
10660,2023-10-01,Мебель,Новосибирск,Потребитель,4.0,207.56,830.24,585.36,244.88
10661,2024-03-25,Дом и сад,Екатеринбург,Потребитель,11.0,253.2,2785.2,1683.98,1101.22
10662,2023-10-04,Мебель,Новосибирск,Потребитель,23.0,643.93,14810.39,9074.49,5735.9
10663,2024-01-07,Канцелярия,Самара,Потребитель,6.0,338.27,2029.62,1213.41,816.21
10664,2023-11-24,Офис,Самара,Потребитель,25.0,374.38,9359.5,5286.28,4073.22
10665,2023-07-25,Дом и сад,Санкт-Петербург,Потребитель,6.0,829.73,4978.38,3250.14,1728.24
10666,2023-08-05,Канцелярия,Самара,Потребитель,17.0,1774.86,30172.62,17880.65,12291.97
10667,2023-02-07,Дом и сад,Самара,Потребитель,28.0,352.77,9877.56,7602.43,2275.13
10668,2024-03-21,Дом и сад,Санкт-Петербург,Мелкий опт,9.0,497.04,4473.36,2668.49,1804.87
10669,2024-12-26,Дом и сад,Екатеринбург,Корпоратив,1.0,217.79,217.79,166.64,51.15
10670,2024-06-26,Дом и сад,Екатеринбург,Мелкий опт,2.0,97.61,195.22,128.68,66.54
10671,2023-10-22,Техника,Санкт-Петербург,Потребитель,0.0,755.63,0.0,0.0,0.0
10672,2024-07-04,Техника,Новосибирск,Потребитель,20.0,1523.95,30479.0,18962.7,11516.3
10673,2024-01-16,Канцелярия,Москва,Потребитель,5.0,297.56,1487.8,1158.17,329.63
10674,2024-05-23,Техника,Самара,Корпоратив,9.0,1140.59,10265.31,7268.83,2996.48
10675,2023-11-01,Дом и сад,Москва,Потребитель,6.0,501.07,3006.42,2011.25,995.17
10676,2023-01-09,Дом и сад,Новосибирск,Потребитель,4.0,349.84,1399.36,791.28,608.08
10677,2023-04-10,Канцелярия,Самара,Потребитель,4.0,182.12,728.48,567.48,161.0
10678,2023-10-13,Канцелярия,Новосибирск,Потребитель,18.0,261.11,4699.98,2955.03,1744.95
10679,2024-04-24,Канцелярия,Новосибирск,Потребитель,19.0,658.0,12502.0,7043.64,5458.36
10680,2024-10-24,Офис,Новосибирск,Мелкий опт,9.0,1145.99,10313.91,5762.69,4551.22
10681,2023-10-31,Дом и сад,Москва,Потребитель,10.0,781.58,7815.8,4937.41,2878.39
10682,2024-01-02,Офис,Самара,Потребитель,12.0,119.98,1439.76,1124.48,315.28
10683,2023-08-03,Дом и сад,Санкт-Петербург,Мелкий опт,9.0,361.46,3253.14,2486.19,766.95
10684,2024-09-04,Канцелярия,Екатеринбург,Корпоратив,32.0,737.23,23591.36,13027.75,10563.61
10685,2023-06-29,Канцелярия,Самара,Корпоратив,4.0,571.65,2286.6,1789.08,497.52
10686,2024-01-10,Офис,Санкт-Петербург,Мелкий опт,14.0,495.13,6931.82,3853.23,3078.59
10687,2024-07-02,Дом и сад,Санкт-Петербург,Корпоратив,33.0,258.53,8531.49,5497.77,3033.72
10688,2023-05-15,Канцелярия,Москва,Потребитель,5.0,315.71,1578.55,1222.75,355.8
10689,2023-12-30,Дом и сад,Самара,Мелкий опт,2.0,652.35,-1.0,740.33,564.37
10690,2024-04-19,Дом и сад,Москва,Корпоратив,12.0,454.67,5456.04,4118.32,1337.72
10691,2024-10-18,Дом и сад,Екатеринбург,Мелкий опт,17.0,9184.3,156133.1,113880.7,42252.4
10692,2023-05-04,Канцелярия,Москва,Корпоратив,6.0,274.41,1646.46,1217.79,428.67
10693,2023-10-24,Мебель,Москва,Потребитель,19.0,853.23,16211.37,12358.68,3852.69
10694,2023-05-31,Дом и сад,Санкт-Петербург,Потребитель,3.0,146.02,438.06,271.37,166.69
10695,2024-03-19,Дом и сад,Самара,Потребитель,80.0,723.88,57910.4,43070.89,14839.51
10696,2023-01-22,Канцелярия,Санкт-Петербург,Корпоратив,19.0,152.28,2893.32,1990.81,902.51
10697,2024-06-12,Мебель,Санкт-Петербург,Потребитель,12.0,405.4,4864.8,3423.16,1441.64
10698,2023-11-01,Канцелярия,Санкт-Петербург,Мелкий опт,10.0,673.16,6731.6,4352.67,2378.93
10699,2024-05-29,Техника,Екатеринбург,Корпоратив,12.0,270.86,3250.32,2519.41,730.91
10700,2023-12-15,Мебель,Екатеринбург,Потребитель,2.0,387.49,774.98,578.19,196.79
10701,2024-01-30,Офис,Москва,Потребитель,2.0,368.25,736.5,493.03,243.47
10702,2023-01-29,Дом и сад,Самара,Потребитель,3.0,315.1,945.3,533.66,411.64
10703,2023-12-08,Канцелярия,Новосибирск,Корпоратив,7.0,1179.93,8259.51,5762.13,2497.38
10704,2023-12-27,Канцелярия,Москва,Потребитель,6.0,1956.48,11738.88,9322.01,2416.87
10705,2023-07-06,Канцелярия,Новосибирск,Мелкий опт,33.0,498.2,16440.6,10050.37,6390.23
10706,2023-06-15,Канцелярия,Санкт-Петербург,Потребитель,10.0,794.52,7945.2,6210.15,1735.05
10707,2024-02-25,Канцелярия,Екатеринбург,Потребитель,3.0,320.68,962.04,675.23,286.81
10708,2024-10-17,Офис,Санкт-Петербург,Потребитель,9.0,187.8,1690.2,965.63,724.57
10709,2023-09-01,Канцелярия,Самара,Корпоратив,14.0,305.75,4280.5,2599.84,1680.66
10710,2024-02-02,Канцелярия,Санкт-Петербург,Корпоратив,11.0,4587.19,50459.09,37616.58,12842.51
10711,2024-06-19,Канцелярия,Новосибирск,Корпоратив,2.0,688.53,1377.06,949.26,427.8
10712,2024-12-23,Канцелярия,Санкт-Петербург,Потребитель,4.0,504.47,2017.88,1232.1,785.78
10713,2023-02-14,Офис,Москва,Потребитель,2.0,656.0,1312.0,807.51,504.49
10714,2023-06-19,Техника,Самара,Потребитель,10.0,258.99,2589.9,1974.59,615.31
10715,2023-05-16,Канцелярия,Екатеринбург,Потребитель,2.0,63.95,127.9,88.99,38.91
10716,2024-09-20,Офис,Москва,Корпоратив,49.0,317.53,15558.97,10174.41,5384.56
10717,2023-06-24,Канцелярия,Москва,Корпоратив,19.0,145.77,2769.63,1816.97,952.66
10718,2023-06-21,Дом и сад,Екатеринбург,Потребитель,12.0,362.56,4350.72,2414.2,1936.52
10719,2023-09-15,Офис,Москва,Потребитель,12.0,539.86,6478.32,4338.91,2139.41
10720,2024-11-02,Офис,Москва,Корпоратив,20.0,126.17,2523.4,1607.78,915.62
10721,2023-05-08,Дом и сад,Новосибирск,Потребитель,4.0,334.92,1339.68,1000.11,339.57
10722,2024-06-09,Канцелярия,Самара,Корпоратив,10.0,1927.9,19279.0,11515.83,7763.17
10723,2023-11-09,Канцелярия,Санкт-Петербург,Корпоратив,6.0,443.34,2660.04,1934.74,725.3
10724,2023-02-19,Офис,Самара,Потребитель,15.0,507.09,7606.35,4958.36,2647.99
10725,2024-03-12,Канцелярия,Москва,Корпоратив,7.0,464.86,3254.02,2029.02,1225.0
10726,2023-06-20,Офис,Москва,Потребитель,9.0,614.3,5528.7,3729.4,1799.3
10727,2024-02-06,Дом и сад,Москва,Потребитель,14.0,1292.52,18095.28,12750.42,5344.86
10728,2024-08-07,Дом и сад,Екатеринбург,Потребитель,16.0,207.61,3321.76,1827.03,1494.73
10729,2024-04-20,Дом и сад,Самара,Потребитель,5.0,1042.04,5210.2,3664.33,1545.87
10730,2023-06-21,Техника,Санкт-Петербург,Потребитель,8.0,1258.7,10069.6,7429.06,2640.54
10731,2023-07-09,Дом и сад,Самара,Корпоратив,113.0,2220.02,250862.26,187670.87,63191.39
10732,2024-12-27,Канцелярия,Санкт-Петербург,Корпоратив,35.0,698.65,24452.75,15675.53,8777.22
10733,2024-11-19,Дом и сад,Екатеринбург,Корпоратив,17.0,283.62,4821.54,3604.23,1217.31
10734,2024-11-25,Канцелярия,Екатеринбург,Потребитель,8.0,895.53,7164.24,5189.64,1974.6
10735,2024-06-03,Дом и сад,Екатеринбург,Потребитель,11.0,145.58,1601.38,1197.98,403.4
10736,2024-03-27,Канцелярия,Санкт-Петербург,Потребитель,5.0,233.89,1169.45,901.99,267.46
10737,2024-02-22,Техника,Москва,Корпоратив,24.0,477.09,11450.16,6974.87,4475.29
10738,2023-02-19,Офис,Екатеринбург,Потребитель,6.0,168.13,1008.78,621.12,387.66
10739,2024-02-14,Офис,Москва,Корпоратив,21.0,264.25,5549.25,3396.51,2152.74
10740,2024-12-31,Мебель,Санкт-Петербург,Потребитель,24.0,151.02,3624.48,2733.74,890.74
10741,2023-04-23,Мебель,Новосибирск,Потребитель,16.0,147.24,2355.84,1769.19,586.65
10742,2023-03-04,Техника,Самара,Корпоратив,7.0,521.28,3648.96,2905.79,743.17
10743,2024-09-08,Дом и сад,Новосибирск,Потребитель,30.0,1217.75,36532.5,22126.59,14405.91
10744,2024-03-07,Канцелярия,Екатеринбург,Мелкий опт,21.0,154.95,3253.95,2527.59,726.36
10745,2024-11-28,Дом и сад,Москва,Мелкий опт,72.0,441.81,31810.32,18693.0,13117.32
10746,2024-06-03,Канцелярия,Санкт-Петербург,Корпоратив,13.0,442.85,5757.05,4327.86,1429.19
10747,2024-10-19,Мебель,Самара,Корпоратив,12.0,486.01,5832.12,4473.76,1358.36
10748,2024-09-26,Канцелярия,Самара,Потребитель,7.0,225.29,1577.03,1089.87,487.16
10749,2023-07-06,Мебель,Екатеринбург,Потребитель,3.0,2183.83,6551.49,5210.44,1341.05
10750,2024-01-06,Офис,Новосибирск,Корпоратив,5.0,1268.08,6340.4,3893.07,2447.33
10751,2023-03-13,Техника,Москва,Корпоратив,18.0,161.87,2913.66,2295.6,618.06
10752,2023-04-16,Мебель,Санкт-Петербург,Мелкий опт,13.0,241.76,3142.88,1860.49,1282.39
10753,2024-02-29,Мебель,Санкт-Петербург,Потребитель,17.0,1273.58,21650.86,12846.24,8804.62
10754,2023-12-26,Дом и сад,Москва,Потребитель,16.0,567.86,9085.76,6035.65,3050.11
10755,2024-11-26,Дом и сад,Самара,Потребитель,5.0,537.3,2686.5,2034.69,651.81
10756,2023-04-24,Техника,Москва,Корпоратив,2.0,382.62,765.24,447.71,317.53
10757,2024-10-09,Офис,Екатеринбург,Потребитель,6.0,1167.12,7002.72,5316.02,1686.7
10758,2023-02-02,Мебель,Санкт-Петербург,Потребитель,2.0,372.59,745.18,429.79,315.39
10759,2024-01-02,Дом и сад,Новосибирск,Корпоратив,3.0,661.4,1984.2,1358.64,625.56
10760,2024-11-05,Техника,Санкт-Петербург,Потребитель,7.0,354.59,2482.13,1587.37,894.76
10761,2024-10-01,Дом и сад,Санкт-Петербург,Потребитель,5.0,92.75,463.75,344.88,118.87
10762,2024-01-19,Дом и сад,Санкт-Петербург,Потребитель,8.0,294.16,2353.28,1536.21,817.07
10763,2023-09-20,Мебель,Новосибирск,Корпоратив,5.0,983.91,4919.55,3314.89,1604.66
10764,2024-05-01,Канцелярия,Самара,Потребитель,2.0,844.61,1689.22,940.81,748.41
10765,2023-08-23,Мебель,Санкт-Петербург,Потребитель,36.0,1480.46,53296.56,41825.13,11471.43
10766,2023-11-25,Техника,Екатеринбург,Потребитель,30.0,578.74,17362.2,11620.53,5741.67
10767,2023-06-27,Дом и сад,Новосибирск,Корпоратив,87.0,369.2,32120.4,17894.85,14225.55
10768,2024-02-21,Офис,Самара,Потребитель,17.0,330.09,5611.53,3140.29,2471.24
10769,2023-12-30,Канцелярия,Екатеринбург,Потребитель,6.0,245.64,1473.84,1115.84,358.0
10770,2023-10-03,Канцелярия,Москва,Корпоратив,3.0,1297.37,3892.11,2346.35,1545.76
10771,2023-06-05,Канцелярия,Санкт-Петербург,Потребитель,8.0,362.31,2898.48,2206.25,692.23
10772,2024-04-05,Техника,Санкт-Петербург,Потребитель,5.0,1145.72,5728.6,3164.86,2563.74
10773,2023-04-14,Канцелярия,Москва,Корпоратив,1.0,248.52,248.52,164.48,84.04
10774,2024-11-13,Мебель,Санкт-Петербург,Потребитель,26.0,111.36,2895.36,1924.14,971.22
10775,2023-11-30,Канцелярия,Екатеринбург,Потребитель,14.0,666.15,9326.1,5995.55,3330.55
10776,2024-11-30,Мебель,Москва,Корпоратив,11.0,530.31,5833.41,3565.95,2267.46
10777,2024-02-19,Офис,Новосибирск,Корпоратив,26.0,575.65,14966.9,9688.34,5278.56
10778,2024-02-15,Канцелярия,Екатеринбург,Потребитель,7.0,1166.76,8167.32,5519.3,2648.02
10779,2023-12-06,Дом и сад,Самара,Потребитель,63.0,961.36,60565.68,37834.74,22730.94
10780,2023-11-07,Дом и сад,Самара,Потребитель,2.0,138.76,277.52,204.62,72.9
10781,2023-03-17,Мебель,Екатеринбург,Корпоратив,9.0,505.01,4545.09,2938.56,1606.53
10782,2023-01-05,Офис,Самара,Мелкий опт,16.0,498.74,7979.84,4879.46,3100.38
10783,2023-12-16,Техника,Екатеринбург,Потребитель,,632.18,8850.52,6311.03,2539.49
10784,2023-12-07,Офис,Самара,Потребитель,10.0,262.53,2625.3,1533.74,1091.56
10785,2023-11-27,Техника,Новосибирск,Потребитель,3.0,301.9,905.7,584.28,321.42
10786,2024-11-07,Канцелярия,Самара,Потребитель,140.0,242.01,33881.4,26163.62,7717.78
10787,2023-01-28,Техника,Екатеринбург,Корпоратив,9.0,1230.38,11073.42,8825.84,2247.58
10788,2024-01-17,Дом и сад,Новосибирск,Потребитель,14.0,538.73,7542.22,5488.08,2054.14
10789,2024-03-14,Канцелярия,Новосибирск,Потребитель,3.0,478.04,1434.12,899.89,534.23
10790,2023-12-30,Канцелярия,Екатеринбург,Потребитель,2.0,547.58,1095.16,766.22,328.94
10791,2023-04-08,Техника,Москва,Корпоратив,2.0,618.46,1236.92,681.62,555.3
10792,2024-11-24,Техника,Екатеринбург,Потребитель,2.0,557.66,1115.32,720.27,395.05
10793,2024-10-17,Офис,Екатеринбург,Потребитель,5.0,260.95,1304.75,979.51,325.24
10794,2023-11-29,Техника,Самара,Потребитель,1.0,1584.14,1584.14,1001.81,582.33
10795,2024-01-19,Техника,Екатеринбург,Потребитель,28.0,844.69,23651.32,17095.35,6555.97
10796,2024-05-23,Техника,Екатеринбург,Корпоратив,68.0,464.61,31593.48,25053.0,6540.48
10797,2024-04-24,Дом и сад,Самара,Мелкий опт,23.0,775.63,17839.49,11789.07,6050.42
10798,2024-11-19,Канцелярия,Москва,Корпоратив,1.0,626.88,626.88,413.32,213.56
10799,2024-01-20,Дом и сад,Самара,Потребитель,2.0,657.74,1315.48,900.68,414.8
10800,2024-02-10,Дом и сад,Москва,Мелкий опт,1.0,479.38,479.38,325.1,154.28
10801,2024-08-15,Офис,Екатеринбург,Потребитель,1.0,1023.62,1023.62,807.3,216.32
10802,2024-03-14,Мебель,Самара,Мелкий опт,21.0,800.47,16809.87,11131.39,5678.48
10803,2023-03-13,Мебель,Санкт-Петербург,Потребитель,7.0,2131.73,14922.11,10522.57,4399.54
10804,2023-09-25,Техника,Санкт-Петербург,Корпоратив,3.0,216.06,648.18,498.8,149.38
10805,2023-12-10,Техника,Новосибирск,Потребитель,3.0,2176.63,6529.89,4174.57,2355.32
10806,2023-05-17,Канцелярия,Москва,Потребитель,9.0,703.73,6333.57,4371.93,1961.64
10807,2024-08-05,Канцелярия,Екатеринбург,Мелкий опт,6.0,1072.69,6436.14,4841.51,1594.63
10808,2023-04-17,Канцелярия,Самара,Корпоратив,15.0,236.99,3554.85,2566.09,988.76
10809,2023-10-16,Техника,Новосибирск,Потребитель,12.0,771.34,9256.08,5694.04,3562.04
10810,2024-10-19,Дом и сад,Самара,Корпоратив,3.0,210.45,631.35,407.93,223.42
10811,2024-01-18,Техника,Санкт-Петербург,Потребитель,4.0,342.1,1368.4,849.61,518.79
10812,2024-02-28,Офис,Екатеринбург,Корпоратив,9.0,237.97,2141.73,1619.29,522.44
10813,2023-02-09,Мебель,Самара,Корпоратив,5.0,200.46,1002.3,606.55,395.75
10814,2023-08-18,Офис,Екатеринбург,Корпоратив,4.0,402.18,1608.72,1203.82,404.9
10815,2024-10-15,Офис,Москва,Потребитель,2.0,428.69,857.38,576.75,280.63
10816,2023-08-06,Техника,Москва,Потребитель,3.0,580.35,1741.05,1294.02,447.03
10817,2024-04-10,Техника,Екатеринбург,Потребитель,3.0,240.55,721.65,569.86,151.79
10818,2023-10-13,Техника,Москва,Корпоратив,8.0,278.2,2225.6,1614.21,611.39
10819,2023-04-06,Канцелярия,Санкт-Петербург,Корпоратив,7.0,216.48,1515.36,1029.42,485.94
10820,2024-02-26,Канцелярия,Санкт-Петербург,Корпоратив,34.0,232.41,7901.94,5335.14,2566.8
10821,2024-12-02,Офис,Санкт-Петербург,Потребитель,10.0,1283.74,12837.4,9611.35,3226.05
10822,2023-11-19,Дом и сад,Новосибирск,Потребитель,12.0,321.75,3861.0,2346.42,1514.58
10823,2024-06-30,Дом и сад,Новосибирск,Потребитель,2.0,295.03,590.06,337.21,252.85
10824,2024-11-06,Дом и сад,Самара,Потребитель,1.0,519.71,519.71,294.44,225.27
10825,2023-04-27,Дом и сад,Новосибирск,Потребитель,7.0,212.54,1487.78,1011.63,476.15
10826,2023-09-13,Офис,Екатеринбург,Корпоратив,6.0,1694.15,10164.9,7740.63,2424.27
10827,2023-06-18,Техника,Москва,Корпоратив,15.0,655.37,9830.55,6476.61,3353.94
10828,2024-04-27,Дом и сад,Москва,Потребитель,12.0,1024.85,12298.2,8837.76,3460.44
10829,2023-07-31,Техника,Новосибирск,Потребитель,10.0,329.03,3290.3,2592.36,697.94
10830,2024-06-10,Техника,Самара,Потребитель,5.0,223.38,1116.9,663.65,453.25
10831,2024-06-10,Мебель,Москва,Потребитель,37.0,798.11,29530.07,19709.04,9821.03
10832,2023-11-04,Офис,Санкт-Петербург,Потребитель,2.0,624.84,1249.68,730.39,519.29
10833,2024-03-13,Дом и сад,Новосибирск,Потребитель,3.0,884.22,2652.66,1564.88,1087.78
10834,2024-11-19,Офис,Самара,Мелкий опт,8.0,477.91,3823.28,2936.94,886.34
10835,2024-08-18,Мебель,Самара,Корпоратив,21.0,252.1,5294.1,3839.28,1454.82
10836,2024-07-03,Техника,Самара,Корпоратив,12.0,692.58,8310.96,5089.26,3221.7
10837,2023-10-18,Канцелярия,Самара,Потребитель,7.0,215.86,1511.02,1050.59,460.43
10838,2023-10-29,Канцелярия,Екатеринбург,Потребитель,7.0,727.41,5091.87,3430.04,1661.83
10839,2024-03-12,Мебель,Новосибирск,Потребитель,12.0,164.86,1978.32,1312.37,665.95
10840,2023-12-14,Канцелярия,Санкт-Петербург,Корпоратив,35.0,174.43,6105.05,3888.7,2216.35
10841,2024-12-28,Канцелярия,Екатеринбург,Корпоратив,17.0,148.15,2518.55,1716.48,802.07
10842,2023-09-10,Канцелярия,Новосибирск,Корпоратив,13.0,1027.66,13359.58,9103.99,4255.59
10843,2023-08-08,Дом и сад,Новосибирск,Мелкий опт,10.0,202.86,2028.6,1398.83,629.77
10844,2023-06-25,Мебель,Екатеринбург,Потребитель,13.0,385.28,5008.64,3030.86,1977.78
10845,2024-02-27,Техника,Екатеринбург,Корпоратив,9.0,746.82,6721.38,4160.01,2561.37
10846,2023-05-02,Техника,Санкт-Петербург,Потребитель,3.0,427.66,1282.98,729.58,553.4
10847,2023-12-30,Канцелярия,Санкт-Петербург,Потребитель,22.0,602.31,13250.82,9338.66,3912.16
10848,2024-11-06,Офис,Москва,Мелкий опт,2.0,439.03,878.06,538.73,339.33
10849,2024-03-11,Канцелярия,Москва,Потребитель,13.0,584.53,7598.89,5897.4,1701.49
10850,2023-08-06,Дом и сад,Самара,Потребитель,12.0,288.99,3467.88,2319.59,1148.29
10851,2024-08-22,Канцелярия,Санкт-Петербург,Корпоратив,24.0,174.45,4186.8,2838.51,1348.29
10852,2024-12-30,Техника,Москва,Потребитель,3.0,221.57,664.71,434.99,229.72
10853,2023-01-23,Офис,Новосибирск,Мелкий опт,45.0,897.06,40367.7,28591.32,11776.38
10854,2024-11-14,Канцелярия,Новосибирск,Потребитель,13.0,417.53,5427.89,3162.69,2265.2
10855,2023-03-03,Дом и сад,Самара,Мелкий опт,11.0,146.92,1616.12,1020.65,595.47
10856,2023-12-20,Дом и сад,Екатеринбург,Мелкий опт,41.0,705.92,28942.72,17322.67,11620.05
10857,2023-01-09,Дом и сад,Москва,Мелкий опт,4.0,680.06,2720.24,2003.26,716.98
10858,2024-12-04,Техника,Екатеринбург,Мелкий опт,9.0,1047.32,9425.88,6912.64,2513.24
10859,2024-08-12,Офис,Новосибирск,Потребитель,12.0,150.37,1804.44,1178.0,626.44
10860,2024-08-04,Офис,Москва,Корпоратив,11.0,280.1,3081.1,2426.98,654.12
10861,2024-11-11,Дом и сад,Новосибирск,Корпоратив,5.0,531.81,2659.05,1919.2,739.85
10862,2023-04-05,Мебель,Самара,Корпоратив,11.0,315.37,3469.07,2323.5,1145.57
10863,2023-03-24,Канцелярия,Санкт-Петербург,Корпоратив,3.0,496.19,1488.57,864.13,624.44
10864,2023-03-29,Канцелярия,Москва,Потребитель,11.0,474.87,5223.57,3852.17,1371.4
10865,2023-09-07,Офис,Новосибирск,Потребитель,,1208.23,7249.38,5720.81,1528.57
10866,2024-07-07,Техника,Санкт-Петербург,Корпоратив,4.0,4291.24,17164.96,9450.65,7714.31
10867,2024-10-19,Дом и сад,Санкт-Петербург,Мелкий опт,10.0,380.22,3802.2,2097.6,1704.6
10868,2023-11-16,Техника,Новосибирск,Корпоратив,26.0,773.6,20113.6,15686.31,4427.29
10869,2024-10-13,Канцелярия,Санкт-Петербург,Потребитель,21.0,274.46,5763.66,4461.18,1302.48
10870,2023-09-22,Канцелярия,Самара,Потребитель,5.0,308.89,1544.45,1121.53,422.92
10871,2023-08-10,Дом и сад,Новосибирск,Корпоратив,8.0,662.31,5298.48,3391.92,1906.56
10872,2024-11-09,Мебель,Москва,Потребитель,5.0,919.37,4596.85,2904.65,1692.2
10873,2023-04-28,Техника,Москва,Потребитель,4.0,777.91,3111.64,2170.94,940.7
10874,2023-11-14,Дом и сад,Самара,Корпоратив,4.0,121.15,484.6,296.81,187.79
10875,2024-01-12,Техника,Москва,Потребитель,3.0,254.52,763.56,435.42,328.14
10876,2023-08-21,Офис,Самара,Потребитель,8.0,308.15,2465.2,1437.9,1027.3
10877,2023-08-30,Канцелярия,Самара,Мелкий опт,4.0,850.6,3402.4,2616.3,786.1
10878,2023-06-25,Канцелярия,Самара,Потребитель,14.0,153.13,2143.82,1523.14,620.68
10879,2024-04-26,Офис,Новосибирск,Мелкий опт,11.0,398.7,4385.7,3499.1,886.6
10880,2023-09-28,Мебель,Самара,Потребитель,25.0,496.51,12412.75,8361.81,4050.94
10881,2023-05-20,Канцелярия,Екатеринбург,Корпоратив,3.0,1303.14,3909.42,2312.94,1596.48
10882,2023-09-13,Офис,Екатеринбург,Корпоратив,1.0,1261.24,1261.24,797.31,463.93
10883,2023-07-29,Канцелярия,Новосибирск,Потребитель,14.0,226.11,3165.54,1895.79,1269.75
10884,2023-03-26,Офис,Новосибирск,Корпоратив,9.0,666.14,5995.26,4030.0,1965.26
10885,2024-08-26,Офис,Самара,Мелкий опт,7.0,216.75,1517.25,914.11,603.14
10886,2024-05-23,Офис,Екатеринбург,Потребитель,7.0,348.16,2437.12,1423.54,1013.58
10887,2024-06-27,Офис,Самара,Корпоратив,12.0,475.86,5710.32,3708.05,2002.27
10888,2024-01-12,Дом и сад,Санкт-Петербург,Потребитель,4.0,1317.21,5268.84,4186.11,1082.73
10889,2023-07-10,Дом и сад,Санкт-Петербург,Потребитель,4.0,268.44,1073.76,716.12,357.64
10890,2024-10-25,Дом и сад,Новосибирск,Корпоратив,9.0,1026.52,9238.68,5436.89,3801.79
10891,2024-11-04,Мебель,Самара,Потребитель,8.0,148.09,1184.72,925.06,259.66
10892,2024-06-05,Канцелярия,Новосибирск,Потребитель,33.0,744.09,24554.97,13509.88,11045.09
10893,2023-06-21,Техника,Екатеринбург,Потребитель,4.0,404.64,1618.56,1274.56,344.0
10894,2023-08-22,Техника,Екатеринбург,Потребитель,3.0,542.14,1626.42,1040.96,585.46
10895,2023-05-07,Офис,Екатеринбург,Потребитель,4.0,1444.37,5777.48,4311.48,1466.0
10896,2023-11-17,Дом и сад,Санкт-Петербург,Мелкий опт,,507.87,19299.06,12562.69,6736.37
10897,2023-02-20,Дом и сад,Самара,Корпоратив,4.0,567.97,2271.88,1329.02,942.86
10898,2024-06-30,Офис,Самара,Корпоратив,26.0,330.38,8589.88,5858.68,2731.2
10899,2024-11-28,Техника,Екатеринбург,Корпоратив,14.0,153.87,2154.18,1433.6,720.58
10900,2024-11-15,Техника,Москва,Потребитель,6.0,231.0,1386.0,889.23,496.77
10901,2023-04-11,Техника,Новосибирск,Потребитель,5.0,93.75,468.75,373.67,95.08
10902,2024-06-28,Техника,Москва,Потребитель,24.0,1070.07,25681.68,18590.88,7090.8
10903,2024-10-29,Мебель,Самара,Мелкий опт,1.0,272.06,272.06,213.52,58.54
10904,2023-12-24,Техника,Санкт-Петербург,Корпоратив,13.0,141.35,1837.55,1220.06,617.49
10905,2023-01-19,Дом и сад,Самара,Потребитель,6.0,188.46,1130.76,713.57,417.19
10906,2024-04-13,Мебель,Москва,Потребитель,3.0,103.26,309.78,228.17,81.61
10907,2024-08-24,Мебель,Санкт-Петербург,Корпоратив,13.0,327.13,4252.69,2925.28,1327.41
10908,2023-07-21,Дом и сад,Самара,Мелкий опт,28.0,314.79,8814.12,6956.11,1858.01
10909,2023-10-16,Мебель,Санкт-Петербург,Корпоратив,10.0,903.09,9030.9,6196.2,2834.7
10910,2024-07-08,Дом и сад,Екатеринбург,Потребитель,2.0,328.96,657.92,367.05,290.87
10911,2023-07-10,Дом и сад,Екатеринбург,Мелкий опт,6.0,340.65,2043.9,1578.81,465.09
10912,2024-09-12,Офис,Санкт-Петербург,Потребитель,9.0,216.69,1950.21,1467.47,482.74
10913,2023-12-24,Офис,Москва,Потребитель,3.0,290.1,870.3,629.58,240.72
10914,2023-12-12,Офис,Москва,Потребитель,17.0,251.93,4282.81,2861.05,1421.76
10915,2024-04-20,Офис,Екатеринбург,Мелкий опт,2.0,280.52,561.04,421.63,139.41
10916,2023-01-21,Дом и сад,Екатеринбург,Потребитель,9.0,930.46,8374.14,6168.41,2205.73
10917,2023-03-15,Офис,Новосибирск,Потребитель,5.0,189.61,948.05,607.92,340.13
10918,2024-06-02,Дом и сад,Москва,Потребитель,23.0,269.73,6203.79,4887.73,1316.06
10919,2023-10-25,Канцелярия,Самара,Потребитель,18.0,413.79,7448.22,5616.8,1831.42
10920,2023-07-24,Канцелярия,Москва,Потребитель,4.0,472.32,1889.28,1110.98,778.3
10921,2023-11-16,Дом и сад,Санкт-Петербург,Корпоратив,24.0,184.73,4433.52,2629.37,1804.15
10922,2024-10-15,Офис,Санкт-Петербург,Потребитель,10.0,110.81,1108.1,671.27,436.83
10923,2024-04-06,Дом и сад,Самара,Мелкий опт,11.0,1048.15,11529.65,9084.43,2445.22
10924,2024-04-22,Техника,Екатеринбург,Потребитель,17.0,298.18,5069.06,2933.61,2135.45
10925,2023-12-30,Мебель,Самара,Корпоратив,21.0,1221.02,25641.42,14466.1,11175.32
10926,2024-10-13,Мебель,Санкт-Петербург,Потребитель,15.0,165.78,2486.7,1653.28,833.42
10927,2024-05-16,Канцелярия,Москва,Потребитель,19.0,122.35,2324.65,1695.74,628.91
10928,2023-01-10,Канцелярия,Санкт-Петербург,Корпоратив,5.0,246.44,1232.2,833.87,398.33
10929,2024-10-06,Офис,Москва,Корпоратив,5.0,848.13,4240.65,3104.62,1136.03
10930,2023-09-20,Мебель,Екатеринбург,Мелкий опт,12.0,1097.15,13165.8,7341.4,5824.4
10931,2023-08-06,Дом и сад,Самара,Мелкий опт,6.0,198.24,1189.44,841.43,348.01
10932,2023-08-21,Канцелярия,Екатеринбург,Корпоратив,11.0,199.72,2196.92,1423.95,772.97
10933,2024-03-28,Дом и сад,Санкт-Петербург,Корпоратив,22.0,97.69,2149.18,1338.54,810.64
10934,2023-09-26,Мебель,Самара,Мелкий опт,7.0,502.02,3514.14,2507.26,1006.88
10935,2023-09-10,Дом и сад,Новосибирск,Потребитель,4.0,184.24,736.96,588.21,148.75
10936,2023-08-08,Офис,Самара,Потребитель,29.0,379.94,11018.26,7142.86,3875.4
10937,2024-04-25,Канцелярия,Москва,Корпоратив,11.0,106.55,1172.05,703.9,468.15
10938,2024-09-06,Техника,Самара,Корпоратив,7.0,595.9,4171.3,2479.01,1692.29
10939,2023-04-05,Мебель,Санкт-Петербург,Корпоратив,10.0,434.83,4348.3,3128.72,1219.58
10940,2023-08-02,Канцелярия,Екатеринбург,Корпоратив,22.0,817.38,17982.36,12573.8,5408.56
10941,2023-05-30,Офис,Новосибирск,Потребитель,5.0,267.18,1335.9,894.39,441.51
10942,2023-12-30,Канцелярия,Новосибирск,Потребитель,17.0,447.01,7599.17,4351.37,3247.8
10943,2024-02-18,Канцелярия,Екатеринбург,Потребитель,3.0,719.02,2157.06,1494.53,662.53
10944,2023-07-25,Канцелярия,Екатеринбург,Потребитель,32.0,213.1,6819.2,3768.25,3050.95
10945,2023-05-07,Техника,Санкт-Петербург,Потребитель,19.0,188.05,3572.95,2026.96,1545.99
10946,2023-09-14,Техника,Самара,Корпоратив,6.0,51.15,306.9,238.9,68.0
10947,2023-10-17,Мебель,Новосибирск,Корпоратив,4.0,512.79,2051.16,1628.35,422.81
10948,2024-06-16,Техника,Новосибирск,Корпоратив,31.0,1041.55,32288.05,22615.91,9672.14
10949,2023-09-29,Дом и сад,Екатеринбург,Потребитель,8.0,548.8,4390.4,3175.23,1215.17
10950,2024-11-21,Дом и сад,Санкт-Петербург,Корпоратив,24.0,153.32,3679.68,2633.15,1046.53
10951,2023-11-21,Канцелярия,Санкт-Петербург,Корпоратив,9.0,325.28,2927.52,1731.3,1196.22
10952,2024-05-02,Дом и сад,Москва,Потребитель,4.0,357.26,1429.04,1045.07,383.97
10953,2023-06-17,Канцелярия,Екатеринбург,Мелкий опт,18.0,573.79,10328.22,6386.75,3941.47
10954,2023-09-21,Мебель,Москва,Корпоратив,26.0,555.45,14441.7,8902.39,5539.31
10955,2024-11-17,Канцелярия,Екатеринбург,Потребитель,1.0,766.63,766.63,576.49,190.14
10956,2024-01-17,Мебель,Екатеринбург,Потребитель,10.0,303.05,3030.5,1976.15,1054.35
10957,2024-01-11,Техника,Новосибирск,Потребитель,9.0,678.36,6105.24,4437.9,1667.34
10958,2023-12-12,Канцелярия,Новосибирск,Потребитель,17.0,205.09,3486.53,2518.15,968.38
10959,2023-09-18,Мебель,Екатеринбург,Потребитель,,247.15,1482.9,1077.75,405.15
10960,2024-10-06,Техника,Санкт-Петербург,Корпоратив,2.0,356.85,713.7,484.65,229.05
10961,2023-12-14,Дом и сад,Самара,Корпоратив,3.0,130.57,391.71,248.47,143.24
10962,2023-10-17,Мебель,Самара,Корпоратив,9.0,2586.67,23280.03,18122.6,5157.43
10963,2023-07-29,Офис,Москва,Мелкий опт,3.0,837.34,2512.02,1780.93,731.09
10964,2024-04-13,Канцелярия,Новосибирск,Потребитель,5.0,837.57,4187.85,2717.45,1470.4
10965,2024-05-11,Дом и сад,Самара,Мелкий опт,7.0,705.28,4936.96,3380.47,1556.49
10966,2024-03-03,Дом и сад,Самара,Потребитель,4.0,1318.62,5274.48,2981.16,2293.32
10967,2024-03-30,Канцелярия,Самара,Потребитель,7.0,558.03,3906.21,2183.77,1722.44
10968,2024-09-28,Офис,Санкт-Петербург,Потребитель,4.0,65.31,261.24,168.54,92.7
10969,2023-07-23,Техника,Москва,Потребитель,25.0,1050.22,26255.5,16126.66,10128.84
10970,2024-06-23,Мебель,Самара,Корпоратив,3.0,112.03,336.09,211.7,124.39
10971,2024-02-20,Мебель,Новосибирск,Потребитель,5.0,550.09,2750.45,1517.17,1233.28
10972,2024-07-30,Техника,Екатеринбург,Корпоратив,17.0,177.44,3016.48,1780.37,1236.11
10973,2023-03-13,Техника,Екатеринбург,Потребитель,30.0,409.84,12295.2,8511.9,3783.3
10974,2024-12-13,Офис,Новосибирск,Потребитель,14.0,543.7,7611.8,5211.53,2400.27
10975,2024-09-15,Офис,Москва,Потребитель,5.0,207.8,1039.0,759.25,279.75
10976,2023-05-31,Техника,Санкт-Петербург,Потребитель,8.0,193.92,1551.36,1050.57,500.79
10977,2023-08-02,Техника,Самара,Потребитель,34.0,493.68,16785.12,13071.27,3713.85
10978,2024-05-07,Канцелярия,Новосибирск,Корпоратив,34.0,603.25,20510.5,13247.62,7262.88
10979,2024-01-26,Офис,Санкт-Петербург,Мелкий опт,10.0,1176.21,11762.1,6630.81,5131.29
10980,2024-02-06,Канцелярия,Екатеринбург,Потребитель,12.0,151.2,1814.4,1020.63,793.77
10981,2024-01-16,Канцелярия,Самара,Мелкий опт,33.0,286.23,9445.59,6429.63,3015.96
10982,2024-03-11,Дом и сад,Новосибирск,Потребитель,59.0,99.51,5871.09,4086.21,1784.88
10983,2023-10-06,Дом и сад,Санкт-Петербург,Корпоратив,15.0,253.92,3808.8,2210.23,1598.57
10984,2024-04-18,Дом и сад,Москва,Корпоратив,5.0,121.58,607.9,397.72,210.18
10985,2024-07-02,Офис,Санкт-Петербург,Потребитель,8.0,325.12,2600.96,1824.93,776.03
10986,2024-02-09,Офис,Москва,Потребитель,8.0,243.66,1949.28,1290.94,658.34
10987,2023-09-05,Дом и сад,Новосибирск,Потребитель,4.0,1384.81,5539.24,3418.73,2120.51
10988,2024-02-15,Дом и сад,Москва,Мелкий опт,8.0,141.3,1130.4,899.21,231.19
10989,2024-06-05,Техника,Екатеринбург,Корпоратив,11.0,463.56,5099.16,3718.51,1380.65
10990,2024-12-20,Канцелярия,Москва,Мелкий опт,19.0,350.1,6651.9,4939.28,1712.62
10991,2024-05-04,Офис,Самара,Потребитель,12.0,351.02,4212.24,2469.5,1742.74
10992,2024-12-23,Техника,Москва,Потребитель,1.0,260.54,260.54,152.89,107.65
10993,2024-11-06,Дом и сад,Санкт-Петербург,Потребитель,11.0,98.29,1081.19,641.43,439.76
10994,2023-11-30,Дом и сад,Екатеринбург,Корпоратив,7.0,289.59,2027.13,1196.9,830.23
10995,2023-07-05,Техника,Екатеринбург,Потребитель,16.0,655.67,10490.72,5966.11,4524.61
10996,2024-12-02,Мебель,Екатеринбург,Потребитель,27.0,583.0,15741.0,11378.71,4362.29
10997,2023-04-07,Канцелярия,Новосибирск,Мелкий опт,27.0,242.32,6542.64,3698.26,2844.38
10998,2024-03-11,Офис,Самара,Потребитель,6.0,1079.55,6477.3,4671.23,1806.07
10999,2024-08-12,Мебель,Самара,Мелкий опт,18.0,605.71,10902.78,7518.83,3383.95
11000,2024-04-05,Офис,Екатеринбург,Корпоратив,19.0,581.36,11045.84,7032.17,4013.67
